NumeroPedido;DtHoraPedido;DtHoraIntegracaoERP;Loja-Nome;Cod Loja;Bairro Entrega;CategoriaProduto;FormaPagamento;QTD.Itens;Qtd Unidades Devolvidas;NrItensCancelados;Peso Total (kg);ValorBrutoPedido(R$);Valor Desconto (R$);ValorLiquidoPedido(R$);HouveDesconto;CanalPedido;Dt Separacao Estoque;DtNotaFiscal;Dt_Despacho_Transportadora;DtEntregaCliente;Valor Frete (R$);TransportadoraResponsavel;SituacaoPedido;OBS
PA-2023-00001;09/01/2023 10:07 AM;09/01/2023 10:27 AM;Pata Amiga Santo Amaro da Imperatriz;;Centro;MEDICAMENTO;Debito;7;0;0;7.0;-;R$ 85,28;402,01;true;SITE;2023-09-02;2023-09-02;2023-09-11;2023-09-16;17.88;Logistica Propria;Entregue;embalagem para presente
PA-2023-00003;09/01/2023 10:25 AM;09/01/2023 10:45 AM;Pata Amiga Tubarão;LJ-022;Centro;RACAO;Cartão de Crédito;6;0;0;14,2;1329.79;171,54;R$ 1.158,25;X;SITE;2023-09-02;2023-09-02;2023-09-05;2023-09-06;41,21;Rapido Catarinense;Entregue;conferir endereco com o cliente
PA-2023-00004;09/01/2023 12:00 PM;09/01/2023 03:00 PM;Pata Amiga Chapecó;;Sao Cristovao;ACESSORIO;DINHEIRO;3;N/I;0;11.9;236;R$ 7,35;229,63;SIM;site;2023-09-02;2023-09-03;2023-09-04;2023-09-06;25,01;Correios;Entregue;aguardando confirmacao de estoque
PA-2023-00002;09/01/2023 07:40 PM;09/01/2023 08:30 PM;Pata Amiga Tubarão;LJ-022;Passagem;Servico;Debito;4;0;0;5.8;568.94;73,39;495;X;site;2023-09-02;2023-09-03;2023-09-06;2023-09-08;20,38;Logistica Propria;Entregue;
PA-2023-00015;09/02/2023 03:47 AM;09/02/2023 04:37 AM;PATA AMIGA JOINVILLE SUL;LJ-013;Jarivatuba;racao;Vale Pet;5;;0;13,1;R$ 725,53;140,03;585.50;V;App;2023-09-04;2023-09-05;;;;TransPet Log;Aguardando despacho;conferir endereco com o cliente
PA-2023-00005;09/02/2023 01:38 AM;09/02/2023 04:38 AM;pata amiga blumenau centro;LJ-001;Ribeirao Fresco;Racao Medicamentosa;Cartao de Credito;10;0;0;28.6;853.29;135,67;R$ 717,62;;App Pata Amiga;2023-09-04;2023-09-04;2023-09-08;2023-09-09;R$ 77,47;Rapido Catarinense;Entregue;aguardando confirmacao de estoque
PA-2023-00018;09/02/2023 04:47 AM;09/02/2023 04:57 AM;Pata Amiga Sao Bento do Sul;;Centro;brinquedo;Cartao de Debito;8;0;0;29.9;329,82;63,66;266,16;sim;App;2023-09-03;2023-09-03;2023-09-06;2023-09-08;-;Logistica Propria;Entregue;
PA-2023-00016;09/02/2023 08:35 AM;09/02/2023 08:55 AM;pata amiga joinville sul;LJ-013;Vila Nova;Racao;Pix;5;0;1;9.3;808,96;156,13;R$ 652,83;V;App;2023-09-04;2023-09-04;2023-09-07;2023-09-08;33,63;TransPet Log;Entregue;
PA-2023-00008;09/02/2023 08:55 AM;09/02/2023 09:05 AM;Pata Amiga Rio do Sul;LJ-002;Centro;Ração;boleto;6;0;0;24,5;914;R$ 109,73;804,71;X;App Pata Amiga;2023-09-03;2023-09-03;2023-09-06;2023-09-07;86,86;Entrega Expressa SC;Entregue;
PA-2023-00011;09/02/2023 10:40 AM;09/02/2023 11:00 AM;Pata Amiga Brusque;;;Brinquedo;Cartao de Debito;4;0;0;6,3;176.71;R$ 12,72;163,99;S;loja fisica;;;;;;;Retirada na loja;
PA-2023-00017;09/02/2023 10:25 AM;09/02/2023 11:00 AM;pata amiga joinville sul;LJ-013;Boa Vista;Acessorio;vale pet;1;0;0;1,9;116,47;R$ 22,48;93.99;Sim;Whatsapp;2023-09-03;2023-09-04;2023-09-07;2023-09-10;R$ 9,53;TransPet Log;Entregue;aguardando confirmacao de estoque
PA-2023-00010;09/02/2023 11:15 AM;09/02/2023 11:25 AM;Pata Amiga Itajaí Praia;LJ-003;Sao Vicente;Rac.;DINHEIRO;;;n/d;10.1;862;62;R$ 800,79;Sim;Site;2023-09-04;2023-09-04;2023-09-09;2023-09-11;R$ 33,34;Rapido Catarinense;Entregue;
PA-2023-00019;09/02/2023 10:15 AM;09/02/2023 11:35 AM;PATA AMIGA ITAPOA;LJ-016;;Rac.;dinheiro;1;0;0;3.1;R$ 157,49;30,40;127,09;V;Whatsapp;2023-09-05;;;;;Correios;Aguardando nota fiscal;pedido recorrente
PA-2023-00012;09/02/2023 06:38 AM;09/02/2023 11:38 AM;Pata Amiga Timbo;LJ-005;Araponguinhas;BRINQUEDO;dinheiro;8;0;0;13.4;631;125.70;505,96;1;App Pata Amiga;2023-09-04;2023-09-04;2023-09-06;2023-09-07;22,63;TransPet Log;Entregue;produto fora de linha - substituido
PA-2023-00009;09/02/2023 01:00 PM;09/02/2023 01:20 PM;PATA AMIGA RIO DO SUL;;Budag;Servico;VALE PET;4;;1;11.1;323.58;38.83;284.75;Sim;Site;;;;;;;Pedido cancelado;embalagem para presente
PA-2023-00021;09/02/2023 02:07 PM;09/02/2023 02:42 PM;pata amiga criciuma;LJ-021;Centro;RACAO;Cartão de Crédito;3;0;0;2.5;532,08;0,00;532,08;Nao;LOJA FISICA;;;;;;;Retirada na loja;produto fora de linha - substituido
PA-2023-00007;09/02/2023 07:10 AM;09/02/2023 05:10 PM;pata amiga blumenau centro;;;Rac.;CARTAO DE DEBITO;2;0;0;3.0;197.05;31.33;R$ 165,72;S;LOJA FISICA;;;;;;;Retirada na loja;aguardando confirmacao de estoque
PA-2023-00020;09/02/2023 11:50 AM;09/02/2023 09:50 PM;PATA AMIGA SANTO AMARO DA IMPERATRIZ;;Sul do Rio;Brinquedo;vale pet;2;0;N/I;7.8;120;0,00;120,63;N;site;2023-09-03;2023-09-03;2023-09-09;2023-09-13;R$ 21,70;Entrega Expressa SC;Entregue;
PA-2023-00014;09/02/2023 09:55 PM;09/02/2023 10:30 PM;PATA AMIGA GASPAR;LJ-007;Figueira;Hig.;Vale Pet;5;0;0;4,7;168,32;R$ 26,76;141.56;SIM;app;2023-09-04;2023-09-04;2023-09-09;2023-09-11;19;Rapido Catarinense;Entregue;cliente pediu entrega no periodo da tarde
PA-2023-00013;09/02/2023 11:20 PM;09/02/2023 11:30 PM;Pata Amiga Indaial;LJ-006;Nacoes;Petiscos;Cartao de Debito;8;0;0;24.1;279,01;55,52;;1;app;2023-09-04;2023-09-05;2023-09-08;2023-09-10;;Entrega Expressa SC;Entregue;pedido recorrente
PA-2023-00027;09/03/2023 01:23 AM;09/03/2023 01:33 AM;Pata Amiga Santo Amaro da Imperatriz;LJ-020;Sul do Rio;Servicos;BOLETO;3;0;0;10,7;400,10;0,00;400,10;N;App Pata Amiga;2023-09-06;2023-09-06;2023-09-15;2023-09-18;;Rapido Catarinense;Entregue;
PA-2023-00026;09/03/2023 06:05 AM;09/03/2023 06:15 AM;Pata Amiga Sao Jose Kobrasol/SC;LJ-018;Real Parque;servico;BOLETO;2;;0;1.5;242;0,00;R$ 242,49;Nao;Telefone;2023-09-05;2023-09-05;2023-09-08;2023-09-10;9,05;Correios;Entregue;aguardando confirmacao de estoque
PA-2023-00006;09/02/2023 09:00 PM;09/03/2023 07:00 AM;PATA AMIGA BLUMENAU CENTRO;LJ-001;Velha;Ração Medicamentosa;BOLETO;7;1;0;19.7;992,15;157,75;R$ 834,40;S;WHATSAPP;;;;;;;Pedido cancelado;
PA-2023-00025;09/03/2023 01:47 PM;09/03/2023 01:57 PM;Pata Amiga Jaraguá do Sul;LJ-014;Jaragua Esquerdo;Servico;VALE PET;2;;N/I;8,1;226;0,00;226.12;false;App Pata Amiga;2023-09-04;2023-09-04;2023-09-07;2023-09-09;27,06;Rapido Catarinense;Entregue;embalagem para presente
PA-2023-00028;09/03/2023 02:23 PM;09/03/2023 04:23 PM;PATA AMIGA TUBARAO;;Humaita;Higiene;vale pet;1;0;0;0.9;R$ 57,15;1;55,95;1;Tel.;2023-09-04;2023-09-04;2023-09-06;2023-09-08;6;Rapido Catarinense;Entregue;
PA-2023-00030;09/03/2023 06:05 PM;09/03/2023 06:15 PM;Pata Amiga Chapeco;LJ-029;Centro;BRINQUEDO;DINHEIRO;3;0;;11,4;194,17;12;R$ 181,55;X;app;2023-09-05;2023-09-05;2023-09-06;2023-09-08;42;Logistica Propria;Entregue;aguardando confirmacao de estoque
PA-2023-00029;09/03/2023 07:00 PM;09/03/2023 07:20 PM;Pata Amiga Ararangua;LJ-023;Cidade Alta;Petisco;Cartão de Débito;4;0;0;2.0;204.28;22.06;R$ 182,22;S;WhatsApp;2023-09-04;2023-09-04;2023-09-05;2023-09-07;7.74;Entrega Expressa SC;Entregue;embalagem para presente
PA-2023-00024;09/03/2023 09:05 PM;09/03/2023 10:25 PM;pata amiga joinville sul;LJ-013;Boa Vista;HIGIENE;DINHEIRO;3;0;0;12.3;R$ 115,13;5,76;109,37;SIM;site;2023-09-05;2023-09-05;2023-09-08;2023-09-11;38;Entrega Expressa SC;Entregue;pedido recorrente
PA-2023-00023;09/03/2023 12:47 PM;09/03/2023 10:47 PM; Pata Amiga Gaspar;;Poco Grande;Acessorios;CARTAO DE DEBITO;3;0;0;10.1;R$ 166,05;0.00;R$ 166,05;N;App Pata Amiga;2023-09-05;;;;;Rapido Catarinense;Aguardando nota fiscal;conferir endereco com o cliente
PA-2023-00022;09/03/2023 09:05 PM;09/04/2023 07:05 AM;PATA AMIGA BRUSQUE;LJ-004;Dom Joaquim;Med.;pix;4;0;0;10.6;497;R$ 45,76;451,68;;Telefone;2023-09-05;2023-09-05;2023-09-09;2023-09-11;R$ 40,02;Logistica Propria;Entregue;
PA-2023-00031;09/04/2023 05:52 AM;09/04/2023 07:12 AM;PATA AMIGA BRUSQUE;LJ-004;Santa Terezinha;Hig.;pix;4;0;0;15.2;R$ 160,75;10.93;149,82;SIM;APP;2023-09-05;2023-09-05;2023-09-10;2023-09-11;53,04;TransPet Log;Entregue;aguardando confirmacao de estoque
PA-2023-00032;09/04/2023 07:35 AM;09/04/2023 07:55 AM;PATA AMIGA INDAIAL;;;medicamento;CARTAO DE CREDITO;5;0;0;17.0;510,50;30,63;479,87;sim;Site;2023-09-06;;;;;Logistica Propria;Aguardando nota fiscal;conferir endereco com o cliente
PA-2023-00037;09/04/2023 06:25 AM;09/04/2023 08:25 AM;Pata Amiga Lages;LJ-025;Guarujal;HIGIENE;Debito;3;0;0;5.8;161,09;3,87;157,22;V;App Pata Amiga;2023-09-05;2023-09-05;2023-09-10;2023-09-12;14,16;TransPet Log;Entregue;aguardando confirmacao de estoque
PA-2023-00039;09/04/2023 09:20 AM;09/04/2023 09:30 AM;PATA AMIGA XANXERE;LJ-031;Bela Vista;petisco;Cartão de Débito;5;;0;11.7;161,91;24,93;136.98;Sim;Tel.;2023-09-07;2023-09-07;2023-09-12;2023-09-14;R$ 33,82;TransPet Log;Entregue;conferir endereco com o cliente
PA-2023-00038;09/04/2023 10:30 AM;09/04/2023 10:50 AM;Pata Amiga Concórdia;LJ-030;Centro;Racao Seca;Pix;7;1;0;25.3;1.229,86;189.40;R$ 1.040,46;SIM;site;2023-09-05;;;;;Entrega Expressa SC;Aguardando nota fiscal;
PA-2023-00033;09/04/2023 11:35 AM;09/04/2023 04:35 PM;Pata Amiga São Bento do Sul;LJ-015;Serra Alta;Ração Medicamentosa;PIX;1;0;0;3,0;132,86;;132,86;nao;Telefone;2023-09-06;2023-09-07;2023-09-12;2023-09-14;12,02;Rapido Catarinense;Entregue;embalagem para presente
PA-2023-00036;09/04/2023 06:50 PM;09/04/2023 09:50 PM;pata amiga criciuma;;Sao Luiz;RACAO;Credito;2;;;1,0;350;5.96;;SIM;Loja Física;;;;;;;Retirada na loja;produto fora de linha - substituido
PA-2023-00035;09/04/2023 12:12 PM;09/04/2023 10:12 PM;PATA AMIGA PALHOCA;;Passa Vinte;RACAO;pix;2;0;0;8.3;378,38;0;378.38;Não;Loja Física;;;;;;;Retirada na loja;
PA-2023-00034;09/04/2023 10:23 PM;09/05/2023 03:23 AM;PATA AMIGA ITAPOA;LJ-016;Balneario Itapoa;Ração;CARTAO DE DEBITO;3;0;;12.5;R$ 504,61;0,00;504.61;F;Site;2023-09-06;2023-09-06;2023-09-11;2023-09-12;R$ 23,13;Entrega Expressa SC;Entregue;cliente pediu entrega no periodo da tarde
PA-2023-00041;09/05/2023 11:35 AM;09/05/2023 01:35 PM;Pata Amiga Ibirama/SC;;;Hig.;Cartão de Crédito;4;0;0;15,9;R$ 184,58;R$ 4,98;R$ 179,60;S;app;2023-09-08;2023-09-08;2023-09-14;;;TransPet Log;Despachado - em transito;
PA-2023-00043;09/05/2023 06:00 AM;09/05/2023 04:00 PM;Pata Amiga Palhoça;LJ-019;Pagani;Racao Seca;BOLETO;3;0;0;8.8;408;R$ 12,27;396,71;Sim;telefone;2023-09-06;2023-09-06;2023-09-09;2023-09-12;19.80;TransPet Log;Entregue;aguardando confirmacao de estoque
PA-2023-00045;09/05/2023 12:10 PM;09/05/2023 05:10 PM;pata amiga chapeco;;Passo dos Fortes;Higiene;pix;2;0;0;8,3;110,40;R$ 0,00;110,40;Nao;App Pata Amiga;2023-09-06;;;;;TransPet Log;Aguardando nota fiscal;
PA-2023-00040;09/05/2023 04:45 PM;09/05/2023 06:05 PM;Pata Amiga Presidente Getulio;;Centro;Acessorios;CARTAO DE DEBITO;3;0;0;5.5;249;6;242.50;sim;site;;;;;;;Pedido cancelado;embalagem para presente
PA-2023-00042;09/05/2023 06:07 PM;09/05/2023 06:42 PM;Pata Amiga Jaragua Do Sul;LJ-014;Ilha da Figueira;Serviço;Vale Pet;4;0;n/d;13.0;547,77;R$ 0,00;547.77;Nao;SITE;2023-09-07;2023-09-07;2023-09-10;;;Logistica Propria;Despachado - em transito;
PA-2023-00044;09/05/2023 10:35 PM;09/05/2023 10:55 PM;PATA AMIGA TUBARAO;LJ-022;Humaita;Petiscos;Especie;3;0;0;1.5;68;0,00;68,13;NAO;SITE;2023-09-06;2023-09-07;2023-09-09;;;TransPet Log;Despachado - em transito;
PA-2023-00048;09/06/2023 12:45 AM;09/06/2023 02:05 AM;PATA AMIGA SAO BENTO DO SUL;LJ-015;Serra Alta;Higiene;Cartao de Credito;2;0;0;6.3;104;0,00;R$ 104,07;Nao;app;2023-09-08;;;;;Correios;Aguardando nota fiscal;
PA-2023-00046;09/06/2023 03:07 AM;09/06/2023 04:27 AM; Pata Amiga Blumenau Centro;;Garcia;brinquedo;BOLETO;2;0;0;8.4;R$ 145,95;0,00;145,95;0;LOJA FISICA;;;;;;;Retirada na loja;
PA-2023-00049;09/06/2023 11:12 AM;09/06/2023 01:12 PM;Pata Amiga Araranguá;LJ-023;Urussanguinha;ACESSORIO;Cartão de Débito;2;0;;5.5;R$ 201,96;0.00;R$ 201,96;nao;Site;2023-09-08;2023-09-08;2023-09-09;2023-09-11;19.71;TransPet Log;Entregue;
PA-2023-00047;09/06/2023 04:45 AM;09/06/2023 02:45 PM;PATA AMIGA ITAJAÍ PRAIA;;Cabecudas;RACAO;PIX;2;0;0;8,4;R$ 247,61;R$ 0,00;247,61;;site;2023-09-08;2023-09-09;2023-09-12;2023-09-14;R$ 31,07;Logistica Propria;Entregue;pedido recorrente
PA-2023-00059;09/07/2023 01:30 AM;09/07/2023 02:05 AM;PATA AMIGA TUBARAO;LJ-022;Passagem;Medicamento;Dinheiro;2;0;1;2,7;R$ 241,98;37;204,47;sim;LOJA FISICA;;;;;;;Retirada na loja;pedido recorrente
PA-2023-00054;09/07/2023 04:10 AM;09/07/2023 04:30 AM;Pata Amiga São Jose Kobrasol;LJ-018;Campinas;Racao Seca;vale pet;9;0;0;4.8;R$ 1.896,26;216;1.680,09;true;Telefone;2023-09-08;2023-09-09;2023-09-10;2023-09-11;16,25;Logistica Propria;Entregue;pedido recorrente
PA-2023-00060;09/07/2023 09:20 AM;09/07/2023 09:40 AM;pata amiga tubarao;LJ-022;Humaita;ACESSORIO;CARTAO DE DEBITO;4;0;0;12.9;423.86;65,70;358,16;SIM;site;2023-09-08;2023-09-08;2023-09-11;2023-09-12;19,61;Rapido Catarinense;Entregue;
PA-2023-00058;09/07/2023 10:12 AM;09/07/2023 10:47 AM;PATA AMIGA SANTO AMARO DA IMPERATRIZ;LJ-020;Braco Sao Joao;MEDICAMENTO;Pix;2;0;0;6.9;R$ 207,78;R$ 0,00;207,78;Não;WhatsApp;2023-09-10;2023-09-10;2023-09-23;2023-09-27;R$ 24,75;TransPet Log;Entregue;produto fora de linha - substituido
PA-2023-00055;09/07/2023 10:25 AM;09/07/2023 11:45 AM;Pata Amiga Sao Jose Kobrasol;;Kobrasol;petisco;Cartao de Credito;4;0;0;6,4;210,04;23,94;186,10;V;app;2023-09-09;2023-09-09;2023-09-12;;;Entrega Expressa SC;Despachado - em transito;pedido recorrente
PA-2023-00051;09/07/2023 01:35 PM;09/07/2023 02:25 PM;pata amiga gaspar;LJ-007;Bela Vista;Med.;VALE PET;1;0;0;2.5;R$ 130,15;1.82;R$ 128,33;V;Site;2023-09-08;2023-09-08;2023-09-12;2023-09-14;9.70;Entrega Expressa SC;Entregue;
PA-2023-00061;09/07/2023 03:40 PM;09/07/2023 04:00 PM;pata amiga laguna;LJ-024;Magalhaes;RAÇÃO;Cartão de Débito;2;0;0;5.1;414.86;64;R$ 350,56;Sim;SITE;2023-09-09;2023-09-09;2023-09-13;2023-09-15;14,42;Logistica Propria;Entregue;
PA-2023-00056;09/07/2023 05:23 PM;09/07/2023 06:13 PM;Pata Amiga Palhoca;;Pagani;RACAO;PIX;5;;0;16,0;893;101,86;791;S;loja fisica;;;;;;;Retirada na loja;pedido recorrente
PA-2023-00050;09/07/2023 07:20 PM;09/07/2023 07:30 PM;Pata Amiga Timbo;;Araponguinhas;Acessório;Vale Pet;2;0;1;2.3;R$ 218,03;0.00;218;NAO;LOJA FISICA;;;;;;;Retirada na loja;pedido recorrente
PA-2023-00057;09/07/2023 07:05 PM;09/07/2023 07:55 PM;Pata Amiga Palhoca;;Ponte do Imaruim;Racao;DINHEIRO;3;0;0;6,8;R$ 281,01;R$ 32,04;248,97;Sim;Site;2023-09-08;2023-09-08;2023-09-10;2023-09-11;26,15;Entrega Expressa SC;Entregue;
PA-2023-00053;09/07/2023 07:40 PM;09/07/2023 08:30 PM;pata amiga itapoa;LJ-016;Balneario Itapoa;Higiene e Beleza;vale pet;3;0;0;6.5;96,71;16;79,79;SIM;app;2023-09-09;2023-09-09;2023-09-15;2023-09-16;21,61;Logistica Propria;Entregue;pedido recorrente
PA-2023-00067;09/08/2023 12:55 AM;09/08/2023 01:15 AM;Pata Amiga Florianópolis Norte;;Saco Grande;SERVICO;Credito;2;0;0;6.4;144.11;R$ 0,00;144,11;F;App;2023-09-10;2023-09-11;2023-09-13;2023-09-16;R$ 13,14;Entrega Expressa SC;Entregue;
PA-2023-00071;09/08/2023 03:05 AM;09/08/2023 03:15 AM;Pata Amiga Tubarao;LJ-022;Humaita;Ração;Cartão de Crédito;8;1;0;32.1;-;386;R$ 1.378,75;S;site;2023-09-09;;;;;Rapido Catarinense;Aguardando nota fiscal;pedido recorrente
PA-2023-00052;09/07/2023 05:20 PM;09/08/2023 03:20 AM;Pata Amiga São Bento do Sul;;Serra Alta;BRINQUEDO;boleto;4;0;0;5.3;R$ 211,24;R$ 36,97;174;1;APP;2023-09-10;2023-09-11;2023-09-14;2023-09-15;21;Entrega Expressa SC;Entregue;
PA-2023-00065;09/08/2023 03:40 AM;09/08/2023 05:00 AM;Pata Amiga Itajai Praia;;Cabecudas;RAÇÃO;pix;4;;1;9.2;842;164,25;678;;SITE;2023-09-10;2023-09-11;2023-09-15;;;Logistica Propria;Despachado - em transito;
PA-2023-00062;09/07/2023 07:25 PM;09/08/2023 05:25 AM;Pata Amiga Chapecó;;Efapi;ACESSORIO;pix;2;0;0;3,3;241,23;7,96;233,27;sim;App;2023-09-10;2023-09-10;2023-09-14;2023-09-16;12,19;Entrega Expressa SC;Entregue;produto fora de linha - substituido
PA-2023-00066;09/08/2023 05:50 AM;09/08/2023 06:00 AM;PATA AMIGA BRUSQUE;;Limeira;Petisco;Pix;2;0;2;4.1;56,28;10.97;45,31;Sim;loja fisica;;;;;;;Retirada na loja;cliente pediu entrega no periodo da tarde
PA-2023-00064;09/08/2023 11:12 AM;09/08/2023 12:02 PM;PATA AMIGA ITAJAI PRAIA;LJ-003;Sao Vicente;Acessorios;boleto;3;0;0;1,6;R$ 197,96;38.60;159,36;V;App;2023-09-10;2023-09-10;2023-09-14;;;Entrega Expressa SC;Despachado - em transito;
PA-2023-00073;09/08/2023 11:05 AM;09/08/2023 12:25 PM;PATA AMIGA LAGUNA;LJ-024;Ponta das Pedras;Medicamentos;VALE PET;5;0;0;7.8;337,21;R$ 73,85;263,36;Sim;SITE;2023-09-10;2023-09-10;2023-09-15;2023-09-16;16.42;Logistica Propria;Entregue;
PA-2023-00069;09/08/2023 11:52 AM;09/08/2023 02:52 PM;PATA AMIGA TUBARAO;LJ-022;Oficinas;RAÇÃO;Especie;7;;0;27.8;984,86;215.68;769.18;Sim;SITE;;;;;;;Pedido cancelado;
PA-2023-00070;09/08/2023 10:23 AM;09/08/2023 03:23 PM;PATA AMIGA TUBARAO;;Passagem;Petisco;Cartão de Débito;7;1;0;23,3;244,89;R$ 53,63;191,26;SIM;telefone;2023-09-10;2023-09-10;;;;Logistica Propria;Aguardando despacho;aguardando confirmacao de estoque
PA-2023-00072;09/08/2023 07:07 AM;09/08/2023 05:07 PM;Pata Amiga Tubarao;LJ-022;Humaita;PETISCO;Credito;7;1;0;4.0;270.98;59,34;211,64;;Whatsapp;2023-09-10;2023-09-10;2023-09-12;2023-09-13;15;TransPet Log;Entregue;
PA-2023-00078;09/08/2023 05:38 PM;09/08/2023 06:13 PM;Pata Amiga São Miguel do Oeste;LJ-032;Agostini;Rac.;Dinheiro;3;0;;11.5;419,03;41.90;377;X;Site;2023-09-09;2023-09-09;2023-09-12;2023-09-14;25.27;Correios;Entregue;conferir endereco com o cliente
PA-2023-00077;09/08/2023 03:20 PM;09/08/2023 06:20 PM;Pata Amiga Concordia;;Nacoes;Acessorio;Vale Pet;7;0;0;5.6;R$ 764,62;76;688,16;sim;app;2023-09-09;2023-09-09;2023-09-13;2023-09-15;15.78;Rapido Catarinense;Entregue;pedido recorrente
PA-2023-00063;09/08/2023 07:35 PM;09/08/2023 07:45 PM;Pata Amiga Rio do Sul;;;Rac.;Pix;5;0;0;5.1;562.78;R$ 45,59;517;SIM;Site;2023-09-09;2023-09-10;;;;TransPet Log;Aguardando despacho;embalagem para presente
PA-2023-00074;09/08/2023 07:25 PM;09/08/2023 09:25 PM;PATA AMIGA LAGUNA;LJ-024;Centro;Higiene;CARTAO DE DEBITO;7;0;0;5.6;401,48;R$ 87,92;R$ 313,56;sim;APP;2023-09-10;;;;;Correios;Aguardando nota fiscal;
PA-2023-00068;09/08/2023 12:20 PM;09/08/2023 10:20 PM;Pata Amiga Tubarão;LJ-022;Oficinas;Racao Seca;PIX;7;;0;20,7;1282.16;280.79;1.001,37;1;App;2023-09-09;2023-09-10;2023-09-15;2023-09-17;R$ 30,00;Rapido Catarinense;Entregue;produto fora de linha - substituido
PA-2023-00076;09/08/2023 12:20 PM;09/08/2023 10:20 PM;Pata Amiga Chapeco;LJ-029;;Petiscos;boleto;6;0;0;6.3;-;R$ 27,46;247,18;SIM;LOJA FISICA;;;;;;;Retirada na loja;
PA-2023-00075;09/08/2023 11:35 PM;09/08/2023 11:45 PM;PATA AMIGA CHAPECO;;Efapi;petisco;Cartão de Débito;4;0;0;9,2;R$ 84,69;8.47;76;Sim;APP;2023-09-10;2023-09-11;2023-09-15;2023-09-17;15.16;TransPet Log;Entregue;
PA-2023-00081;09/09/2023 02:20 AM;09/09/2023 03:40 AM;Pata Amiga Timbo;LJ-005;Araponguinhas;Serviço;BOLETO;4;0;0;6.2;440,99;61,74;R$ 379,25;Sim;APP;;;;;;;Pedido cancelado;pedido recorrente
PA-2023-00086;09/09/2023 03:25 AM;09/09/2023 04:00 AM;PATA AMIGA PALHOCA;LJ-019;Passa Vinte;brinquedo;pix;4;0;1;6.7;312.76;;275.85;X;LOJA FISICA;;;;;;;Retirada na loja;
PA-2023-00084;09/09/2023 05:00 AM;09/09/2023 05:50 AM;PATA AMIGA SAO JOSE KOBRASOL;;Forquilhinhas;Acessório;Vale Pet;4;0;0;11.9;325,75;R$ 38,44;287;SIM;SITE;2023-09-11;2023-09-11;2023-09-15;2023-09-16;39,20;Rapido Catarinense;Entregue;
PA-2023-00088;09/09/2023 12:12 PM;09/09/2023 01:02 PM;Pata Amiga Palhoça;LJ-019;Passa Vinte;servico;Vale Pet;4;0;0;4,5;672.61;79;593,24;SIM;site;2023-09-10;2023-09-11;2023-09-16;2023-09-18;10;Rapido Catarinense;Entregue;embalagem para presente
PA-2023-00085;09/09/2023 12:45 PM;09/09/2023 01:20 PM;Pata Amiga Sao Jose Kobrasol/SC;;Kobrasol;Brinquedo;vale pet;4;0;N/I;4.4;173,90;20,52;153.38;V;whatsapp;2023-09-11;2023-09-11;2023-09-14;2023-09-15;18,04;Rapido Catarinense;Entregue;pedido recorrente
PA-2023-00082;09/09/2023 01:55 PM;09/09/2023 02:30 PM;pata amiga indaial;;Warnow;Racao;vale pet;5;0;0;13.1;805,55;R$ 112,78;R$ 692,77;Sim;Whatsapp;2023-09-11;2023-09-11;2023-09-14;2023-09-16;39.97;Correios;Entregue;produto fora de linha - substituido
PA-2023-00090;09/09/2023 04:00 PM;09/09/2023 04:35 PM;Pata Amiga Chapecó;LJ-029;Passo dos Fortes;Petisco;Cartao de Debito;4;0;2;8.8;R$ 89,83;0,00;89,83;0;Site;2023-09-11;2023-09-11;2023-09-16;2023-09-17;28,58;Correios;Entregue;pedido recorrente
PA-2023-00080;09/09/2023 04:47 PM;09/09/2023 06:47 PM;PATA AMIGA ITAJAI PRAIA;LJ-003;Cordeiros;Acessorio;boleto;2;0;0;6.8;214,16;;201;sim;site;2023-09-10;2023-09-11;2023-09-15;2023-09-17;13,16;TransPet Log;Entregue;pedido recorrente
PA-2023-00083;09/09/2023 06:35 PM;09/09/2023 07:10 PM;Pata Amiga Floripa Norte;;Trindade;RACAO;pix;3;0;0;6.4;547,22;R$ 0,00;R$ 547,22;Não;WHATSAPP;2023-09-11;2023-09-12;;;;Logistica Propria;Aguardando despacho;aguardando confirmacao de estoque
PA-2023-00089;09/09/2023 07:20 PM;09/09/2023 07:40 PM;Pata Amiga Ararangua;LJ-023;Cidade Alta;Servico;Credito;6;0;0;3.2;R$ 896,67;105;790,86;SIM;;2023-09-11;2023-09-12;2023-09-15;2023-09-18;8,99;Logistica Propria;Entregue;
PA-2023-00095;09/10/2023 02:23 AM;09/10/2023 04:23 AM;PATA AMIGA JARAGUA DO SUL;LJ-014;;Petisco;dinheiro;4;0;;15.5;172.91;38;;sim;APP;2023-09-11;2023-09-11;2023-09-14;2023-09-15;42,34;TransPet Log;Entregue;
PA-2023-00079;09/09/2023 08:05 PM;09/10/2023 06:05 AM; Pata Amiga Rio do Sul;;Centro;brinquedo;Vale Pet;6;0;;6,7;280;23.82;256;true;SITE;2023-09-12;2023-09-12;2023-09-13;2023-09-15;R$ 14,45;TransPet Log;Entregue;
PA-2023-00091;09/10/2023 06:52 AM;09/10/2023 08:12 AM;Pata Amiga Blumenau Centro/SC;LJ-001;;petisco;DINHEIRO;1;0;0;2,6;28,33;1.81;R$ 26,52;S;APP;2023-09-12;2023-09-13;;;;Entrega Expressa SC;Aguardando despacho;
PA-2023-00098;09/10/2023 08:10 AM;09/10/2023 08:20 AM;PATA AMIGA LAGES;LJ-025;Centro;HIGIENE;PIX;1;0;0;2,9;43.28;0;;NAO;;;;;;;;Retirada na loja;
PA-2023-00087;09/09/2023 10:40 PM;09/10/2023 08:40 AM;Pata Amiga Palhoça;LJ-019;Passa Vinte;Hig.;CARTAO DE CREDITO;3;0;0;9.6;;18,44;R$ 137,79;sim;telefone;2023-09-11;2023-09-12;2023-09-15;2023-09-17;24,30;Logistica Propria;Entregue;
PA-2023-00096;09/10/2023 01:38 AM;09/10/2023 11:38 AM;Pata Amiga Florianópolis Norte;;Saco Grande;Petiscos;DINHEIRO;2;0;0;5.5;44;R$ 0,00;44,80;false;;;;;;;;Retirada na loja;produto fora de linha - substituido
PA-2023-00092;09/10/2023 12:00 PM;09/10/2023 03:00 PM;Pata Amiga Itajai Praia;LJ-003;;Servicos;Cartao de Debito;2;0;0;2.0;278.89;R$ 0,00;R$ 278,89;F;Loja Fisica;;;;;;;Retirada na loja;embalagem para presente
PA-2023-00097;09/10/2023 03:40 PM;09/10/2023 04:00 PM;Pata Amiga Tubarao;;Passagem;RACAO;Credito;3;0;0;3,5;583,40;0,00;583,40;Nao;;2023-09-11;2023-09-12;2023-09-15;2023-09-17;R$ 11,85;Correios;Entregue;embalagem para presente
PA-2023-00094;09/10/2023 04:00 PM;09/10/2023 04:10 PM;PATA AMIGA JARAGUA DO SUL;LJ-014;Barra do Rio Cerro;RACAO;vale pet;6;;0;18.5;791,29;R$ 175,67;615,62;S;site;2023-09-11;2023-09-11;2023-09-17;2023-09-20;56.62;Logistica Propria;Entregue;
PA-2023-00093;09/10/2023 01:05 PM;09/10/2023 11:05 PM;PATA AMIGA TIMBO;;Araponguinhas;higiene;Debito;3;0;0;11,9;160.30;0,00;160;nao;telefone;2023-09-12;;;;;Correios;Aguardando nota fiscal;
PA-2023-00101;09/11/2023 01:52 AM;09/11/2023 02:27 AM;Pata Amiga Joinville Sul/SC;LJ-013;Costa e Silva;Racao Medicamentosa;Cartao de Credito;15;2;0;22.4;R$ 1.137,32;R$ 533,40;R$ 603,92;V;;2023-09-13;2023-09-13;2023-09-17;;;Entrega Expressa SC;Despachado - em transito;embalagem para presente
PA-2023-00115;09/11/2023 02:35 AM;09/11/2023 02:45 AM;PATA AMIGA SAO BENTO DO SUL;LJ-015;Centro;Higiene;PIX;18;2;0;58.2;797,26;373.91;423.35;true;SITE;2023-09-12;2023-09-13;2023-09-16;2023-09-18;158,63;TransPet Log;Entregue;
PA-2023-00119;09/11/2023 02:30 AM;09/11/2023 03:20 AM;Pata Amiga Sao Bento do Sul;LJ-015;Centro;Racao Seca;Cartao de Debito;11;0;0;36.0;1.157,59;542.91;614,68;X;App Pata Amiga;;;;;;;Pedido cancelado;cliente pediu entrega no periodo da tarde
PA-2023-00122;09/11/2023 01:05 AM;09/11/2023 04:05 AM;pata amiga itapoa;;Balneario Itapoa;RAÇÃO;Debito;11;0;0;12.4;1.032,96;R$ 484,46;548.50;Sim;App;2023-09-15;2023-09-16;2023-09-26;2023-09-27;21,97;Correios;Entregue;
PA-2023-00121;09/11/2023 04:47 AM;09/11/2023 05:22 AM;Pata Amiga Itapoa;LJ-016;Figueira do Pontal;HIGIENE;Vale Pet;14;1;0;8,9;400,67;187,91;212,76;sim;SITE;;;;;;;Pedido cancelado;conferir endereco com o cliente
PA-2023-00100;09/11/2023 04:12 AM;09/11/2023 05:32 AM;pata amiga joinville sul;;Costa e Silva;RACAO;boleto;9;0;0;6.3;R$ 1.639,14;R$ 768,76;870.38;1;Loja Fisica;;;;;;;Retirada na loja;
PA-2023-00116;09/11/2023 03:15 AM;09/11/2023 06:15 AM;PATA AMIGA SAO BENTO DO SUL;;Centro;Ração;Dinheiro;;1;-;9,2;1.836,28;861,22;975;SIM;App;2023-09-13;2023-09-14;2023-09-16;2023-09-18;R$ 34,61;Logistica Propria;Entregue;
PA-2023-00118;09/11/2023 04:40 AM;09/11/2023 06:40 AM;PATA AMIGA SAO BENTO DO SUL;LJ-015;Serra Alta;RAÇÃO;BOLETO;3;0;0;5.9;R$ 617,94;289,81;328.13;sim;Loja Fisica;;;;;;;Retirada na loja;
PA-2023-00124;09/11/2023 04:10 AM;09/11/2023 07:10 AM;pata amiga itapoa;LJ-016;Balneario Itapoa;petisco;pix;14;0;0;51.6;R$ 724,70;339,88;384.82;V;Site;2023-09-13;2023-09-13;2023-09-17;2023-09-20;68,51;TransPet Log;Entregue;conferir endereco com o cliente
PA-2023-00125;09/11/2023 06:10 AM;09/11/2023 07:30 AM;Pata Amiga Criciuma;LJ-021;Rio Maina;RACAO;pix;1;0;0;3,7;181.12;0,00;R$ 181,12;;site;2023-09-13;2023-09-13;2023-09-15;2023-09-17;15,43;TransPet Log;Entregue;aguardando confirmacao de estoque
PA-2023-00111;09/11/2023 06:45 AM;09/11/2023 07:35 AM;Pata Amiga Joinville Sul/SC;LJ-013;Jarivatuba;petisco;Boleto;12;0;;6.3;403,01;189,01;214,00;1;SITE;2023-09-12;2023-09-12;2023-09-16;2023-09-18;16,31;Entrega Expressa SC;Entregue;
PA-2023-00127;09/11/2023 10:47 AM;09/11/2023 12:07 PM;PATA AMIGA CURITIBANOS;;Santa Cruz;Racao Medicamentosa;Cartao de Credito;3;0;0;9,1;R$ 381,61;0,00;381;N;APP;2023-09-14;2023-09-15;2023-09-18;2023-09-21;R$ 19,84;TransPet Log;Entregue;
PA-2023-00107;09/11/2023 12:47 PM;09/11/2023 12:57 PM;Pata Amiga Joinville Sul/SC;LJ-013;Aventureiro;Racao;Pix;18;2;0;41,9;2344;1.099,44;1.244,79;Sim;App Pata Amiga;2023-09-13;2023-09-13;2023-09-19;2023-09-21;125,06;Correios;Entregue;aguardando confirmacao de estoque
PA-2023-00108;09/11/2023 12:45 PM;09/11/2023 01:05 PM;PATA AMIGA JOINVILLE SUL;LJ-013;Vila Nova;RAÇÃO;Especie;8;0;0;25.3;R$ 1.373,89;644,35;729.54;SIM;SITE;2023-09-13;2023-09-13;2023-09-15;;;Entrega Expressa SC;Despachado - em transito;
PA-2023-00112;09/11/2023 03:05 AM;09/11/2023 01:05 PM;pata amiga joinville sul;LJ-013;Aventureiro;PETISCO;Cartão de Crédito;3;0;0;8,3;R$ 84,73;39;44,99;V;Loja Física;;;;;;;Retirada na loja;
PA-2023-00102;09/11/2023 02:23 PM;09/11/2023 02:33 PM;pata amiga joinville sul;LJ-013;Jarivatuba;Petisco;PIX;12;0;0;29,8;R$ 584,39;274,08;310;V;APP;2023-09-13;2023-09-13;2023-09-15;;;TransPet Log;Despachado - em transito;produto fora de linha - substituido
PA-2023-00103;09/11/2023 02:20 PM;09/11/2023 02:55 PM;Pata Amiga Joinville Sul/SC;LJ-013;Boa Vista;HIGIENE;Boleto;12;;0;35.0;R$ 522,27;R$ 244,94;277.33;sim;loja fisica;;;;;;;Retirada na loja;pedido recorrente
PA-2023-00117;09/11/2023 02:07 PM;09/11/2023 03:27 PM;Pata Amiga São Bento do Sul;LJ-015;Centro;RAÇÃO;Boleto;;1;0;15.8;;951.97;R$ 1.077,81;SIM;App Pata Amiga;2023-09-13;2023-09-14;2023-09-17;2023-09-20;R$ 43,97;Rapido Catarinense;Entregue;
PA-2023-00114;09/11/2023 02:40 PM;09/11/2023 03:30 PM;PATA AMIGA JOINVILLE SUL;LJ-013;Boa Vista;Higiene;CARTAO DE CREDITO;8;0;0;21.8;430;R$ 201,80;R$ 228,47;X;App;2023-09-12;2023-09-13;2023-09-16;2023-09-18;74;Correios;Entregue;pedido recorrente
PA-2023-00126;09/11/2023 01:35 PM;09/11/2023 06:35 PM;Pata Amiga Ararangua;LJ-023;Centro;brinquedo;Cartao de Debito;3;0;;5.8;153.13;R$ 28,64;R$ 124,49;X;app;2023-09-13;;;;;TransPet Log;Aguardando nota fiscal;embalagem para presente
PA-2023-00109;09/11/2023 06:20 PM;09/11/2023 06:40 PM;PATA AMIGA JOINVILLE SUL;LJ-013;Aventureiro;Petiscos;Pix;10;0;0;19.7;320.13;150,14;R$ 169,99;X;Site;2023-09-14;2023-09-14;2023-09-17;2023-09-19;47;Logistica Propria;Entregue;produto fora de linha - substituido
PA-2023-00099;09/11/2023 07:20 PM;09/11/2023 07:55 PM;Pata Amiga Rio Do Sul;;;Acessório;Debito;2;0;0;2.5;R$ 127,93;0.00;R$ 127,93;NAO;;2023-09-13;2023-09-13;2023-09-17;2023-09-20;R$ 8,67;Correios;Entregue;
PA-2023-00106;09/11/2023 07:52 PM;09/11/2023 08:02 PM;Pata Amiga Joinville Sul;LJ-013;Costa e Silva;Racao Seca;BOLETO;;1;0;54,8;3.282,77;1539.62;R$ 1.743,15;true;Whatsapp;2023-09-12;2023-09-13;2023-09-18;2023-09-19;R$ 85,17;Rapido Catarinense;Entregue;conferir endereco com o cliente
PA-2023-00105;09/11/2023 07:40 PM;09/11/2023 09:40 PM;PATA AMIGA JOINVILLE SUL;;Costa e Silva;petisco;PIX;16;1;0;57.0;R$ 647,21;303,54;R$ 343,67;1;LOJA FISICA;;;;;;;Retirada na loja;aguardando confirmacao de estoque
PA-2023-00104;09/11/2023 09:50 PM;09/11/2023 11:50 PM;Pata Amiga Joinville Sul;LJ-013;Jarivatuba;PETISCO;dinheiro;8;0;0;6.2;;116;131,71;X;APP;2023-09-12;2023-09-12;2023-09-17;2023-09-19;R$ 23,29;Correios;Entregue;
PA-2023-00120;09/11/2023 11:30 PM;09/12/2023 12:05 AM;Pata Amiga Sao Bento do Sul;;Serra Alta;HIGIENE;pix;11;0;;8,5;R$ 367,73;;R$ 195,26;;SITE;2023-09-14;2023-09-15;2023-09-19;2023-09-22;19.05;Entrega Expressa SC;Entregue;
PA-2023-00110;09/11/2023 11:12 PM;09/12/2023 12:32 AM;PATA AMIGA JOINVILLE SUL;LJ-013;Costa e Silva;Med.;Pix;7;;0;11,3;774,96;363,46;411,50;1;Loja Física;;;;;;;Retirada na loja;
PA-2023-00113;09/11/2023 04:15 PM;09/12/2023 02:15 AM;Pata Amiga Joinville Sul/SC;LJ-013;Jarivatuba;MEDICAMENTO;Dinheiro;15;0;1;18.7;1.609,90;755.04;854,86;SIM;Site;2023-09-13;2023-09-14;2023-09-19;2023-09-21;67,40;Correios;Entregue;embalagem para presente
PA-2023-00123;09/11/2023 09:50 PM;09/12/2023 02:50 AM;pata amiga itapoa;LJ-016;Figueira do Pontal;Medicamento;Boleto;13;1;0;9.9;R$ 1.499,13;703,09;R$ 796,04;X;SITE;2023-09-15;2023-09-15;;;;Rapido Catarinense;Aguardando despacho;cliente pediu entrega no periodo da tarde
PA-2023-00140;09/12/2023 05:25 AM;09/12/2023 05:45 AM;PATA AMIGA SAO JOSE KOBRASOL;;Kobrasol;Ração;Pix;10;;0;41.6;1085.38;293,05;792,33;Sim;whatsapp;2023-09-14;2023-09-14;2023-09-19;;;Logistica Propria;Despachado - em transito;produto fora de linha - substituido
PA-2023-00138;09/12/2023 05:35 AM;09/12/2023 06:55 AM;Pata Amiga Sao Jose Kobrasol/SC;;Kobrasol;MEDICAMENTO;Dinheiro;8;1;0;17,9;946,28;R$ 255,50;R$ 690,78;SIM;App Pata Amiga;;;;;;;Pedido cancelado;embalagem para presente
PA-2023-00137;09/12/2023 06:30 AM;09/12/2023 07:50 AM;Pata Amiga Sao Jose Kobrasol;LJ-018;Real Parque;Racao;Cartao de Debito;7;;0;7.3;R$ 1.060,72;286;774;sim;SITE;2023-09-14;2023-09-14;;;;Entrega Expressa SC;Aguardando despacho;cliente pediu entrega no periodo da tarde
PA-2023-00139;09/12/2023 04:12 AM;09/12/2023 09:12 AM;Pata Amiga São Jose Kobrasol;LJ-018;Forquilhinhas;Rac.;Cartão de Débito;7;;0;24.8;1289;348,13;R$ 941,24;V;app;2023-09-14;2023-09-14;2023-09-16;2023-09-17;79.06;TransPet Log;Entregue;embalagem para presente
PA-2023-00132;09/12/2023 09:38 AM;09/12/2023 10:58 AM;Pata Amiga São Bento do Sul;LJ-015;Oxford;Racao;VALE PET;6;0;0;18,2;709;203.57;505,73;sim;;;;;;;;Retirada na loja;
PA-2023-00143;09/12/2023 07:00 AM;09/12/2023 12:00 PM;Pata Amiga Palhoça;LJ-019;;Racao;vale pet;4;0;0;9.9;R$ 675,06;;492,79;V;App;2023-09-14;2023-09-14;2023-09-17;;;Logistica Propria;Despachado - em transito;produto fora de linha - substituido
PA-2023-00144;09/12/2023 10:12 AM;09/12/2023 12:12 PM;PATA AMIGA PALHOCA;;;Racao;CARTAO DE CREDITO;7;1;0;14,2;967,16;261.13;706;sim;APP;2023-09-13;;;;;Correios;Aguardando nota fiscal;conferir endereco com o cliente
PA-2023-00130;09/12/2023 01:05 PM;09/12/2023 01:55 PM;Pata Amiga Jaraguá do Sul;LJ-014;Barra do Rio Cerro;Brinquedo;BOLETO;4;0;0;4,5;189.49;36.95;152,54;true;Loja Física;;;;;;;Retirada na loja;
PA-2023-00135;09/12/2023 12:38 PM;09/12/2023 01:58 PM;PATA AMIGA FLORIANOPOLIS NORTE;LJ-017;Ingleses;RACAO;Boleto;4;0;-;7.2;R$ 823,38;R$ 41,99;781,39;sim;APP;2023-09-13;;;;;Entrega Expressa SC;Aguardando nota fiscal;
PA-2023-00142;09/12/2023 02:05 PM;09/12/2023 04:05 PM;pata amiga palhoca;LJ-019;Guarda do Cubatao;RAÇÃO;pix;11;1;0;32.6;R$ 1.121,10;302,70;818.40;SIM;App Pata Amiga;2023-09-14;2023-09-14;2023-09-16;2023-09-17;88,83;Logistica Propria;Entregue;aguardando confirmacao de estoque
PA-2023-00141;09/12/2023 06:47 AM;09/12/2023 04:47 PM;PATA AMIGA PALHOCA;;Ponte do Imaruim;Medicamentos;Boleto;10;1;0;15,9;689;186;503,42;S;APP;2023-09-14;2023-09-15;;;;Rapido Catarinense;Aguardando despacho;cliente pediu entrega no periodo da tarde
PA-2023-00133;09/12/2023 11:52 AM;09/12/2023 04:52 PM;Pata Amiga São Bento do Sul;LJ-015;Serra Alta;RACAO;DINHEIRO;5;0;0;13,6;1.029,66;295,51;734,15;X;SITE;2023-09-13;2023-09-13;;;;Logistica Propria;Aguardando despacho;pedido recorrente
PA-2023-00146;09/12/2023 04:15 PM;09/12/2023 05:35 PM;Pata Amiga Palhoça;;Pagani;Rac.;vale pet;8;1;2;12,2;R$ 788,57;212,91;575;X;Site;2023-09-15;;;;;TransPet Log;Aguardando nota fiscal;produto fora de linha - substituido
PA-2023-00129;09/12/2023 05:55 PM;09/12/2023 07:15 PM;Pata Amiga Joinville Sul;;Costa e Silva;Petisco;DINHEIRO;11;1;0;33,5;286,94;82,35;204,59;X;SITE;2023-09-14;2023-09-14;2023-09-19;2023-09-21;106,24;Correios;Entregue;cliente pediu entrega no periodo da tarde
PA-2023-00128;09/12/2023 06:40 PM;09/12/2023 09:40 PM;Pata Amiga Ituporanga;LJ-010;Vila Nova;RAÇÃO;Cartao de Credito;1;0;0;4.1;116;0,00;R$ 116,45;N;SITE;2023-09-14;;;;;TransPet Log;Aguardando nota fiscal;
PA-2023-00134;09/12/2023 09:47 PM;09/12/2023 11:07 PM;pata amiga itapoa;LJ-016;Figueira do Pontal;Petisco;Dinheiro;9;0;0;31,3;473,92;R$ 136,02;337;V;App Pata Amiga;2023-09-13;2023-09-14;2023-09-29;2023-10-02;41,95;Correios;Entregue;
PA-2023-00136;09/12/2023 11:50 PM;09/13/2023 12:25 AM;Pata Amiga Sao Jose Kobrasol;LJ-018;Campinas;RAÇÃO;Cartão de Crédito;9;0;0;30,8;R$ 1.358,49;366,79;;S;APP;2023-09-14;2023-09-15;2023-09-18;2023-09-19;R$ 53,01;Rapido Catarinense;Entregue;
PA-2023-00131;09/12/2023 11:05 PM;09/13/2023 02:05 AM;PATA AMIGA JARAGUA DO SUL;;Centro;Racao Medicamentosa;BOLETO;6;0;0;2.8;R$ 707,48;137;569.52;true;LOJA FISICA;;;;;;;Retirada na loja;
PA-2023-00147;09/13/2023 02:05 AM;09/13/2023 02:40 AM;Pata Amiga Itajaí Praia;LJ-003;Fazenda;Acessorios;Cartao de Debito;2;0;0;1.4;R$ 138,00;R$ 12,28;125,72;S;Site;2023-09-15;2023-09-16;;;;TransPet Log;Aguardando despacho;
PA-2023-00156;09/13/2023 03:10 AM;09/13/2023 03:30 AM;Pata Amiga Xanxere;;Centro;HIGIENE;Especie;5;;0;14,6;280;50;R$ 230,68;true;whatsapp;2023-09-15;2023-09-15;2023-09-18;2023-09-19;31.35;Logistica Propria;Entregue;
PA-2023-00145;09/12/2023 10:55 PM;09/13/2023 03:55 AM;Pata Amiga Palhoca;LJ-019;Pagani;Racao Seca;Vale Pet;4;;;8,4;;144.50;390,69;1;site;2023-09-14;;;;;Correios;Aguardando nota fiscal;produto fora de linha - substituido
PA-2023-00152;09/13/2023 04:35 AM;09/13/2023 05:10 AM;Pata Amiga Florianopolis Norte/SC;;Rio Vermelho;Brinquedo;Credito;3;;0;9.5;212,88;0,00;R$ 212,88;0;loja fisica;;;;;;;Retirada na loja;
PA-2023-00148;09/13/2023 05:50 AM;09/13/2023 06:25 AM;Pata Amiga Indaial;;Nacoes;Petiscos;vale pet;3;0;0;2,9;145;8,42;136,69;sim;;2023-09-15;2023-09-16;2023-09-22;2023-09-24;11,10;Entrega Expressa SC;Entregue;
PA-2023-00155;09/13/2023 05:52 AM;09/13/2023 06:27 AM;Pata Amiga Concordia;LJ-030;Petropolis;RAÇÃO;Pix;4;0;0;2.8;724,15;129.62;R$ 594,53;Sim;APP;2023-09-15;2023-09-15;2023-09-17;2023-09-19;R$ 10,34;Entrega Expressa SC;Entregue;
PA-2023-00157;09/13/2023 03:52 AM;09/13/2023 06:52 AM;Pata Amiga São Miguel do Oeste;;Centro;PETISCO;Boleto;6;;0;3,6;213,08;38,14;174,94;X;App Pata Amiga;2023-09-15;;;;;Entrega Expressa SC;Aguardando nota fiscal;
PA-2023-00151;09/13/2023 12:15 PM;09/13/2023 12:35 PM;Pata Amiga São Bento do Sul;LJ-015;Centro;Acessorios;Boleto;6;0;0;14,2;610,43;75.08;535,35;true;Loja Fisica;;;;;;;Retirada na loja;conferir endereco com o cliente
PA-2023-00150;09/13/2023 03:07 PM;09/13/2023 03:17 PM;pata amiga joinville sul;;Costa e Silva;PETISCO;BOLETO;5;0;0;15,4;239,32;29,44;209.88;V;Loja Fisica;;;;;;;Retirada na loja;aguardando confirmacao de estoque
PA-2023-00153;09/13/2023 06:23 AM;09/13/2023 04:23 PM;pata amiga palhoca;LJ-019;Passa Vinte;Petisco;DINHEIRO;3;0;0;11.4;146,23;0,00;146,23;Nao;WhatsApp;2023-09-16;;;;;TransPet Log;Aguardando nota fiscal;
PA-2023-00149;09/13/2023 01:52 PM;09/13/2023 04:52 PM;Pata Amiga Joinville Sul;LJ-013;Jarivatuba;brinquedo;Cartao de Credito;6;0;0;17.3;R$ 426,75;52;374,26;SIM;site;2023-09-15;2023-09-15;;;;Logistica Propria;Aguardando despacho;aguardando confirmacao de estoque
PA-2023-00184;09/14/2023 12:10 AM;09/14/2023 12:30 AM;Pata Amiga Chapecó;;Sao Cristovao;Racao Seca;DINHEIRO;3;0;0;7.9;R$ 628,40;16,97;611,43;Sim;Loja Fisica;;;;;;;Retirada na loja;aguardando confirmacao de estoque
PA-2023-00182;09/14/2023 03:10 AM;09/14/2023 03:45 AM;pata amiga criciuma;;Prospera;Racao Seca;vale pet;7;0;;10.2;894.83;113,64;781;true;Tel.;2023-09-16;2023-09-17;2023-09-22;2023-09-23;21.64;TransPet Log;Entregue;
PA-2023-00183;09/14/2023 02:50 AM;09/14/2023 05:50 AM;Pata Amiga Criciuma/SC;LJ-021;Prospera;Rac.;Pix;8;0;0;5.6;1590.08;R$ 201,94;1.388,14;1;Site;2023-09-16;2023-09-16;2023-09-18;2023-09-19;20,27;Rapido Catarinense;Entregue;
PA-2023-00174;09/14/2023 04:45 AM;09/14/2023 06:45 AM;pata amiga joinville sul;;Boa Vista;Ração;Debito;8;1;0;12,1;1.593,58;387,24;R$ 1.206,34;SIM;app;2023-09-16;2023-09-17;;;;TransPet Log;Aguardando despacho;
PA-2023-00154;09/13/2023 09:40 PM;09/14/2023 07:40 AM;Pata Amiga Chapecó;;;Racao Medicamentosa;Especie;5;0;0;20,7;352,81;63.15;289;1;SITE;;;;;;;Pedido cancelado;cliente pediu entrega no periodo da tarde
PA-2023-00161;09/14/2023 07:23 AM;09/14/2023 07:43 AM;Pata Amiga Blumenau Centro;LJ-001;Garcia;PETISCO;Debito;9;1;0;37.2;R$ 208,45;57,12;151.33;1;Loja Física;;;;;;;Retirada na loja;produto fora de linha - substituido
PA-2023-00176;09/14/2023 04:45 AM;09/14/2023 09:45 AM;Pata Amiga Jaragua Do Sul;;;Acessorios;CARTAO DE DEBITO;6;0;2;20.1;417,66;40.93;376.73;Sim;APP;2023-09-15;2023-09-16;2023-09-21;2023-09-23;R$ 49,54;Logistica Propria;Entregue;
PA-2023-00164;09/14/2023 12:45 AM;09/14/2023 10:45 AM;Pata Amiga Blumenal Centro;LJ-001;Itoupava Norte;Medicamento;Cartão de Crédito;5;0;-;15,4;590,83;161.89;428,94;X;App;2023-09-16;2023-09-17;2023-09-21;2023-09-23;56.56;Entrega Expressa SC;Entregue;cliente pediu entrega no periodo da tarde
PA-2023-00175;09/14/2023 10:47 AM;09/14/2023 11:07 AM;pata amiga joinville sul;;Aventureiro;Ração;PIX;-;1;0;7.5;1594.58;R$ 387,48;1.207,10;1;App;2023-09-16;2023-09-17;2023-09-21;2023-09-23;18,12;Entrega Expressa SC;Entregue;
PA-2023-00170;09/14/2023 12:07 PM;09/14/2023 12:17 PM;Pata Amiga Joinville Sul;;Vila Nova;Ração;Boleto;1;0;0;2.3;168,49;40;127;SIM;;2023-09-17;2023-09-17;2023-09-21;2023-09-23;12,15;TransPet Log;Entregue;
PA-2023-00169;09/14/2023 10:38 AM;09/14/2023 12:38 PM;pata amiga joinville sul;;Boa Vista;Rac.;vale pet;7;0;0;15,9;1.236,84;300,55;936,29;sim;SITE;2023-09-16;2023-09-16;2023-09-20;2023-09-23;46.73;Rapido Catarinense;Entregue;pedido recorrente
PA-2023-00160;09/14/2023 03:25 AM;09/14/2023 01:25 PM;pata amiga blumenau centro;;Velha;Petisco;Boleto;13;1;0;19.9;R$ 435,59;119,35;316,24;V;APP;2023-09-15;2023-09-16;2023-09-19;2023-09-21;54;Correios;Entregue;
PA-2023-00171;09/14/2023 01:05 PM;09/14/2023 01:55 PM;Pata Amiga Joinville Sul;;Boa Vista;Ração Medicamentosa;Pix;6;0;0;8.5;847.94;206.05;R$ 641,89;S;telefone;2023-09-15;2023-09-15;2023-09-20;2023-09-22;;Logistica Propria;Entregue;
PA-2023-00158;09/14/2023 02:25 PM;09/14/2023 03:00 PM;pata amiga blumenau centro;LJ-001;Salto do Norte;Ração;dinheiro;11;n/d;0;45,9;2.474,87;678.11;1.796,76;Sim;TELEFONE;2023-09-15;2023-09-15;2023-09-21;2023-09-22;100;TransPet Log;Entregue;embalagem para presente
PA-2023-00163;09/14/2023 03:05 PM;09/14/2023 03:15 PM;Pata Amiga Blumenau Centro;LJ-001;Garcia;Ração;Debito;4;;0;15,6;421,97;115,62;306;X;APP;2023-09-16;2023-09-17;2023-09-21;2023-09-22;R$ 42,31;TransPet Log;Entregue;conferir endereco com o cliente
PA-2023-00179;09/14/2023 03:50 PM;09/14/2023 04:25 PM;pata amiga itapoa;;Figueira do Pontal;Ração Medicamentosa;Dinheiro;7;0;1;9.0;815,66;R$ 198,21;617,45;true;;;;;;;;Retirada na loja;
PA-2023-00181;09/14/2023 02:45 PM;09/14/2023 05:45 PM;Pata Amiga Santo Amaro da Imperatriz;LJ-020;;Hig.;Cartao de Debito;1;0;0;2,9;38.39;6,68;R$ 31,71;Sim;Loja Fisica;;;;;;;Retirada na loja;
PA-2023-00173;09/14/2023 06:20 PM;09/14/2023 07:10 PM;pata amiga joinville sul;LJ-013;Costa e Silva;Rac.;DINHEIRO;4;0;0;9.6;406;98.67;307;;Site;2023-09-16;2023-09-16;2023-09-21;2023-09-23;R$ 29,22;Entrega Expressa SC;Entregue;pedido recorrente
PA-2023-00168;09/14/2023 02:38 PM;09/14/2023 07:38 PM;PATA AMIGA RIO DOS CEDROS;LJ-012;Palmeiras;Acessório;DINHEIRO;4;0;0;10,6;338.97;34;304,73;Sim;App Pata Amiga;2023-09-15;;;;;Entrega Expressa SC;Aguardando nota fiscal;
PA-2023-00172;09/14/2023 10:07 AM;09/14/2023 08:07 PM;Pata Amiga Joinville Sul/SC;LJ-013;Boa Vista;Petisco;CARTAO DE DEBITO;8;0;;32.0;417,49;101,45;316;SIM;site;2023-09-16;2023-09-17;2023-09-22;2023-09-24;107,73;Entrega Expressa SC;Entregue;
PA-2023-00159;09/14/2023 05:30 PM;09/14/2023 10:30 PM;Pata Amiga Blumenau Centro;;Ribeirao Fresco;Petiscos;VALE PET;8;0;0;27.5;292.53;R$ 80,15;R$ 212,38;Sim;site;2023-09-16;2023-09-16;2023-09-19;2023-09-21;43,55;Rapido Catarinense;Entregue;pedido recorrente
PA-2023-00177;09/14/2023 10:00 PM;09/14/2023 10:35 PM;Pata Amiga Sao Bento do Sul;LJ-015;Centro;Racao Seca;pix;8;;0;12.2;1.398,95;339,94;1059.01;V;site;2023-09-16;2023-09-16;2023-09-17;2023-09-19;37,78;Logistica Propria;Entregue;
PA-2023-00180;09/14/2023 06:38 PM;09/14/2023 11:38 PM;pata amiga itapoa;;Figueira do Pontal;Petiscos;Cartão de Crédito;10;0;0;20.7;257,53;62.58;194;S;App;2023-09-16;2023-09-17;;;;Correios;Aguardando despacho;
PA-2023-00162;09/14/2023 11:23 PM;09/15/2023 12:43 AM;PATA AMIGA BLUMENAU CENTRO;LJ-001;Fortaleza;Petisco;Dinheiro;10;0;0;17,9;367.49;100,69;R$ 266,80;S;app;2023-09-16;2023-09-16;2023-09-20;2023-09-23;58.45;Rapido Catarinense;Entregue;pedido recorrente
PA-2023-00178;09/14/2023 08:35 PM;09/15/2023 01:35 AM;Pata Amiga São Bento do Sul;LJ-015;Oxford;Petisco;Cartão de Débito;10;0;0;17.7;R$ 365,14;R$ 88,73;276.41;SIM;App;2023-09-18;2023-09-19;;;;Entrega Expressa SC;Aguardando despacho;
PA-2023-00167;09/14/2023 08:45 PM;09/15/2023 01:45 AM;Pata Amiga Indaial;;Nacoes;higiene;Pix;7;0;0;19,4;205.42;R$ 20,75;184;true;SITE;2023-09-17;2023-09-17;2023-09-20;2023-09-21;60,48;Correios;Entregue;
PA-2023-00166;09/14/2023 09:38 PM;09/15/2023 02:38 AM;Pata Amiga Timbo;;Centro;higiene;PIX;3;0;0;12,0;148.97;15,05;133.92;;App Pata Amiga;2023-09-16;2023-09-17;2023-09-21;2023-09-24;44,72;Logistica Propria;Entregue;cliente pediu entrega no periodo da tarde
PA-2023-00187;09/15/2023 01:47 AM;09/15/2023 03:07 AM;pata amiga joinville sul;LJ-013;Jarivatuba;PETISCO;CARTAO DE CREDITO;4;0;N/I;15.6;141;16,22;124;;TELEFONE;2023-09-16;2023-09-16;;;;TransPet Log;Aguardando despacho;
PA-2023-00189;09/15/2023 06:40 AM;09/15/2023 06:50 AM;PATA AMIGA SAO BENTO DO SUL;;Oxford;higiene;Especie;2;0;0;4,1;87,25;R$ 10,03;77,22;1;;2023-09-16;2023-09-16;2023-09-20;2023-09-22;17,91;Logistica Propria;Entregue;conferir endereco com o cliente
PA-2023-00165;09/14/2023 09:25 PM;09/15/2023 07:25 AM;Pata Amiga Itajaí Praia;LJ-003;Cordeiros;Serviço;DINHEIRO;5;0;1;9.4;371.17;R$ 22,64;348,53;1;App Pata Amiga;2023-09-17;2023-09-19;2023-09-21;2023-09-22;35,70;Entrega Expressa SC;Entregue;
PA-2023-00193;09/15/2023 02:50 AM;09/15/2023 07:50 AM;pata amiga chapeco;LJ-029;Passo dos Fortes;Ração;Credito;5;0;1;20.0;519,89;29.11;490.78;sim;site;2023-09-17;2023-09-17;2023-09-21;2023-09-22;R$ 46,36;Logistica Propria;Entregue;
PA-2023-00190;09/15/2023 06:20 AM;09/15/2023 11:20 AM;pata amiga florianopolis norte;LJ-017;Trindade;RAÇÃO;Dinheiro;1;0;0;1.3;104,84;0,00;R$ 104,84;F;SITE;2023-09-17;;;;;Correios;Aguardando nota fiscal;embalagem para presente
PA-2023-00186;09/15/2023 10:40 AM;09/15/2023 12:00 PM;PATA AMIGA JOINVILLE SUL;;Jarivatuba;servico;pix;5;0;0;15,5;459.41;52;406,58;S;site;;;;;;;Pedido cancelado;
PA-2023-00185;09/15/2023 09:40 AM;09/15/2023 12:40 PM;Pata Amiga Brusque;LJ-004;Limeira;petisco;vale pet;2;0;0;7,4;50,41;R$ 0,00;R$ 50,41;N;Site;2023-09-17;2023-09-17;2023-09-19;2023-09-22;17,01;TransPet Log;Entregue;
PA-2023-00192;09/15/2023 11:50 AM;09/15/2023 12:40 PM;pata amiga criciuma;LJ-021;Sao Luiz;ACESSORIO;Especie;2;0;0;6.2;227,42;9,10;218,32;V;Tel.;;;;;;;Pedido cancelado;cliente pediu entrega no periodo da tarde
PA-2023-00188;09/15/2023 11:00 AM;09/15/2023 02:00 PM;Pata Amiga Joinville Sul/SC;LJ-013;;Acessório;Cartão de Crédito;6;;0;17.2;475,97;R$ 54,74;421.23;V;APP;2023-09-17;2023-09-18;2023-09-22;2023-09-25;56,27;Rapido Catarinense;Entregue;
PA-2023-00191;09/15/2023 09:20 PM;09/15/2023 10:40 PM;Pata Amiga Palhoca;;Pagani;Serviço;Debito;2;0;0;5,9;;R$ 0,00;219,56;Nao;Whatsapp;2023-09-17;2023-09-17;2023-09-19;2023-09-21;24.30;Logistica Propria;Entregue;aguardando confirmacao de estoque
PA-2023-00195;09/16/2023 01:38 AM;09/16/2023 02:58 AM;PATA AMIGA RIO DO SUL;;Laranjeiras;RACAO;Cartao de Credito;2;0;0;6,3;251,77;R$ 4,03;247,74;S;LOJA FISICA;;;;;;;Retirada na loja;conferir endereco com o cliente
PA-2023-00202;09/16/2023 02:30 AM;09/16/2023 03:05 AM;Pata Amiga São Bento do Sul;LJ-015;Centro;Racao;Boleto;7;1;0;3.3;R$ 811,64;R$ 135,54;676,10;sim;APP;2023-09-19;2023-09-19;2023-09-25;2023-09-28;13;Logistica Propria;Entregue;aguardando confirmacao de estoque
PA-2023-00201;09/16/2023 01:23 AM;09/16/2023 04:23 AM;pata amiga joinville sul;LJ-013;Aventureiro;Acessorios;DINHEIRO;4;0;0;14.8;363,68;60,73;302.95;1;App Pata Amiga;2023-09-17;2023-09-18;2023-09-21;2023-09-23;44,47;Entrega Expressa SC;Entregue;
PA-2023-00196;09/16/2023 04:07 AM;09/16/2023 07:07 AM;Pata Amiga Timbó;LJ-005;Centro;Medicamentos;pix;3;0;0;3,1;322,78;32;289,86;S;App Pata Amiga;2023-09-19;2023-09-20;;;;TransPet Log;Aguardando despacho;
PA-2023-00198;09/16/2023 07:12 AM;09/16/2023 10:12 AM;Pata Amiga Presidente Getulio;;Centro;Higiene;Cartao de Credito;4;0;0;8,6;107.09;9,32;97,77;S;app;2023-09-19;2023-09-20;2023-09-28;2023-10-01;;TransPet Log;Entregue;
PA-2023-00205;09/16/2023 12:45 AM;09/16/2023 10:45 AM;Pata Amiga Chapeco;LJ-029;Efapi;PETISCO;Debito;4;0;0;14,6;160.01;17,12;142.89;V;App Pata Amiga;2023-09-17;2023-09-17;2023-09-21;2023-09-23;R$ 52,04;TransPet Log;Entregue;
PA-2023-00194;09/16/2023 10:55 AM;09/16/2023 11:45 AM;Pata Amiga Blumenau Centro;LJ-001;Itoupava Norte;ACESSORIO;pix;2;0;0;2.0;109,09;0,00;109;F;SITE;2023-09-18;;;;;TransPet Log;Aguardando nota fiscal;embalagem para presente
PA-2023-00200;09/16/2023 12:50 PM;09/16/2023 01:00 PM;Pata Amiga Joinville Sul/SC;LJ-013;Vila Nova;Racao;pix;10;1;0;30,4;R$ 2.222,69;371.19;R$ 1.851,50;sim;whatsapp;2023-09-18;2023-09-19;2023-09-22;2023-09-24;76,58;Entrega Expressa SC;Entregue;embalagem para presente
PA-2023-00197;09/16/2023 12:20 PM;09/16/2023 01:10 PM;Pata Amiga Indaial;;Encano;PETISCO;CARTAO DE DEBITO;4;0;1;16,7;182.56;18,62;-;sim;App;2023-09-18;;;;;TransPet Log;Aguardando nota fiscal;cliente pediu entrega no periodo da tarde
PA-2023-00204;09/16/2023 08:38 PM;09/16/2023 09:58 PM;Pata Amiga Chapecó;;Centro;PETISCO;vale pet;3;0;0;7,7;108,50;11.61;96,89;X;WHATSAPP;2023-09-18;2023-09-18;2023-09-21;2023-09-23;R$ 13,54;Rapido Catarinense;Entregue;
PA-2023-00206;09/16/2023 10:38 PM;09/16/2023 11:28 PM;PATA AMIGA CONCORDIA;LJ-030;Nacoes;SERVICO;BOLETO;-;0;0;8,2;287,64;30;256.86;sim;site;2023-09-18;2023-09-19;2023-09-22;2023-09-24;R$ 27,88;Logistica Propria;Entregue;cliente pediu entrega no periodo da tarde
PA-2023-00209;09/17/2023 01:20 AM;09/17/2023 01:40 AM;PATA AMIGA PRESIDENTE GETULIO;LJ-008;Fundo Canoas;racao;pix;7;0;0;24.7;961.55;101,92;859,63;SIM;whatsapp;2023-09-19;2023-09-19;2023-09-30;2023-10-03;R$ 81,03;Entrega Expressa SC;Entregue;
PA-2023-00203;09/16/2023 10:07 PM;09/17/2023 03:07 AM;pata amiga lages;LJ-025;Coral;Servico;boleto;;0;0;4.3;259.21;18,92;240,29;true;App Pata Amiga;2023-09-19;2023-09-19;;;;TransPet Log;Aguardando despacho;aguardando confirmacao de estoque
PA-2023-00210;09/17/2023 02:23 AM;09/17/2023 03:43 AM;Pata Amiga Joinville Sul;;Costa e Silva;Medicamento;Cartão de Débito;2;0;0;6,3;;R$ 0,00;265;nao;App Pata Amiga;2023-09-19;2023-09-20;2023-09-23;2023-09-26;14;Rapido Catarinense;Entregue;
PA-2023-00199;09/16/2023 11:45 PM;09/17/2023 04:45 AM;pata amiga joinville sul;LJ-013;Jarivatuba;Brinquedos;Debito;5;0;2;15.8;330,75;55,24;275;S;Loja Fisica;;;;;;;Retirada na loja;conferir endereco com o cliente
PA-2023-00214;09/17/2023 03:55 AM;09/17/2023 08:55 AM;pata amiga lages;LJ-025;Centro;Petisco;Debito;3;;0;12.3;79,06;R$ 3,72;75,34;true;LOJA FISICA;;;;;;;Retirada na loja;conferir endereco com o cliente
PA-2023-00212;09/17/2023 01:12 PM;09/17/2023 01:32 PM;Pata Amiga Sao Bento do Sul;;Centro;Brinquedos;Especie;1;0;0;3,7;53,18;R$ 0,00;R$ 53,18;0;WhatsApp;2023-09-19;2023-09-19;2023-09-22;2023-09-23;15.30;Rapido Catarinense;Entregue;pedido recorrente
PA-2023-00211;09/17/2023 05:38 AM;09/17/2023 03:38 PM;Pata Amiga Jgua do Sul;LJ-014;Centro;Acessório;vale pet;3;0;0;4.2;318,93;R$ 27,43;R$ 291,50;1;whatsapp;2023-09-19;2023-09-20;2023-09-24;2023-09-26;R$ 14,40;TransPet Log;Entregue;
PA-2023-00207;09/17/2023 02:10 PM;09/17/2023 04:10 PM;Pata Amiga Blumenal Centro;;Fortaleza;Serviço;Debito;1;0;0;4.2;90,68;0,00;90.68;N;APP;2023-09-19;2023-09-20;2023-09-24;2023-09-25;17;Rapido Catarinense;Entregue;pedido recorrente
PA-2023-00208;09/17/2023 04:52 PM;09/17/2023 05:42 PM;Pata Amiga Rio do sul;;Budag;RACAO;Cartão de Crédito;1;0;0;0.8;140,19;0,00;R$ 140,19;nao;SITE;2023-09-19;2023-09-19;2023-09-22;2023-09-24;R$ 7,32;TransPet Log;Entregue;
PA-2023-00213;09/17/2023 03:23 PM;09/17/2023 08:23 PM;Pata Amiga Florianopolis Norte/SC;LJ-017;Saco Grande;petisco;CARTAO DE CREDITO;;0;0;2,0;82,87;6,38;76,49;true;Whatsapp;;;;;;;Pedido cancelado;
PA-2023-00220;09/18/2023 12:40 AM;09/18/2023 02:00 AM;Pata Amiga Jaragua Do Sul;LJ-014;Jaragua Esquerdo;Rac.;Cartão de Crédito;9;0;2;7,8;1069.13;R$ 302,56;766,57;SIM;Loja Fisica;;;;;;;Retirada na loja;conferir endereco com o cliente
PA-2023-00216;09/18/2023 02:10 AM;09/18/2023 02:45 AM;PATA AMIGA TAIO;LJ-009;Centro;medicamento;VALE PET;3;0;1;10,4;355.07;35,51;;X;app;2023-09-21;;;;;Rapido Catarinense;Aguardando nota fiscal;embalagem para presente
PA-2023-00224;09/18/2023 04:45 AM;09/18/2023 05:20 AM;PATA AMIGA TUBARAO;LJ-022;Oficinas;SERVICO;vale pet;3;0;0;7.4;344.55;17,92;R$ 326,63;S;App;2023-09-20;2023-09-20;2023-09-25;2023-09-28;R$ 16,33;Rapido Catarinense;Entregue;produto fora de linha - substituido
PA-2023-00222;09/18/2023 05:00 AM;09/18/2023 05:35 AM;Pata Amiga Palhoca;;Pagani;Racao;dinheiro;2;0;0;4.6;242,81;0,00;R$ 242,81;;APP;2023-09-19;2023-09-19;2023-09-22;2023-09-24;18.16;Rapido Catarinense;Entregue;cliente pediu entrega no periodo da tarde
PA-2023-00221;09/18/2023 08:25 AM;09/18/2023 10:25 AM;Pata Amiga Floripa Norte;;Saco Grande;Ração Medicamentosa;Cartão de Débito;3;0;0;11,4;441,97;R$ 28,29;413,68;1;Loja Física;;;;;;;Retirada na loja;
PA-2023-00223;09/18/2023 09:10 AM;09/18/2023 12:10 PM;Pata Amiga Santo Amaro da Imperatriz;;Braco Sao Joao;Racao Medicamentosa;PIX;2;0;1;5,4;;R$ 0,00;233.06;false;SITE;2023-09-20;2023-09-20;2023-09-27;2023-09-29;16,01;Correios;Entregue;embalagem para presente
PA-2023-00226;09/18/2023 07:50 AM;09/18/2023 12:50 PM;PATA AMIGA XANXERE;;;Racao Seca;DINHEIRO;1;0;;3.9;R$ 102,51;R$ 0,00;102,51;Não;Loja Física;;;;;;;Retirada na loja;pedido recorrente
PA-2023-00217;09/18/2023 12:00 PM;09/18/2023 01:20 PM;Pata Amiga Jgua do Sul;;Barra do Rio Cerro;Racao;Pix;9;0;0;4,1;R$ 1.817,33;514.30;1.303,03;V;app;2023-09-20;2023-09-20;2023-09-23;2023-09-24;12,64;Entrega Expressa SC;Entregue;
PA-2023-00225;09/18/2023 01:12 PM;09/18/2023 01:22 PM;pata amiga araranguá;;Centro;BRINQUEDO;dinheiro;6;0;0;5.2;278,91;28.73;250.18;sim;Site;2023-09-21;2023-09-22;2023-09-25;2023-09-26;13;Correios;Entregue;aguardando confirmacao de estoque
PA-2023-00215;09/18/2023 01:23 PM;09/18/2023 01:58 PM;PATA AMIGA BRUSQUE;LJ-004;Dom Joaquim;brinquedo;DINHEIRO;2;0;0;3.3;117.85;R$ 3,42;114,43;V;WHATSAPP;;;;;;;Pedido cancelado;
PA-2023-00218;09/18/2023 03:10 PM;09/18/2023 06:10 PM;Pata Amiga Jaragua Do Sul;LJ-014;Ilha da Figueira;RACAO;Cartão de Crédito;4;-;0;7.7;585,94;R$ 165,82;R$ 420,12;V;WhatsApp;2023-09-19;;;;;Logistica Propria;Aguardando nota fiscal;cliente pediu entrega no periodo da tarde
PA-2023-00219;09/18/2023 05:55 PM;09/18/2023 07:15 PM;Pata Amiga Jaragua Do Sul;LJ-014;Barra do Rio Cerro;Racao;DINHEIRO;7;0;0;27.6;1359.18;384,65;974;Sim;APP;2023-09-21;2023-09-21;;;;Rapido Catarinense;Aguardando despacho;
PA-2023-00229;09/19/2023 03:25 AM;09/19/2023 04:00 AM;Pata Amiga Taio;LJ-009;Alto Santa Rosa;SERVICO;Cartão de Débito;3;;0;11,6;326,31;19,25;307.06;S;Loja Física;;;;;;;Retirada na loja;aguardando confirmacao de estoque
PA-2023-00227;09/19/2023 03:47 AM;09/19/2023 05:07 AM;pata amiga blumenau centro;LJ-001;Ribeirao Fresco;Servicos;PIX;2;0;0;1.5;200;0.00;R$ 200,31;NAO;APP;2023-09-20;2023-09-20;2023-09-24;2023-09-25;8.62;Rapido Catarinense;Entregue;
PA-2023-00235;09/19/2023 07:10 AM;09/19/2023 07:45 AM;Pata Amiga Lages;LJ-025;Centro;Hig.;DINHEIRO;1;0;0;0.9;32,66;R$ 5,52;27,14;sim;Site;;;;;;;Pedido cancelado;produto fora de linha - substituido
PA-2023-00232;09/19/2023 09:30 AM;09/19/2023 10:05 AM;Pata Amiga Floripa Norte;;Rio Vermelho;Servico;BOLETO;2;0;0;1,3;228,92;0.00;R$ 228,92;0;WHATSAPP;2023-09-20;2023-09-21;;;;Correios;Aguardando despacho;cliente pediu entrega no periodo da tarde
PA-2023-00233;09/19/2023 11:38 AM;09/19/2023 11:48 AM;pata amiga palhoca;LJ-019;Ponte do Imaruim;Medicamento;Especie;5;0;0;13.3;R$ 552,22;54,12;498,10;V;Tel.;2023-09-20;2023-09-20;2023-09-22;2023-09-23;26;TransPet Log;Entregue;
PA-2023-00237;09/19/2023 12:35 PM;09/19/2023 01:25 PM;PATA AMIGA CURITIBANOS;LJ-028;;Racao;BOLETO;;0;0;20,4;718,57;121,44;597,13;SIM;APP;2023-09-21;2023-09-21;2023-09-23;2023-09-26;53,29;Logistica Propria;Entregue;aguardando confirmacao de estoque
PA-2023-00234;09/19/2023 12:52 PM;09/19/2023 01:27 PM;Pata Amiga Criciuma/SC;LJ-021;Sao Luiz;Serviço;VALE PET;1;;0;3.5;R$ 93,87;0,00;93.87;false;app;2023-09-21;;;;;TransPet Log;Aguardando nota fiscal;produto fora de linha - substituido
PA-2023-00228;09/19/2023 01:52 PM;09/19/2023 02:27 PM;Pata Amiga Presidente Getulio;LJ-008;;Rac.;Cartao de Credito;2;0;2;3,3;R$ 306,28;0,00;R$ 306,28;;loja fisica;;;;;;;Retirada na loja;produto fora de linha - substituido
PA-2023-00230;09/19/2023 02:12 PM;09/19/2023 07:12 PM;pata amiga ituporanga;;;HIGIENE;Cartão de Débito;3;0;-;4.0;169.80;10,02;159.78;true;Telefone;2023-09-21;;;;;Correios;Aguardando nota fiscal;cliente pediu entrega no periodo da tarde
PA-2023-00236;09/19/2023 06:23 PM;09/19/2023 07:13 PM;Pata Amiga São Joaquim;LJ-026;Centro;Ração;PIX;2;0;2;0.9;404,84;R$ 68,42;R$ 336,42;S;LOJA FISICA;;;;;;;Retirada na loja;
PA-2023-00231;09/19/2023 08:07 PM;09/19/2023 10:07 PM;Pata Amiga Ibirama;LJ-011;Bela Alianca;Servicos;dinheiro;1;0;0;1,3;154.50;R$ 0,00;R$ 154,50;Não;whatsapp;2023-09-21;2023-09-21;2023-09-27;;;Logistica Propria;Despachado - em transito;
PA-2023-00259;09/20/2023 01:55 AM;09/20/2023 02:05 AM;Pata Amiga Florianopolis Norte;LJ-017;Costeira;Petisco;boleto;4;0;1;11,8;117;R$ 7,55;110.38;;SITE;2023-09-22;2023-09-22;2023-09-26;2023-09-28;41,95;TransPet Log;Entregue;
PA-2023-00254;09/20/2023 01:00 AM;09/20/2023 02:20 AM;pata amiga ibirama;LJ-011;Bela Alianca;medicamento;Boleto;1;0;0;1,0;R$ 72,88;1,82;R$ 71,06;1;app;2023-09-24;2023-09-24;;;;Rapido Catarinense;Aguardando despacho;aguardando confirmacao de estoque
PA-2023-00247;09/20/2023 05:40 AM;09/20/2023 06:15 AM;PATA AMIGA INDAIAL;LJ-006;Encano;Rac.;Especie;11;;0;9,2;R$ 2.010,90;810.39;R$ 1.200,51;V;SITE;2023-09-22;2023-09-23;;;;Correios;Aguardando despacho;cliente pediu entrega no periodo da tarde
PA-2023-00252;09/20/2023 05:25 AM;09/20/2023 07:25 AM;Pata Amiga Indaial;LJ-006;Warnow;racao;Cartao de Credito;9;;;20.3;877,82;R$ 353,76;524.06;V;WHATSAPP;2023-09-21;2023-09-21;2023-09-26;2023-09-29;37;Rapido Catarinense;Entregue;
PA-2023-00256;09/20/2023 02:35 AM;09/20/2023 07:35 AM;Pata Amiga Rio Dos Cedros;LJ-012;Centro;Racao Seca;vale pet;13;0;0;34.6;2.058,00;R$ 829,37;R$ 1.228,63;X;Loja Física;;;;;;;Retirada na loja;conferir endereco com o cliente
PA-2023-00240;09/20/2023 07:07 AM;09/20/2023 07:42 AM;Pata Amiga Timbo;;Capitais;RACAO;DINHEIRO;10;0;0;27.5;2115;R$ 852,48;1.262,86;SIM;App;2023-09-21;2023-09-21;2023-09-24;;;Correios;Despachado - em transito;
PA-2023-00257;09/20/2023 07:35 AM;09/20/2023 08:55 AM;Pata Amiga Rio dos cedros;LJ-012;;Racao;Especie;9;-;0;32,6;1679;677,03;1002.94;S;APP;2023-09-22;2023-09-22;2023-09-27;2023-09-29;63,43;Rapido Catarinense;Entregue;
PA-2023-00248;09/20/2023 10:40 AM;09/20/2023 10:50 AM;Pata Amiga Indaial;LJ-006;Encano;Racao Seca;Pix;;1;0;41.3;1.036,88;417,86;619,02;SIM;SITE;2023-09-21;2023-09-21;2023-09-25;2023-09-28;55,99;Correios;Entregue;pedido recorrente
PA-2023-00243;09/20/2023 10:38 AM;09/20/2023 10:58 AM;Pata Amiga Timbó;LJ-005;Centro;Racao Medicamentosa;pix;10;1;0;28.9;867,81;R$ 349,73;518,08;true;app;2023-09-22;2023-09-22;2023-09-28;2023-10-01;99,78;Correios;Entregue;cliente pediu entrega no periodo da tarde
PA-2023-00255;09/20/2023 11:05 AM;09/20/2023 11:15 AM;PATA AMIGA RIO DOS CEDROS;LJ-012;Centro;Racao Medicamentosa;vale pet;11;0;0;32.7;R$ 1.133,70;456;R$ 676,82;sim;Site;2023-09-22;2023-09-23;2023-09-26;2023-09-29;R$ 65,27;TransPet Log;Entregue;cliente pediu entrega no periodo da tarde
PA-2023-00238;09/20/2023 10:00 AM;09/20/2023 12:00 PM;Pata Amiga Blumenau Centro/SC;;Vorstadt;Petiscos;Cartão de Débito;2;0;1;1.4;97;0,00;;Nao;Loja Fisica;;;;;;;Retirada na loja;
PA-2023-00260;09/20/2023 12:00 PM;09/20/2023 12:10 PM;Pata Amiga Sao Jose Kobrasol/SC;LJ-018;Kobrasol;racao;Credito;5;0;2;10,1;986.90;54,28;932.62;true;loja fisica;;;;;;;Retirada na loja;
PA-2023-00242;09/20/2023 02:30 AM;09/20/2023 12:30 PM;Pata Amiga Timbo;LJ-005;Araponguinhas;petisco;Credito;17;2;0;38.3;R$ 370,66;R$ 149,38;221,28;;Site;2023-09-22;;;;;Entrega Expressa SC;Aguardando nota fiscal;embalagem para presente
PA-2023-00246;09/20/2023 12:30 PM;09/20/2023 01:05 PM;Pata Amiga Indaial;;Encano;Rac.;Vale Pet;10;0;0;21.2;R$ 952,98;384;568,93;sim;site;2023-09-22;;;;;TransPet Log;Aguardando nota fiscal;conferir endereco com o cliente
PA-2023-00250;09/20/2023 12:45 PM;09/20/2023 01:05 PM;Pata Amiga Indaial;LJ-006;Encano;Rac.;BOLETO;6;0;0;20.8;R$ 766,94;309,08;457.86;SIM;Loja Fisica;;;;;;;Retirada na loja;
PA-2023-00249;09/20/2023 02:50 PM;09/20/2023 03:00 PM;Pata Amiga Indaial;LJ-006;Nacoes;Petiscos;dinheiro;12;1;0;10.5;R$ 630,69;254,17;376,52;S;SITE;2023-09-22;2023-09-23;;;;Correios;Aguardando despacho;produto fora de linha - substituido
PA-2023-00253;09/20/2023 01:12 PM;09/20/2023 04:12 PM;Pata Amiga Indaial;;Encano;Rac.;boleto;8;1;0;25.3;1.759,14;R$ 708,93;1.050,21;Sim;App;2023-09-21;2023-09-21;2023-09-25;;;Rapido Catarinense;Despachado - em transito;embalagem para presente
PA-2023-00239;09/20/2023 04:10 PM;09/20/2023 05:00 PM;PATA AMIGA TIMBO;LJ-005;Capitais;Petiscos;pix;12;1;2;13.7;R$ 470,89;R$ 189,77;281.12;X;LOJA FISICA;;;;;;;Retirada na loja;embalagem para presente
PA-2023-00245;09/20/2023 05:55 PM;09/20/2023 07:55 PM;PATA AMIGA TIMBO;;Centro;Ração;pix;8;0;;27.8;R$ 898,77;362.20;536.57;1;APP;2023-09-21;2023-09-22;2023-09-25;2023-09-27;59,00;Entrega Expressa SC;Entregue;
PA-2023-00261;09/20/2023 10:45 AM;09/20/2023 08:45 PM;PATA AMIGA PALHOCA;LJ-019;Passa Vinte;ACESSORIO;PIX;4;0;2;9.1;467.19;R$ 25,70;441,49;X;LOJA FISICA;;;;;;;Retirada na loja;
PA-2023-00258;09/20/2023 08:55 PM;09/20/2023 09:30 PM;Pata Amiga Rio dos cedros;LJ-012;Centro;RAÇÃO;Cartao de Debito;15;2;0;32.5;2710;1092;1617.87;V;SITE;2023-09-22;2023-09-22;2023-10-02;2023-10-05;77.94;Entrega Expressa SC;Entregue;
PA-2023-00244;09/20/2023 09:47 PM;09/20/2023 10:37 PM;PATA AMIGA TIMBO;LJ-005;Centro;Racao Seca;dinheiro;9;0;0;8,5;R$ 1.707,90;R$ 688,28;1019.62;X;LOJA FISICA;;;;;;;Retirada na loja;cliente pediu entrega no periodo da tarde
PA-2023-00241;09/20/2023 11:52 PM;09/21/2023 12:02 AM;Pata Amiga Timbo;LJ-005;Centro;Ração;boleto;14;0;;29,0;R$ 2.079,12;R$ 837,89;1241;X;app;2023-09-22;2023-09-22;2023-09-25;;;Entrega Expressa SC;Despachado - em transito;
PA-2023-00267;09/21/2023 12:30 AM;09/21/2023 01:20 AM;pata amiga tubarao;;Passagem;Brinquedo;Credito;3;0;0;11.0;234.45;0,00;234.45;Não;SITE;2023-09-23;2023-09-23;2023-09-25;2023-09-27;29,17;Logistica Propria;Entregue;
PA-2023-00251;09/20/2023 10:55 PM;09/21/2023 01:55 AM;PATA AMIGA INDAIAL;LJ-006;Encano;RAÇÃO;Boleto;15;1;0;13,1;1.814,32;R$ 731,17;1.083,15;true;TELEFONE;2023-09-22;2023-09-22;2023-09-24;2023-09-25;R$ 43,12;Logistica Propria;Entregue;cliente pediu entrega no periodo da tarde
PA-2023-00263;09/21/2023 07:10 AM;09/21/2023 10:10 AM;Pata Amiga Rio dos Cedros;;Palmeiras;medicamento;Vale Pet;2;0;;3.4;R$ 293,32;R$ 0,00;R$ 293,32;;Site;2023-09-23;2023-09-24;;;;Correios;Aguardando despacho;conferir endereco com o cliente
PA-2023-00262;09/21/2023 12:35 AM;09/21/2023 10:35 AM;PATA AMIGA GASPAR;;Bela Vista;Acessório;BOLETO;4;0;0;4.7;R$ 410,25;0.00;410;Não;Telefone;2023-09-22;2023-09-23;2023-09-26;2023-09-28;19,83;Logistica Propria;Entregue;pedido recorrente
PA-2023-00268;09/21/2023 02:55 PM;09/21/2023 03:30 PM;PATA AMIGA LAGES;LJ-025;Coral;Acessorios;boleto;3;0;0;4,5;218,88;0,00;R$ 218,88;0;telefone;2023-09-22;2023-09-22;2023-09-27;2023-09-30;10.96;Rapido Catarinense;Entregue;conferir endereco com o cliente
PA-2023-00264;09/21/2023 10:35 AM;09/21/2023 03:35 PM;Pata Amiga Joinville Sul;LJ-013;Boa Vista;SERVICO;pix;1;0;0;1,5;R$ 172,17;0,00;172,17;;;2023-09-23;2023-09-23;;;;Rapido Catarinense;Aguardando despacho;produto fora de linha - substituido
PA-2023-00265;09/21/2023 08:52 AM;09/21/2023 06:52 PM;Pata Amiga Itapoá;;Balneario Itapoa;Servicos;dinheiro;2;0;0;5,9;211,96;0,00;211,96;nao;Site;2023-09-23;2023-09-23;;;;Correios;Aguardando despacho;
PA-2023-00266;09/21/2023 11:05 AM;09/21/2023 09:05 PM;PATA AMIGA SANTO AMARO DA IMPERATRIZ;;Braco Sao Joao;Acessorio;pix;2;0;1;3,2;226,73;24,03;202;V;Site;2023-09-24;2023-09-24;2023-10-12;2023-10-17;R$ 14,19;TransPet Log;Entregue;
PA-2023-00277;09/22/2023 01:30 PM;09/22/2023 01:40 PM;Pata Amiga Curitibanos;LJ-028;Centro;racao;boleto;4;0;0;6.5;855,03;107,73;747;true;site;2023-09-23;;;;;Logistica Propria;Aguardando nota fiscal;conferir endereco com o cliente
PA-2023-00273;09/22/2023 01:12 PM;09/22/2023 01:47 PM;Pata Amiga Palhoça;LJ-019;;servico;DINHEIRO;3;0;0;8.3;217,39;0.00;217,39;0;LOJA FISICA;;;;;;;Retirada na loja;cliente pediu entrega no periodo da tarde
PA-2023-00275;09/22/2023 02:00 PM;09/22/2023 04:00 PM;pata amiga lages;LJ-025;Coral;PETISCO;CARTAO DE DEBITO;7;0;;9,6;R$ 339,26;42.75;296.51;SIM;whatsapp;2023-09-24;2023-09-24;2023-09-26;2023-09-28;23;Correios;Entregue;
PA-2023-00270;09/22/2023 06:55 PM;09/22/2023 07:05 PM;PATA AMIGA SAO BENTO DO SUL;LJ-015;Oxford;Petisco;Especie;-;;0;2.4;44.89;0;44,89;F;SITE;2023-09-24;;;;;TransPet Log;Aguardando nota fiscal;produto fora de linha - substituido
PA-2023-00272;09/22/2023 10:12 AM;09/22/2023 08:12 PM;Pata Amiga Floripa Norte;;;Racao Seca;Pix;10;1;2;26.6;R$ 2.133,18;341,31;1.791,87;Sim;whatsapp;2023-09-24;2023-09-25;2023-09-29;2023-10-01;44,53;Logistica Propria;Entregue;
PA-2023-00271;09/22/2023 11:52 AM;09/22/2023 09:52 PM;PATA AMIGA FLORIANOPOLIS NORTE;;Rio Vermelho;servico;DINHEIRO;9;1;0;7,9;1.197,78;R$ 191,64;R$ 1.006,14;V;app;2023-09-23;2023-09-23;2023-09-28;2023-09-30;19,58;Logistica Propria;Entregue;
PA-2023-00269;09/22/2023 10:20 PM;09/22/2023 11:10 PM;PATA AMIGA PRESIDENTE GETULIO;LJ-008;Centro;SERVICO;CARTAO DE CREDITO;2;0;0;2.0;R$ 270,94;0,00;270,94;nao;telefone;2023-09-24;2023-09-24;;;;Rapido Catarinense;Aguardando despacho;embalagem para presente
PA-2023-00276;09/22/2023 11:07 PM;09/22/2023 11:42 PM;Pata Amiga São Joaquim;;Centro;racao;DINHEIRO;5;0;;8,1;R$ 998,05;-;872,30;V;Loja Física;;;;;;;Retirada na loja;conferir endereco com o cliente
PA-2023-00274;09/22/2023 11:30 PM;09/23/2023 01:30 AM;Pata Amiga Tubarão;LJ-022;Humaita;Serviço;Credito;-;0;0;3.6;76.90;0;76.90;nao;Site;2023-09-25;2023-09-25;2023-09-30;2023-10-02;9,88;Rapido Catarinense;Entregue;produto fora de linha - substituido
PA-2023-00280;09/23/2023 03:12 AM;09/23/2023 03:32 AM;pata amiga taio;LJ-009;Alto Santa Rosa;Servico;Vale Pet;1;0;0;2.5;164,53;17,77;146,76;sim;WhatsApp;2023-09-25;2023-09-25;2023-09-29;2023-10-04;7;Rapido Catarinense;Entregue;aguardando confirmacao de estoque
PA-2023-00281;09/23/2023 08:35 AM;09/23/2023 09:55 AM;Pata Amiga Jaragua Do Sul;LJ-014;Barra do Rio Cerro;SERVICO;Credito;4;0;2;4.7;R$ 343,08;24,36;318,72;S;WhatsApp;2023-09-25;2023-09-25;2023-09-26;2023-09-29;13,28;Rapido Catarinense;Entregue;
PA-2023-00279;09/23/2023 05:47 AM;09/23/2023 10:47 AM;Pata Amiga Presidente Getúlio;;Alto Dona Luiza;Brinquedos;boleto;1;0;0;1,1;65;0,00;65,97;Não;APP;2023-09-24;;;;;TransPet Log;Aguardando nota fiscal;
PA-2023-00283;09/23/2023 11:50 AM;09/23/2023 12:25 PM;pata amiga araranguá;LJ-023;Centro;Ração Medicamentosa;CARTAO DE CREDITO;1;0;;2,9;R$ 60,05;R$ 10,21;49,84;sim;Tel.;2023-09-24;2023-09-25;2023-09-30;2023-10-02;11;Correios;Entregue;produto fora de linha - substituido
PA-2023-00278;09/23/2023 11:38 AM;09/23/2023 12:28 PM;Pata Amiga Brusque;LJ-004;Aguas Claras;Brinquedo;Dinheiro;4;0;0;4.4;175,30;9.29;166,01;1;;2023-09-25;2023-09-25;2023-09-26;2023-09-28;R$ 12,50;Logistica Propria;Entregue;embalagem para presente
PA-2023-00282;09/23/2023 04:07 PM;09/23/2023 04:17 PM;Pata Amiga Floripa Norte;;Trindade;Ração Medicamentosa;BOLETO;5;0;0;2.3;676;35,86;R$ 640,67;Sim;Loja Fisica;;;;;;;Retirada na loja;cliente pediu entrega no periodo da tarde
PA-2023-00287;09/24/2023 03:15 AM;09/24/2023 03:35 AM;pata amiga joinville sul;;Boa Vista;Racao;Cartao de Credito;4;0;0;10,6;462,30;R$ 132,22;330.08;S;Loja Fisica;;;;;;;Retirada na loja;
PA-2023-00288;09/24/2023 02:50 AM;09/24/2023 04:50 AM;Pata Amiga Joinville Sul;LJ-013;Aventureiro;RAÇÃO;vale pet;12;;1;46.5;1.150,68;R$ 329,09;R$ 821,59;Sim;site;2023-09-25;;;;;Logistica Propria;Aguardando nota fiscal;
PA-2023-00284;09/24/2023 05:55 AM;09/24/2023 10:55 AM;Pata Amiga Itajai Praia;LJ-003;Itaipava;Medicamentos;Credito;1;0;0;1.4;141,06;0,00;141,06;Não;App;2023-09-26;2023-09-26;2023-09-30;2023-10-01;8.43;TransPet Log;Entregue;embalagem para presente
PA-2023-00292;09/24/2023 11:52 AM;09/24/2023 01:52 PM;PATA AMIGA CHAPECO;LJ-029;Sao Cristovao;Higiene;Cartao de Credito;2;0;0;8,3;70.69;0,00;R$ 70,69;F;Telefone;2023-09-26;2023-09-26;2023-09-29;2023-10-01;23.64;TransPet Log;Entregue;produto fora de linha - substituido
PA-2023-00285;09/24/2023 06:05 PM;09/24/2023 06:25 PM; Pata Amiga Brusque;LJ-004;Santa Terezinha;servico;CARTAO DE DEBITO;1;0;0;1.9;R$ 81,12;0,00;81,12;Nao;WHATSAPP;2023-09-25;2023-09-25;;;;Logistica Propria;Aguardando despacho;
PA-2023-00291;09/24/2023 04:30 PM;09/24/2023 06:30 PM;pata amiga itapoa;LJ-016;Figueira do Pontal;RACAO;CARTAO DE CREDITO;6;0;;12.6;802,48;R$ 229,51;R$ 572,97;;Loja Fisica;;;;;;;Retirada na loja;
PA-2023-00290;09/24/2023 06:38 PM;09/24/2023 08:38 PM;Pata Amiga Itapoá;;Balneario Itapoa;Petisco;Dinheiro;8;0;0;8,6;304.84;87;217,66;S;Loja Física;;;;;;;Retirada na loja;
PA-2023-00286;09/24/2023 10:12 PM;09/24/2023 10:22 PM;pata amiga joinville sul;LJ-013;Vila Nova;Ração Medicamentosa;pix;3;0;0;9.8;R$ 357,31;102,19;255,12;SIM;App Pata Amiga;2023-09-27;2023-09-28;2023-10-01;2023-10-03;35;Correios;Entregue;conferir endereco com o cliente
PA-2023-00308;09/25/2023 12:07 AM;09/25/2023 12:27 AM;Pata Amiga Rio Dos Cedros;;Centro;PETISCO;Especie;7;0;0;2.9;R$ 216,52;;114,76;V;Loja Física;;;;;;;Retirada na loja;
PA-2023-00309;09/25/2023 12:10 AM;09/25/2023 01:30 AM;Pata Amiga Rio dos Cedros;;Palmeiras;Higiene;Cartão de Crédito;15;0;0;34.8;533.50;250,75;282,75;true;Loja Física;;;;;;;Retirada na loja;cliente pediu entrega no periodo da tarde
PA-2023-00294;09/25/2023 01:52 AM;09/25/2023 02:27 AM;Pata Amiga Timbo;;Capitais;MEDICAMENTO;Vale Pet;16;0;0;35,4;R$ 2.360,56;;1.251,10;S;SITE;2023-09-27;2023-09-28;2023-10-02;;;Logistica Propria;Despachado - em transito;conferir endereco com o cliente
PA-2023-00313;09/25/2023 04:50 AM;09/25/2023 05:25 AM;Pata Amiga Florianopolis Norte/SC;LJ-017;Costeira;ACESSORIO;Especie;5;;0;3.1;527,13;99,63;R$ 427,50;1;loja fisica;;;;;;;Retirada na loja;conferir endereco com o cliente
PA-2023-00298;09/25/2023 06:52 AM;09/25/2023 07:02 AM;pata amiga indaial;LJ-006;Encano;Racao Seca;vale pet;6;0;;6.0;907.02;R$ 426,30;R$ 480,72;V;app;2023-09-26;2023-09-27;;;;TransPet Log;Aguardando despacho;
PA-2023-00289;09/24/2023 09:07 PM;09/25/2023 07:07 AM;Pata Amiga Joinville Sul;LJ-013;Jarivatuba;petisco;CARTAO DE CREDITO;15;0;0;17,4;R$ 457,60;130,87;326;Sim;SITE;2023-09-26;;;;;Rapido Catarinense;Aguardando nota fiscal;
PA-2023-00317;09/25/2023 08:23 AM;09/25/2023 08:33 AM;Pata Amiga Lages;;Guarujal;HIGIENE;Cartão de Crédito;1;0;0;1.4;R$ 44,62;0;R$ 44,62;0;;2023-09-27;2023-09-28;2023-10-02;2023-10-04;R$ 9,17;TransPet Log;Entregue;cliente pediu entrega no periodo da tarde
PA-2023-00305;09/25/2023 05:55 AM;09/25/2023 08:55 AM;Pata Amiga Indaial;LJ-006;Warnow;PETISCO;boleto;18;1;0;65.5;649.32;R$ 305,18;344,14;1;loja fisica;;;;;;;Retirada na loja;produto fora de linha - substituido
PA-2023-00297;09/25/2023 08:38 AM;09/25/2023 10:38 AM;Pata Amiga Timbo;LJ-005;;medicamento;vale pet;7;1;0;12,5;R$ 500,88;235;R$ 265,47;true;Loja Fisica;;;;;;;Retirada na loja;
PA-2023-00311;09/25/2023 08:45 AM;09/25/2023 10:45 AM;Pata Amiga Florianopolis Norte/SC;LJ-017;Costeira;MEDICAMENTO;Credito;8;0;0;22.3;623.02;117.75;505,27;1;App;2023-09-28;2023-09-29;2023-10-03;2023-10-05;62.13;Logistica Propria;Entregue;conferir endereco com o cliente
PA-2023-00295;09/25/2023 11:25 AM;09/25/2023 12:15 PM;PATA AMIGA TIMBO;LJ-005;Araponguinhas;RAÇÃO;PIX;13;0;0;37.9;1.444,27;678,81;R$ 765,46;Sim;SITE;2023-09-27;2023-09-28;2023-10-01;2023-10-03;R$ 97,42;Correios;Entregue;aguardando confirmacao de estoque
PA-2023-00316;09/25/2023 09:30 AM;09/25/2023 12:30 PM;PATA AMIGA CRICIUMA;;Prospera;Racao;Boleto;2;0;2;4.5;R$ 453,69;43;410.14;true;App;2023-09-27;2023-09-27;2023-10-01;2023-10-03;9,86;Entrega Expressa SC;Entregue;pedido recorrente
PA-2023-00307;09/25/2023 12:45 PM;09/25/2023 02:05 PM;PATA AMIGA RIO DOS CEDROS;LJ-012;Centro;medicamento;Dinheiro;13;0;1;31,1;1209;568,40;640;X;app;2023-09-27;2023-09-27;2023-10-02;2023-10-04;R$ 71,10;Entrega Expressa SC;Entregue;embalagem para presente
PA-2023-00315;09/25/2023 11:10 AM;09/25/2023 02:10 PM;pata amiga palhoca;;Ponte do Imaruim;Petisco;Vale Pet;1;0;0;3.1;21,24;1,72;19,52;SIM;Loja Fisica;;;;;;;Retirada na loja;produto fora de linha - substituido
PA-2023-00296;09/25/2023 02:47 PM;09/25/2023 02:57 PM;Pata Amiga Timbó;LJ-005;;racao;PIX;16;0;0;43.9;2.813,64;R$ 1.322,41;R$ 1.491,23;1;LOJA FISICA;;;;;;;Retirada na loja;conferir endereco com o cliente
PA-2023-00314;09/25/2023 03:07 PM;09/25/2023 05:07 PM;Pata Amiga São José Kobrasol;;Real Parque;Servico;boleto;5;0;0;4,7;R$ 637,11;51.61;R$ 585,50;Sim;Tel.;2023-09-27;2023-09-27;2023-09-29;2023-10-01;17.69;Rapido Catarinense;Entregue;aguardando confirmacao de estoque
PA-2023-00293;09/25/2023 04:50 PM;09/25/2023 06:10 PM; Pata Amiga Brusque;LJ-004;;HIGIENE;boleto;1;;0;2.3;50,52;1,36;49.16;sim;Loja Física;;;;;;;Retirada na loja;conferir endereco com o cliente
PA-2023-00302;09/25/2023 01:38 PM;09/25/2023 06:38 PM;PATA AMIGA INDAIAL;;Warnow;PETISCO;DINHEIRO;10;0;0;22,4;R$ 428,01;201,16;226.85;1;LOJA FISICA;;;;;;;Retirada na loja;
PA-2023-00300;09/25/2023 07:20 PM;09/25/2023 07:55 PM;Pata Amiga Indaial;LJ-006;Warnow;PETISCO;Boleto;6;0;0;10,4;R$ 306,15;R$ 143,89;162,26;1;loja fisica;;;;;;;Retirada na loja;
PA-2023-00301;09/25/2023 07:23 PM;09/25/2023 07:58 PM;Pata Amiga Indaial;LJ-006;Encano;RACAO;pix;7;1;0;26.2;R$ 1.511,08;R$ 710,21;800;V;App Pata Amiga;2023-09-26;;;;;Entrega Expressa SC;Aguardando nota fiscal;
PA-2023-00312;09/25/2023 10:23 AM;09/25/2023 08:23 PM;Pata Amiga Florianopolis Norte/SC;LJ-017;Ingleses;RAÇÃO;boleto;4;0;0;13,4;R$ 640,86;121,12;519;SIM;WHATSAPP;2023-09-27;2023-09-28;2023-10-02;;;TransPet Log;Despachado - em transito;
PA-2023-00310;09/25/2023 07:55 PM;09/25/2023 10:55 PM;PATA AMIGA SAO BENTO DO SUL;LJ-015;Oxford;HIGIENE;boleto;1;;0;1.3;28,82;0,00;R$ 28,82;false;site;2023-09-27;2023-09-27;2023-10-01;2023-10-02;7,59;TransPet Log;Entregue;pedido recorrente
PA-2023-00306;09/25/2023 08:10 PM;09/25/2023 11:10 PM;PATA AMIGA RIO DOS CEDROS;;Centro;Petiscos;boleto;16;0;0;14.1;R$ 398,06;R$ 187,09;210.97;true;Tel.;2023-09-30;2023-10-01;;;;Correios;Aguardando despacho;
PA-2023-00303;09/25/2023 06:40 PM;09/25/2023 11:40 PM;pata amiga indaial;;Encano;petisco;Pix;10;1;2;41.1;408.63;192;216,57;true;Loja Física;;;;;;;Retirada na loja;embalagem para presente
PA-2023-00304;09/25/2023 09:35 PM;09/26/2023 12:35 AM;Pata Amiga Indaial;;;RAÇÃO;Cartão de Crédito;7;0;0;2.9;1.209,32;568,38;R$ 640,94;V;site;2023-09-27;2023-09-27;2023-09-29;2023-10-01;13,17;Logistica Propria;Entregue;cliente pediu entrega no periodo da tarde
PA-2023-00299;09/25/2023 04:30 PM;09/26/2023 02:30 AM;Pata Amiga Indaial;;Warnow;PETISCO;Cartão de Crédito;15;;0;61,5;429,32;201,78;227,54;;Loja Fisica;;;;;;;Retirada na loja;conferir endereco com o cliente
PA-2023-00319;09/26/2023 12:40 AM;09/26/2023 05:40 AM;Pata Amiga Florianópolis Norte;;Costeira;SERVICO;BOLETO;2;0;0;6.4;237.56;6;230,91;1;SITE;2023-09-28;2023-09-29;;;;Correios;Aguardando despacho;
PA-2023-00323;09/26/2023 07:00 AM;09/26/2023 05:00 PM;pata amiga xanxere;;Bela Vista;Medicamento;Cartão de Débito;3;0;0;9.1;211,60;R$ 9,73;201;1;Site;;;;;;;Pedido cancelado;
PA-2023-00320;09/26/2023 05:25 PM;09/26/2023 06:00 PM;Pata Amiga Palhoca;LJ-019;Passa Vinte;petisco;PIX;2;0;0;2,0;R$ 104,96;0,00;R$ 104,96;;Loja Física;;;;;;;Retirada na loja;conferir endereco com o cliente
PA-2023-00318;09/26/2023 04:40 PM;09/26/2023 07:40 PM;Pata Amiga Rio do Sul;;;MEDICAMENTO;Especie;2;0;0;4,3;R$ 282,27;14,68;267,59;X;loja fisica;;;;;;;Retirada na loja;
PA-2023-00321;09/26/2023 11:47 PM;09/26/2023 11:57 PM;Pata Amiga Criciuma;LJ-021;Centro;racao;VALE PET;2;0;0;7,0;R$ 200,41;0,40;R$ 200,01;sim;Tel.;2023-09-27;2023-09-28;2023-09-29;2023-10-01;22,76;TransPet Log;Entregue;
PA-2023-00340;09/27/2023 03:12 AM;09/27/2023 03:22 AM;Pata Amiga Florianopolis Norte/SC;;Saco Grande;racao;Cartao de Credito;16;1;0;53.5;3.347,61;R$ 1.523,16;1.824,45;true;App;2023-09-29;2023-09-29;2023-10-03;;;Logistica Propria;Despachado - em transito;cliente pediu entrega no periodo da tarde
PA-2023-00326;09/27/2023 03:10 AM;09/27/2023 03:45 AM;PATA AMIGA GASPAR;;;Acessorio;pix;1;0;;3,1;R$ 72,71;0,00;72.71;0;App Pata Amiga;2023-09-28;;;;;Rapido Catarinense;Aguardando nota fiscal;pedido recorrente
PA-2023-00322;09/26/2023 05:52 PM;09/27/2023 03:52 AM;PATA AMIGA TUBARAO;;Passagem;RACAO;Especie;1;0;0;0.9;93,38;0,00;93,38;Nao;App Pata Amiga;2023-09-29;2023-09-29;2023-10-05;2023-10-08;7.57;TransPet Log;Entregue;conferir endereco com o cliente
PA-2023-00324;09/27/2023 04:15 AM;09/27/2023 04:50 AM;Pata Amiga Timbó;;;HIGIENE;Cartao de Debito;2;0;0;5.6;R$ 94,39;4;89,58;V;WHATSAPP;2023-09-29;2023-09-30;2023-10-05;2023-10-06;15,02;Rapido Catarinense;Entregue;
PA-2023-00327;09/27/2023 04:55 AM;09/27/2023 05:05 AM;Pata Amiga Joinville Sul/SC;LJ-013;Aventureiro;BRINQUEDO;Credito;4;0;0;3.7;144.17;R$ 8,07;136,10;SIM;site;2023-09-28;2023-09-29;;;;Rapido Catarinense;Aguardando despacho;
PA-2023-00343;09/27/2023 05:25 AM;09/27/2023 05:35 AM;pata amiga florianopolis norte;;Trindade;RAÇÃO;boleto;6;n/d;0;14.4;R$ 906,66;412,53;494.13;SIM;Site;2023-09-29;2023-09-30;2023-10-03;2023-10-06;R$ 41,04;Rapido Catarinense;Entregue;
PA-2023-00356;09/27/2023 01:00 AM;09/27/2023 06:00 AM;Pata Amiga Ararangua;LJ-023;Cidade Alta;Higiene e Beleza;dinheiro;5;0;0;19.1;247,96;31,99;215,97;S;APP;2023-09-29;2023-09-30;2023-10-01;2023-10-02;38,69;TransPet Log;Entregue;
PA-2023-00338;09/27/2023 05:45 AM;09/27/2023 06:05 AM;Pata Amiga Florianopolis Norte;LJ-017;Costeira;RACAO;Pix;9;0;0;26,0;R$ 1.033,96;R$ 470,45;563,51;X;App Pata Amiga;2023-09-29;2023-09-30;2023-10-05;2023-10-06;R$ 83,41;TransPet Log;Entregue;
PA-2023-00345;09/27/2023 05:07 AM;09/27/2023 06:27 AM;PATA AMIGA FLORIANOPOLIS NORTE;LJ-017;Saco Grande;MEDICAMENTO;Especie;5;0;-;8,9;R$ 450,83;R$ 205,13;245,70;sim;Tel.;2023-09-29;2023-09-30;2023-10-02;2023-10-03;34.41;Rapido Catarinense;Entregue;embalagem para presente
PA-2023-00350;09/27/2023 04:05 AM;09/27/2023 07:05 AM;Pata Amiga Sao Jose Kobrasol;LJ-018;Real Parque;Brinquedo;BOLETO;2;0;0;4,3;;R$ 10,96;81,89;V;SITE;2023-09-28;2023-09-28;2023-10-03;2023-10-04;18,10;Entrega Expressa SC;Entregue;embalagem para presente
PA-2023-00332;09/27/2023 06:40 AM;09/27/2023 08:00 AM;Pata Amiga Sao Bento do Sul;LJ-015;Oxford;Petiscos;CARTAO DE CREDITO;2;0;0;3,4;R$ 54,15;3,03;51,12;Sim;App;2023-09-29;2023-09-30;2023-10-01;2023-10-03;R$ 9,54;Logistica Propria;Entregue;produto fora de linha - substituido
PA-2023-00349;09/27/2023 03:23 AM;09/27/2023 08:23 AM;Pata Amiga Floripa Norte;LJ-017;Centro;PETISCO;PIX;14;1;0;46,2;R$ 426,43;R$ 194,03;R$ 232,40;V;;;;;;;;Pedido cancelado;
PA-2023-00347;09/27/2023 10:50 AM;09/27/2023 11:00 AM;Pata Amiga Florianópolis Norte;LJ-017;Centro;Racao Seca;boleto;12;0;0;34.1;1.948,78;886.69;1062.09;V;Loja Física;;;;;;;Retirada na loja;embalagem para presente
PA-2023-00354;09/27/2023 11:40 AM;09/27/2023 12:15 PM;PATA AMIGA CRICIUMA;LJ-021;Centro;Racao;Cartao de Debito;12;1;1;8.8;1.699,24;338.15;1361;sim;Loja Física;;;;;;;Retirada na loja;produto fora de linha - substituido
PA-2023-00329;09/27/2023 11:15 AM;09/27/2023 12:35 PM;Pata Amiga Jgua do Sul;;Centro;Rac.;PIX;1;0;0;4.1;108,42;23,96;R$ 84,46;Sim;loja fisica;;;;;;;Retirada na loja;cliente pediu entrega no periodo da tarde
PA-2023-00335;09/27/2023 11:55 AM;09/27/2023 01:15 PM;Pata Amiga Florianopolis Norte;LJ-017;Centro;PETISCO;Vale Pet;5;0;0;4.3;246.07;111,96;134,11;true;App Pata Amiga;2023-09-29;2023-09-29;2023-10-01;2023-10-04;12.36;Rapido Catarinense;Entregue;
PA-2023-00352;09/27/2023 10:20 AM;09/27/2023 01:20 PM;PATA AMIGA PALHOCA;LJ-019;Pagani;Racao;pix;3;0;0;7,4;678,11;80,02;598,09;Sim;app;2023-09-29;2023-09-29;2023-10-01;2023-10-04;15;Rapido Catarinense;Entregue;conferir endereco com o cliente
PA-2023-00339;09/27/2023 12:35 PM;09/27/2023 01:25 PM;Pata Amiga Florianópolis Norte;LJ-017;Centro;Racao Seca;vale pet;17;;0;32.4;3484.93;1585;1.899,29;SIM;SITE;2023-09-28;;;;;Logistica Propria;Aguardando nota fiscal;
PA-2023-00351;09/27/2023 10:25 AM;09/27/2023 01:25 PM;Pata Amiga Sao Jose Kobrasol/SC;LJ-018;Kobrasol;Acessório;Especie;3;0;2;4,0;R$ 272,70;R$ 32,18;240.52;sim;LOJA FISICA;;;;;;;Retirada na loja;
PA-2023-00341;09/27/2023 01:07 PM;09/27/2023 01:27 PM;Pata Amiga Floripa Norte;LJ-017;Centro;racao;CARTAO DE DEBITO;18;1;N/I;50.5;3402;1548.02;1854;1;Tel.;;;;;;;Pedido cancelado;pedido recorrente
PA-2023-00328;09/27/2023 12:20 PM;09/27/2023 01:40 PM;Pata Amiga Jaraguá do Sul;LJ-014;Barra do Rio Cerro;RACAO;Pix;4;0;0;13.7;861,71;190,44;671,27;X;site;2023-09-29;2023-09-29;2023-10-02;2023-10-05;R$ 41,08;TransPet Log;Entregue;
PA-2023-00330;09/27/2023 01:20 PM;09/27/2023 01:55 PM;Pata Amiga Jaragua do Sul;LJ-014;Centro;RACAO;VALE PET;2;0;0;5,8;365,72;80,82;284,90;1;Loja Física;;;;;;;Retirada na loja;conferir endereco com o cliente
PA-2023-00336;09/27/2023 01:05 PM;09/27/2023 01:55 PM;pata amiga florianopolis norte;;Ingleses;Petisco;Boleto;11;1;0;37.4;309,88;141,00;168,88;SIM;Site;2023-09-29;2023-09-29;;;;Correios;Aguardando despacho;aguardando confirmacao de estoque
PA-2023-00357;09/27/2023 04:10 PM;09/27/2023 04:20 PM;Pata Amiga Xanxere;;Centro;Medicamentos;Vale Pet;5;;0;12,9;385,57;70,94;314,63;X;Telefone;2023-09-28;2023-09-29;2023-10-03;2023-10-05;39,81;Rapido Catarinense;Entregue;
PA-2023-00353;09/27/2023 04:00 PM;09/27/2023 04:35 PM;Pata Amiga Palhoca;LJ-019;;SERVICO;Dinheiro;5;0;;17.5;524,48;61,89;462,59;true;Tel.;2023-09-29;2023-09-29;2023-10-03;2023-10-05;56,41;Entrega Expressa SC;Entregue;cliente pediu entrega no periodo da tarde
PA-2023-00342;09/27/2023 04:30 PM;09/27/2023 04:50 PM;Pata Amiga Florianópolis Norte;LJ-017;Ingleses;HIGIENE;Boleto;8;1;;5,2;341,59;155;R$ 186,17;V;APP;2023-09-28;;;;;Entrega Expressa SC;Aguardando nota fiscal;
PA-2023-00333;09/27/2023 06:30 PM;09/27/2023 06:50 PM;Pata Amiga Florianopolis Norte/SC;LJ-017;Ingleses;Racao;vale pet;11;1;0;6.7;;833,48;998,34;sim;LOJA FISICA;;;;;;;Retirada na loja;
PA-2023-00334;09/27/2023 08:55 AM;09/27/2023 06:55 PM;Pata Amiga Florianopolis Norte;;Rio Vermelho;RACAO;CARTAO DE DEBITO;12;1;0;25.2;1.822,36;R$ 829,17;R$ 993,19;X;site;2023-09-28;2023-09-28;2023-10-03;2023-10-05;R$ 77,33;Correios;Entregue;produto fora de linha - substituido
PA-2023-00355;09/27/2023 04:30 PM;09/27/2023 07:30 PM;Pata Amiga Criciúma;LJ-021;Prospera;RACAO;CARTAO DE CREDITO;6;0;1;15.7;838,20;166;671.40;V;App;2023-09-29;2023-09-30;2023-10-05;2023-10-06;48.13;Correios;Entregue;
PA-2023-00344;09/27/2023 06:52 PM;09/27/2023 09:52 PM;Pata Amiga Florianopolis Norte;LJ-017;Rio Vermelho;HIGIENE;CARTAO DE DEBITO;11;1;2;45.3;324,11;R$ 147,47;176,64;SIM;;2023-09-29;2023-09-29;2023-10-04;2023-10-06;132,75;Entrega Expressa SC;Entregue;pedido recorrente
PA-2023-00337;09/27/2023 09:25 PM;09/27/2023 10:15 PM;Pata Amiga Floripa Norte;;Saco Grande;Ração Medicamentosa;dinheiro;8;0;0;15,8;1.187,18;540.17;R$ 647,01;true;loja fisica;;;;;;;Retirada na loja;embalagem para presente
PA-2023-00348;09/27/2023 09:12 PM;09/28/2023 12:12 AM;PATA AMIGA FLORIANOPOLIS NORTE;;Trindade;Racao Seca;PIX;11;1;0;17,8;2.132,79;R$ 970,42;1.162,37;sim;app;2023-09-30;2023-09-30;2023-10-05;2023-10-08;44,58;Rapido Catarinense;Entregue;conferir endereco com o cliente
PA-2023-00346;09/27/2023 09:45 PM;09/28/2023 12:45 AM;Pata Amiga Florianopolis Norte/SC;;Saco Grande;Higiene e Beleza;BOLETO;13;1;2;7.8;375,67;R$ 170,93;R$ 204,74;S;App;2023-09-30;2023-10-01;2023-10-04;2023-10-06;29.12;Correios;Entregue;
PA-2023-00358;09/27/2023 07:47 PM;09/28/2023 12:47 AM;Pata Amiga São Miguel do Oeste;LJ-032;Agostini;Med.;Pix;4;0;0;9,2;-;102.15;452,99;X;;2023-09-30;2023-09-30;2023-10-04;2023-10-06;R$ 27,15;Correios;Entregue;
PA-2023-00359;09/28/2023 01:15 AM;09/28/2023 01:35 AM;Pata Amiga Blumenal Centro;LJ-001;Vorstadt;Hig.;Pix;1;0;0;2.3;47,39;0.00;47.39;Não;app;2023-10-01;2023-10-02;;;;TransPet Log;Aguardando despacho;cliente pediu entrega no periodo da tarde
PA-2023-00364;09/28/2023 12:20 AM;09/28/2023 01:40 AM;Pata Amiga Florianopolis Norte;LJ-017;;Racao;Cartao de Debito;2;0;0;8,1;318,26;R$ 0,00;318,26;nao;Loja Fisica;;;;;;;Retirada na loja;conferir endereco com o cliente
PA-2023-00325;09/27/2023 11:40 PM;09/28/2023 02:40 AM;pata amiga indaial;LJ-006;Encano;Brinquedo;Vale Pet;5;0;;11.9;391,04;19,94;371,10;true;app;2023-09-30;2023-09-30;2023-10-05;2023-10-07;41,43;Entrega Expressa SC;Entregue;
PA-2023-00360;09/28/2023 05:23 AM;09/28/2023 05:33 AM;Pata Amiga Timbo;LJ-005;Centro;HIGIENE;VALE PET;1;0;0;3.4;R$ 36,81;0.00;36,81;N;Site;2023-09-29;2023-09-30;2023-10-03;2023-10-05;12.48;Correios;Entregue;produto fora de linha - substituido
PA-2023-00361;09/28/2023 06:30 AM;09/28/2023 07:05 AM;Pata Amiga Ituporanga;;Vila Nova;Racao Seca;Pix;4;0;-;5.6;399;34,75;364,67;Sim;Telefone;;;;;;;Pedido cancelado;
PA-2023-00331;09/27/2023 09:07 PM;09/28/2023 07:07 AM;Pata Amiga Jgua do Sul;LJ-014;Centro;Rac.;Especie;8;0;;7.5;R$ 971,84;R$ 214,78;757.06;SIM;Whatsapp;2023-09-29;2023-09-29;2023-10-04;2023-10-06;18,13;Rapido Catarinense;Entregue;
PA-2023-00363;09/28/2023 07:40 AM;09/28/2023 08:30 AM;Pata Amiga Jaraguá do Sul;LJ-014;Jaragua Esquerdo;servico;Cartão de Débito;3;0;1;8,2;R$ 350,12;0;350,12;NAO;APP;2023-09-29;2023-09-30;2023-10-04;2023-10-06;21;Correios;Entregue;aguardando confirmacao de estoque
PA-2023-00365;09/28/2023 05:05 AM;09/28/2023 03:05 PM;PATA AMIGA PALHOCA;;Pagani;higiene;Debito;3;0;0;10.4;162;R$ 0,00;162.48;NAO;Site;2023-09-30;2023-10-01;2023-10-04;2023-10-05;29,23;Entrega Expressa SC;Entregue;
PA-2023-00366;09/28/2023 03:07 PM;09/28/2023 03:17 PM;Pata Amiga Chapecó;;Centro;Brinquedo;vale pet;3;0;0;2.7;179.38;0,00;R$ 179,38;0;SITE;2023-09-29;2023-09-29;2023-10-01;2023-10-02;13.42;Entrega Expressa SC;Entregue;
PA-2023-00362;09/28/2023 11:20 PM;09/28/2023 11:40 PM;Pata Amiga Joinville Sul;LJ-013;;Serviço;Cartão de Débito;4;0;0;6.2;585;0,00;585,18;F;Loja Física;;;;;;;Retirada na loja;
PA-2023-00373;09/29/2023 12:20 AM;09/29/2023 12:40 AM;Pata Amiga Lages;;Habitacao;Acessorios;Cartão de Crédito;8;0;0;8.0;R$ 714,39;R$ 128,59;R$ 585,80;SIM;Loja Física;;;;;;;Retirada na loja;aguardando confirmacao de estoque
PA-2023-00367;09/29/2023 03:47 AM;09/29/2023 03:57 AM;Pata Amiga Rio Do Sul;;Centro;SERVICO;VALE PET;5;0;0;10.8;519,85;R$ 54,06;R$ 465,79;Sim;LOJA FISICA;;;;;;;Retirada na loja;pedido recorrente
PA-2023-00370;09/29/2023 02:50 AM;09/29/2023 05:50 AM;Pata Amiga Florianopolis Norte/SC;;Rio Vermelho;Brinquedos;Boleto;1;0;0;1.6;R$ 48,93;0,39;48,54;X;APP;2023-10-01;2023-10-01;2023-10-06;2023-10-08;6;Rapido Catarinense;Entregue;
PA-2023-00375;09/29/2023 06:05 AM;09/29/2023 06:15 AM;PATA AMIGA CHAPECO;LJ-029;Passo dos Fortes;Medicamento;PIX;8;0;0;10,0;R$ 1.075,92;291,57;784,35;SIM;Loja Fisica;;;;;;;Retirada na loja;
PA-2023-00369;09/29/2023 07:38 AM;09/29/2023 08:58 AM;PATA AMIGA SAO BENTO DO SUL;LJ-015;Serra Alta;Acessorios;Cartão de Débito;3;0;0;6,8;244,20;10,99;233,21;1;App Pata Amiga;2023-09-30;2023-10-01;2023-10-04;2023-10-07;17,26;Logistica Propria;Entregue;pedido recorrente
PA-2023-00378;09/29/2023 07:25 AM;09/29/2023 09:25 AM;Pata Amiga Chapecó;LJ-029;Sao Cristovao;Petisco;BOLETO;9;0;0;34.1;276,54;R$ 74,94;201,60;SIM;SITE;;;;;;;Pedido cancelado;pedido recorrente
PA-2023-00379;09/29/2023 08:25 AM;09/29/2023 10:25 AM;Pata Amiga Chapecó;;Efapi;PETISCO;Vale Pet;10;0;0;23,1;484,74;131;R$ 353,38;sim;telefone;2023-09-30;2023-10-01;2023-10-03;2023-10-04;53.39;Entrega Expressa SC;Entregue;
PA-2023-00380;09/29/2023 10:10 AM;09/29/2023 11:30 AM;Pata Amiga Concórdia;LJ-030;;Ração;BOLETO;7;0;0;7,8;1246.38;R$ 337,77;908,61;SIM;WHATSAPP;2023-10-02;2023-10-02;2023-10-06;;;Entrega Expressa SC;Despachado - em transito;
PA-2023-00377;09/29/2023 10:25 AM;09/29/2023 11:45 AM;PATA AMIGA CHAPECO;LJ-029;Sao Cristovao;Ração;Especie;-;;1;5.3;749,99;203,25;546,74;S;app;2023-10-01;2023-10-02;2023-10-04;;;Logistica Propria;Despachado - em transito;
PA-2023-00372;09/29/2023 12:15 PM;09/29/2023 12:25 PM;pata amiga laguna;LJ-024;Ponta das Pedras;Servicos;Cartão de Crédito;2;0;;8.3;346,86;11;R$ 335,76;SIM;Loja Física;;;;;;;Retirada na loja;pedido recorrente
PA-2023-00374;09/29/2023 11:07 AM;09/29/2023 01:07 PM;pata amiga curitibanos;LJ-028;Centro;Hig.;CARTAO DE CREDITO;9;0;;6.4;321.87;57,94;R$ 263,93;SIM;;;;;;;;Retirada na loja;
PA-2023-00368;09/29/2023 02:30 PM;09/29/2023 03:05 PM;Pata Amiga Itajai Praia/SC;LJ-003;Fazenda;HIGIENE;pix;4;0;2;5,7;R$ 108,60;R$ 0,76;R$ 107,84;Sim;SITE;;;;;;;Pedido cancelado;embalagem para presente
PA-2023-00383;09/29/2023 01:25 PM;09/29/2023 03:25 PM;Pata Amiga São Miguel do Oeste;;Centro;medicamento;Boleto;;0;0;28.2;1.348,54;365,45;983;X;app;2023-10-01;2023-10-02;;;;Rapido Catarinense;Aguardando despacho;cliente pediu entrega no periodo da tarde
PA-2023-00382;09/29/2023 04:07 PM;09/29/2023 05:27 PM;PATA AMIGA SAO MIGUEL DO OESTE;LJ-032;Centro;Racao Medicamentosa;Debito;9;0;0;36.7;R$ 1.233,70;334;899,37;S;Telefone;2023-09-30;2023-09-30;2023-10-01;2023-10-02;122,31;Correios;Entregue;embalagem para presente
PA-2023-00371;09/29/2023 05:30 PM;09/29/2023 06:20 PM;Pata Amiga São José Kobrasol;;Kobrasol;Hig.;PIX;1;0;0;2,8;49.04;R$ 0,98;48;Sim;;2023-10-01;2023-10-01;2023-10-05;;;Entrega Expressa SC;Despachado - em transito;
PA-2023-00381;09/29/2023 05:00 PM;09/29/2023 08:00 PM;Pata Amiga Xanxere;;Bela Vista;Med.;CARTAO DE CREDITO;4;0;0;7,6;R$ 426,73;115,64;311.09;V;SITE;2023-09-30;2023-09-30;2023-10-02;2023-10-04;16,20;Entrega Expressa SC;Entregue;embalagem para presente
PA-2023-00376;09/29/2023 07:15 PM;09/29/2023 08:35 PM;PATA AMIGA CHAPECO;LJ-029;Passo dos Fortes;Racao Seca;DINHEIRO;7;1;0;9,3;1.553,20;420,92;1.132,28;S;SITE;2023-09-30;2023-10-01;2023-10-05;2023-10-07;18,08;Entrega Expressa SC;Entregue;
PA-2023-00385;09/30/2023 01:23 AM;09/30/2023 02:43 AM;PATA AMIGA ITAJAÍ PRAIA;;Cabecudas;SERVICO;Cartão de Crédito;4;0;0;5,6;659;75,24;584,73;X;site;2023-10-02;2023-10-03;2023-10-06;2023-10-09;16,78;TransPet Log;Entregue;embalagem para presente
PA-2023-00384;09/30/2023 03:07 AM;09/30/2023 08:07 AM;Pata Amiga Itajai Praia;LJ-003;;Serviço;Debito;7;1;0;3,1;1024.51;116,79;R$ 907,72;S;;;;;;;;Retirada na loja;produto fora de linha - substituido
PA-2023-00387;09/30/2023 06:23 AM;09/30/2023 08:23 AM;Pata Amiga Timbo;LJ-005;Capitais;Brinquedo;dinheiro;2;0;0;2.0;137.75;0.00;R$ 137,75;Nao;Site;2023-10-01;2023-10-02;2023-10-04;2023-10-06;11,36;Correios;Entregue;embalagem para presente
PA-2023-00389;09/30/2023 08:40 AM;09/30/2023 10:40 AM;PATA AMIGA JARAGUA DO SUL;LJ-014;Ilha da Figueira;Racao;CARTAO DE DEBITO;10;0;0;7.7;2137.77;630.64;1.507,13;V;app;2023-10-02;2023-10-03;2023-10-04;2023-10-06;29,85;Entrega Expressa SC;Entregue;pedido recorrente
PA-2023-00386;09/30/2023 10:35 AM;09/30/2023 12:35 PM; Pata Amiga Brusque;LJ-004;Aguas Claras;Acessorio;boleto;5;n/d;0;15,1;352,42;R$ 40,18;;sim;Site;2023-10-01;2023-10-01;;;;TransPet Log;Aguardando despacho;cliente pediu entrega no periodo da tarde
PA-2023-00388;09/30/2023 10:10 AM;09/30/2023 03:10 PM;Pata Amiga Joinville Sul;;Aventureiro;HIGIENE;Pix;1;0;n/d;2,7;59,77;0,00;59;;SITE;2023-10-01;2023-10-02;2023-10-07;2023-10-08;R$ 8,31;Correios;Entregue;conferir endereco com o cliente
PA-2023-00390;09/30/2023 03:55 PM;09/30/2023 04:45 PM;Pata Amiga Jgua do Sul;LJ-014;Jaragua Esquerdo;Rac.;pix;8;1;0;26,2;1.042,84;307,64;R$ 735,20;1;app;2023-10-01;2023-10-01;2023-10-05;2023-10-08;85,19;Correios;Entregue;cliente pediu entrega no periodo da tarde
PA-2023-00392;09/30/2023 11:40 PM;10/01/2023 12:00 AM;Pata Amiga Jaraguá do Sul;;Jaragua Esquerdo;RAÇÃO;DINHEIRO;16;;0;45.2;2.361,41;R$ 696,62;1.664,79;X;APP;2023-10-03;2023-10-04;2023-10-08;2023-10-10;R$ 107,40;Correios;Entregue;produto fora de linha - substituido
PA-2023-00394;10/01/2023 12:12 AM;10/01/2023 02:12 AM;Pata Amiga Joinville Sul;;Costa e Silva;Ração;pix;9;0;0;4.0;896.80;200,88;695.92;sim;site;2023-10-02;2023-10-03;2023-10-04;;;Correios;Despachado - em transito;pedido recorrente
PA-2023-00391;09/30/2023 10:40 PM;10/01/2023 03:40 AM;Pata Amiga Jaragua Do Sul;;Jaragua Esquerdo;Med.;vale pet;10;1;0;8,3;1302.16;R$ 384,14;918,02;V;loja fisica;;;;;;;Retirada na loja;embalagem para presente
PA-2023-00396;10/01/2023 03:38 AM;10/01/2023 06:38 AM;Pata Amiga São Bento do Sul;LJ-015;Oxford;Racao Medicamentosa;Pix;8;N/I;0;32.4;999,05;223.79;775,26;true;whatsapp;2023-10-02;2023-10-02;2023-10-04;2023-10-05;50,34;Logistica Propria;Entregue;
PA-2023-00395;10/01/2023 07:52 AM;10/01/2023 09:12 AM;PATA AMIGA JOINVILLE SUL;;Vila Nova;Medicamentos;vale pet;10;0;2;37,5;1361.91;305;1.056,84;sim;LOJA FISICA;;;;;;;Retirada na loja;
PA-2023-00398;10/01/2023 05:55 AM;10/01/2023 10:55 AM;pata amiga itapoa;LJ-016;Balneario Itapoa;Med.;Cartao de Credito;1;0;0;2.6;102;23,02;R$ 79,76;true;LOJA FISICA;;;;;;;Retirada na loja;pedido recorrente
PA-2023-00401;10/01/2023 01:20 AM;10/01/2023 11:20 AM;Pata Amiga Palhoca;LJ-019;;Racao Seca;Vale Pet;1;0;0;3.0;R$ 107,48;-;R$ 107,48;Não;LOJA FISICA;;;;;;;Retirada na loja;produto fora de linha - substituido
PA-2023-00402;10/01/2023 03:30 PM;10/01/2023 03:40 PM;pata amiga xanxere;;Centro;Ração;Pix;3;0;0;12,6;625,53;0.00;625.53;NAO;site;2023-10-03;2023-10-04;;;;Logistica Propria;Aguardando despacho;
PA-2023-00399;10/01/2023 11:38 AM;10/01/2023 04:38 PM;Pata Amiga Itapoa;;Figueira do Pontal;racao;Especie;7;0;0;6,6;R$ 919,39;205,94;;1;Loja Fisica;;;;;;;Retirada na loja;pedido recorrente
PA-2023-00397;10/01/2023 05:23 PM;10/01/2023 05:58 PM;PATA AMIGA SAO BENTO DO SUL;;Oxford;Hig.;Cartão de Crédito;8;0;0;3.9;475,22;106,45;R$ 368,77;V;loja fisica;;;;;;;Retirada na loja;pedido recorrente
PA-2023-00393;10/01/2023 01:55 PM;10/01/2023 06:55 PM;Pata Amiga Joinville Sul/SC;;Aventureiro;Ração;Cartão de Débito;6;0;0;20.3;816,14;182;R$ 633,32;true;telefone;2023-10-03;2023-10-04;;;;Correios;Aguardando despacho;
PA-2023-00400;10/01/2023 07:55 PM;10/01/2023 09:55 PM;Pata Amiga Florianopolis Norte;LJ-017;Saco Grande;Racao Seca;Cartão de Débito;;0;0;4.2;R$ 548,63;R$ 4,94;543,69;S;App;2023-10-03;2023-10-04;;;;Rapido Catarinense;Aguardando despacho;embalagem para presente
PA-2023-00403;10/02/2023 05:07 AM;10/02/2023 05:57 AM;Pata Amiga Blumenal Centro;;Ribeirao Fresco;petisco;Cartao de Debito;1;0;0;3.7;48.48;1;47,22;sim;SITE;2023-10-03;2023-10-03;2023-10-05;2023-10-07;15,24;TransPet Log;Entregue;
PA-2023-00405;10/02/2023 08:05 AM;10/02/2023 08:55 AM;Pata Amiga Palhoça;LJ-019;Pagani;brinquedo;Vale Pet;2;0;0;4.3;R$ 93,66;0,00;93,66;Não;loja fisica;;;;;;;Retirada na loja;
PA-2023-00404;10/02/2023 09:12 AM;10/02/2023 09:32 AM;PATA AMIGA ITAJAI PRAIA;LJ-003;Sao Vicente;racao;boleto;3;;;6.9;;0,00;R$ 402,82;nao;app;2023-10-05;2023-10-05;2023-10-09;2023-10-10;22,31;Logistica Propria;Entregue;
PA-2023-00415;10/03/2023 12:30 AM;10/03/2023 12:50 AM;Pata Amiga São José Kobrasol;LJ-018;Kobrasol;Higiene e Beleza;VALE PET;2;;2;4.4;R$ 89,82;1,89;87,93;true;App;2023-10-04;2023-10-05;2023-10-07;2023-10-09;16,43;Correios;Entregue;
PA-2023-00429;10/03/2023 01:35 AM;10/03/2023 01:55 AM;Pata Amiga Otacilio  Costa;;Centro;racao;boleto;17;0;0;63.5;3279.72;R$ 1.574,27;1.705,45;V;Tel.;2023-10-08;2023-10-09;2023-10-18;2023-10-22;87,56;Correios;Entregue;
PA-2023-00413;10/03/2023 12:50 AM;10/03/2023 02:10 AM;PATA AMIGA GASPAR;LJ-007;Gasparinho;acessorio;PIX;1;0;0;0,4;R$ 117,47;17,62;99,85;true;app;2023-10-05;2023-10-06;2023-10-08;2023-10-09;5.72;Correios;Entregue;embalagem para presente
PA-2023-00419;10/03/2023 02:47 AM;10/03/2023 03:07 AM;pata amiga lages;LJ-025;Habitacao;Hig.;boleto;5;0;;2,1;302,73;R$ 145,31;157.42;1;LOJA FISICA;;;;;;;Retirada na loja;
PA-2023-00428;10/03/2023 02:35 AM;10/03/2023 03:25 AM;Pata Amiga Otacilio  Costa;;Centro;Rac.;Cartao de Credito;12;0;0;9,6;R$ 1.943,04;932.66;1.010,38;X;site;2023-10-06;2023-10-07;2023-10-17;2023-10-20;30,88;Correios;Entregue;produto fora de linha - substituido
PA-2023-00435;10/03/2023 02:30 AM;10/03/2023 04:30 AM;PATA AMIGA SAO MIGUEL DO OESTE;LJ-032;Centro;PETISCO;Especie;4;0;0;7.5;;R$ 10,82;148,26;S;Site;2023-10-05;2023-10-06;2023-10-09;2023-10-11;21;Rapido Catarinense;Entregue;aguardando confirmacao de estoque
PA-2023-00431;10/03/2023 03:47 AM;10/03/2023 05:07 AM;pata amiga curitibanos;LJ-028;Centro;Ração;Boleto;11;1;1;32.5;1.830,36;R$ 878,57;951;V;site;2023-10-05;;;;;Entrega Expressa SC;Aguardando nota fiscal;pedido recorrente
PA-2023-00412;10/03/2023 09:45 AM;10/03/2023 09:55 AM;PATA AMIGA GASPAR;LJ-007;Gasparinho;Med.;DINHEIRO;4;0;0;10,5;R$ 337,13;50,57;;SIM;Whatsapp;2023-10-05;2023-10-05;2023-10-08;2023-10-10;20,62;Rapido Catarinense;Entregue;
PA-2023-00425;10/03/2023 09:25 AM;10/03/2023 10:45 AM;Pata Amiga São Joaquim;;Santa Terezinha;RAÇÃO;Pix;14;2;0;42,0;3.117,07;1.496,19;1.620,88;Sim;WhatsApp;2023-10-06;2023-10-06;2023-10-16;2023-10-20;65,42;Entrega Expressa SC;Entregue;embalagem para presente
PA-2023-00426;10/03/2023 07:25 AM;10/03/2023 12:25 PM;Pata Amiga São Joaquim;LJ-026;Centro;RACAO;DINHEIRO;15;0;0;22.2;1.452,45;697;755;V;TELEFONE;2023-10-06;2023-10-07;2023-10-18;2023-10-21;53,40;Logistica Propria;Entregue;
PA-2023-00411;10/03/2023 10:55 AM;10/03/2023 01:55 PM;Pata Amiga Indaial;LJ-006;Warnow;PETISCO;Boleto;-;0;1;2.3;R$ 100,87;0.00;100;Não;site;2023-10-07;;;;;Correios;Aguardando nota fiscal;aguardando confirmacao de estoque
PA-2023-00408;10/03/2023 02:23 PM;10/03/2023 02:43 PM;pata amiga blumenau centro;LJ-001;Garcia;Higiene;Pix;3;;;3.6;86;12.92;73,23;S;SITE;2023-10-05;2023-10-05;2023-10-07;2023-10-09;15.69;Rapido Catarinense;Entregue;pedido recorrente
PA-2023-00423;10/03/2023 05:12 AM;10/03/2023 03:12 PM;PATA AMIGA SAO JOAQUIM;;Santa Terezinha;higiene;boleto;12;0;N/I;40,0;351,37;168,66;182;V;Whatsapp;2023-10-07;2023-10-08;;;;Rapido Catarinense;Aguardando despacho;
PA-2023-00424;10/03/2023 01:12 PM;10/03/2023 03:12 PM;Pata Amiga São Joaquim;;Centro;petisco;dinheiro;11;1;0;19,8;355,38;170.58;R$ 184,80;SIM;App Pata Amiga;2023-10-05;2023-10-05;;;;Rapido Catarinense;Aguardando despacho;
PA-2023-00432;10/03/2023 03:55 PM;10/03/2023 04:30 PM;PATA AMIGA CURITIBANOS;LJ-028;Centro;Higiene;dinheiro;20;0;0;36.2;988.80;R$ 474,62;514,18;true;;2023-10-05;2023-10-05;2023-10-07;2023-10-10;76,39;Entrega Expressa SC;Entregue;pedido recorrente
PA-2023-00422;10/03/2023 04:12 PM;10/03/2023 04:32 PM;pata amiga lages;LJ-025;Centro;Petiscos;DINHEIRO;17;1;0;8.9;639,04;306.74;332,30;V;app;2023-10-05;2023-10-05;2023-10-10;2023-10-12;33,02;TransPet Log;Entregue;cliente pediu entrega no periodo da tarde
PA-2023-00416;10/03/2023 04:10 PM;10/03/2023 04:45 PM;Pata Amiga Palhoça;LJ-019;Passa Vinte;acessorio;DINHEIRO;3;0;0;11.5;R$ 261,16;5.48;R$ 255,68;S;SITE;2023-10-04;2023-10-05;2023-10-08;2023-10-12;30.56;TransPet Log;Entregue;embalagem para presente
PA-2023-00414;10/03/2023 04:40 PM;10/03/2023 05:15 PM;Pata Amiga São Bento do Sul;LJ-015;Centro;petisco;Vale Pet;2;0;0;1.9;90,11;R$ 0,00;90,11;0;Tel.;2023-10-05;2023-10-06;2023-10-08;;;Rapido Catarinense;Despachado - em transito;cliente pediu entrega no periodo da tarde
PA-2023-00434;10/03/2023 07:25 AM;10/03/2023 05:25 PM;Pata Amiga Chapeco;LJ-029;Sao Cristovao;higiene;CARTAO DE DEBITO;3;0;0;6,4;109;R$ 7,41;101,61;SIM;APP;2023-10-05;2023-10-06;2023-10-09;2023-10-11;26,54;TransPet Log;Entregue;conferir endereco com o cliente
PA-2023-00420;10/03/2023 07:40 AM;10/03/2023 05:40 PM;pata amiga lages;LJ-025;Coral;RACAO;dinheiro;11;1;0;28,9;1010.14;484,87;525.27;true;APP;2023-10-05;2023-10-05;2023-10-06;2023-10-08;R$ 50,84;Correios;Entregue;
PA-2023-00421;10/03/2023 05:38 PM;10/03/2023 05:48 PM;pata amiga lages;LJ-025;Guarujal;petisco;Cartao de Credito;10;0;0;17,7;215,72;103.55;R$ 112,17;S;SITE;2023-10-04;2023-10-05;2023-10-10;2023-10-11;24,68;Rapido Catarinense;Entregue;produto fora de linha - substituido
PA-2023-00427;10/03/2023 08:40 PM;10/03/2023 08:50 PM;PATA AMIGA OTACILIO COSTA;LJ-027;;Racao Seca;Cartão de Crédito;13;1;0;24,6;2.384,82;1.144,71;R$ 1.240,11;1;SITE;2023-10-05;2023-10-06;;;;Correios;Aguardando despacho;aguardando confirmacao de estoque
PA-2023-00409;10/03/2023 11:30 AM;10/03/2023 09:30 PM;PATA AMIGA RIO DO SUL;LJ-002;Laranjeiras;Ração Medicamentosa;boleto;2;0;0;6.4;R$ 146,74;20.69;126;Sim;App Pata Amiga;2023-10-05;;;;;Logistica Propria;Aguardando nota fiscal;cliente pediu entrega no periodo da tarde
PA-2023-00406;10/03/2023 09:40 PM;10/03/2023 10:30 PM;pata amiga blumenau centro;LJ-001;Fortaleza;racao;boleto;8;0;0;5.1;1.305,39;195,81;1.109,58;S;Loja Fisica;;;;;;;Retirada na loja;aguardando confirmacao de estoque
PA-2023-00407;10/03/2023 06:07 PM;10/03/2023 11:07 PM;PATA AMIGA BLUMENAU CENTRO;;Salto do Norte;Petisco;dinheiro;6;0;0;23,7;299,92;44;254,93;Sim;app;2023-10-05;2023-10-06;2023-10-10;2023-10-12;53,20;Correios;Entregue;conferir endereco com o cliente
PA-2023-00417;10/03/2023 11:35 PM;10/04/2023 12:10 AM;PATA AMIGA SANTO AMARO DA IMPERATRIZ;LJ-020;Braco Sao Joao;Servicos;Cartão de Débito;5;0;0;3,8;R$ 572,47;R$ 34,92;537;sim;WhatsApp;2023-10-07;2023-10-08;2023-10-14;2023-10-16;10,71;Logistica Propria;Entregue;cliente pediu entrega no periodo da tarde
PA-2023-00410;10/03/2023 08:30 PM;10/04/2023 01:30 AM;pata amiga brusque;;Limeira;Servico;dinheiro;2;0;;8.2;336;0,00;R$ 336,48;N;APP;2023-10-06;2023-10-07;2023-10-08;2023-10-10;25;Rapido Catarinense;Entregue;
PA-2023-00430;10/03/2023 11:52 PM;10/04/2023 02:52 AM;Pata Amiga Curitibanos;LJ-028;Santa Cruz;Med.;Cartão de Crédito;16;0;0;66.6;2.358,13;1.131,90;1.226,23;S;SITE;2023-10-06;2023-10-06;2023-10-11;;;TransPet Log;Despachado - em transito;
PA-2023-00438;10/04/2023 12:05 AM;10/04/2023 03:05 AM;Pata Amiga Itajai Praia;LJ-003;Cordeiros;Higiene;Especie;5;0;0;13.1;140,69;R$ 25,04;R$ 115,65;Sim;whatsapp;2023-10-06;;;;;Logistica Propria;Aguardando nota fiscal;
PA-2023-00433;10/03/2023 11:23 PM;10/04/2023 04:23 AM;PATA AMIGA CURITIBANOS;LJ-028;Centro;racao;Boleto;18;2;1;49,3;3.484,50;1.672,56;R$ 1.811,94;SIM;APP;2023-10-06;2023-10-07;2023-10-11;2023-10-13;119;TransPet Log;Entregue;
PA-2023-00436;10/04/2023 08:20 AM;10/04/2023 08:30 AM;Pata Amiga Blumenau Centro;LJ-001;Velha;Brinquedos;Cartão de Débito;2;0;0;6.2;;0,00;84;N;Loja Fisica;;;;;;;Retirada na loja;pedido recorrente
PA-2023-00418;10/03/2023 11:55 PM;10/04/2023 09:55 AM;PATA AMIGA LAGES;LJ-025;Centro;PETISCO;Cartao de Credito;11;1;0;14.1;323;R$ 155,37;168.32;V;LOJA FISICA;;;;;;;Retirada na loja;produto fora de linha - substituido
PA-2023-00442;10/04/2023 09:45 AM;10/04/2023 12:45 PM;Pata Amiga Jgua do Sul;LJ-014;Centro;PETISCO;dinheiro;4;0;0;1,7;131,41;R$ 14,46;116,95;S;TELEFONE;2023-10-06;2023-10-06;2023-10-10;2023-10-13;R$ 7,93;Rapido Catarinense;Entregue;embalagem para presente
PA-2023-00446;10/04/2023 12:40 PM;10/04/2023 12:50 PM;PATA AMIGA FLORIANOPOLIS NORTE;LJ-017;Saco Grande;Higiene e Beleza;BOLETO;6;0;0;24,9;281.15;R$ 40,77;240;1;App Pata Amiga;2023-10-06;2023-10-07;2023-10-10;2023-10-11;75,04;Entrega Expressa SC;Entregue;
PA-2023-00445;10/04/2023 11:45 AM;10/04/2023 01:05 PM;Pata Amiga Itapoá;;Figueira do Pontal;RAÇÃO;dinheiro;8;0;1;18.6;823,10;175,32;647,78;Sim;TELEFONE;2023-10-07;2023-10-08;2023-10-22;;;Logistica Propria;Despachado - em transito;
PA-2023-00454;10/04/2023 08:55 AM;10/04/2023 01:55 PM;Pata Amiga Curitibanos;LJ-028;Santa Cruz;Higiene;Pix;3;0;0;8,0;80,95;R$ 6,72;74,23;S;Loja Física;;;;;;;Retirada na loja;
PA-2023-00443;10/04/2023 11:30 AM;10/04/2023 02:30 PM;Pata Amiga Sao Bento do Sul;;Centro;MEDICAMENTO;Vale Pet;6;;0;19.9;753,68;160,53;593.15;S;app;2023-10-06;2023-10-06;;;;Correios;Aguardando despacho;embalagem para presente
PA-2023-00451;10/04/2023 11:40 AM;10/04/2023 02:40 PM;PATA AMIGA TUBARAO;;Oficinas;RAÇÃO;Cartão de Crédito;4;0;0;7,4;-;65,01;536.95;;Loja Física;;;;;;;Retirada na loja;embalagem para presente
PA-2023-00450;10/04/2023 04:25 PM;10/04/2023 04:45 PM;Pata Amiga Criciuma/SC;;;petisco;Cartao de Debito;2;0;0;7.1;50,41;6,40;44,01;sim;site;2023-10-06;2023-10-07;2023-10-11;2023-10-13;13,44;TransPet Log;Entregue;
PA-2023-00441;10/04/2023 05:50 PM;10/04/2023 07:50 PM;PATA AMIGA JARAGUA DO SUL;LJ-014;Jaragua Esquerdo;RACAO;Cartao de Debito;4;0;;15,6;R$ 429,99;47;382,69;1;Tel.;2023-10-05;2023-10-06;2023-10-10;;;Correios;Despachado - em transito;
PA-2023-00440;10/04/2023 07:30 PM;10/04/2023 08:05 PM;pata amiga joinville sul;LJ-013;Aventureiro;RACAO;pix;5;0;0;15,7;520,28;110.82;R$ 409,46;V;WHATSAPP;2023-10-05;2023-10-06;2023-10-10;2023-10-12;27,07;Rapido Catarinense;Entregue;embalagem para presente
PA-2023-00449;10/04/2023 10:52 AM;10/04/2023 08:52 PM;Pata Amiga Criciuma/SC;;Rio Maina;Higiene e Beleza;DINHEIRO;3;0;0;5.2;142.20;18.06;124,14;X;;2023-10-06;2023-10-06;2023-10-10;2023-10-11;18.49;Correios;Entregue;
PA-2023-00452;10/04/2023 11:00 AM;10/04/2023 09:00 PM;pata amiga tubarao;LJ-022;;SERVICO;VALE PET;4;0;0;15.5;701;75,72;625,43;Sim;SITE;2023-10-06;2023-10-07;2023-10-10;2023-10-12;41,17;Logistica Propria;Entregue;embalagem para presente
PA-2023-00453;10/04/2023 08:55 PM;10/04/2023 09:05 PM;pata amiga laguna;LJ-024;Ponta das Pedras;MEDICAMENTO;Credito;6;0;0;5,1;677;73.17;604,37;V;app;2023-10-05;2023-10-06;2023-10-09;2023-10-11;R$ 15,88;Logistica Propria;Entregue;
PA-2023-00447;10/04/2023 08:40 PM;10/04/2023 09:30 PM;PATA AMIGA FLORIANOPOLIS NORTE;LJ-017;Centro;Petisco;Cartão de Crédito;2;0;0;5.9;70.16;R$ 10,17;59.99;Sim;App Pata Amiga;2023-10-05;2023-10-06;2023-10-09;2023-10-12;21;TransPet Log;Entregue;
PA-2023-00444;10/04/2023 06:40 PM;10/04/2023 09:40 PM;PATA AMIGA SAO BENTO DO SUL;LJ-015;Serra Alta;petisco;pix;9;1;0;5.6;369,78;;R$ 291,02;1;whatsapp;2023-10-07;2023-10-08;2023-10-12;2023-10-14;22,29;Rapido Catarinense;Entregue;aguardando confirmacao de estoque
PA-2023-00455;10/04/2023 04:45 PM;10/04/2023 09:45 PM;pata amiga chapeco;;Centro;racao;BOLETO;3;0;0;9.4;591,32;37,84;R$ 553,48;1;whatsapp;2023-10-06;2023-10-06;;;;Correios;Aguardando despacho;cliente pediu entrega no periodo da tarde
PA-2023-00439;10/04/2023 09:50 PM;10/04/2023 10:10 PM;PATA AMIGA BRUSQUE;LJ-004;Dom Joaquim;Hig.;Boleto;4;0;0;6.8;128,39;22,85;105,54;S;Loja Física;;;;;;;Retirada na loja;produto fora de linha - substituido
PA-2023-00456;10/04/2023 01:20 PM;10/04/2023 11:20 PM;PATA AMIGA CONCORDIA;;Petropolis;Brinquedos;PIX;;0;0;10.6;145.03;9,28;R$ 135,75;true;LOJA FISICA;;;;;;;Retirada na loja;conferir endereco com o cliente
PA-2023-00461;10/05/2023 01:12 AM;10/05/2023 01:22 AM; Pata Amiga Gaspar;;Gasparinho;SERVICO;Boleto;7;0;0;8.4;686,06;104;581;S;site;2023-10-06;2023-10-07;2023-10-11;2023-10-13;16,86;TransPet Log;Entregue;
PA-2023-00448;10/04/2023 08:55 PM;10/05/2023 01:55 AM;Pata Amiga Florianópolis Norte;;Ingleses;Racao Seca;Cartão de Débito;5;;0;16,4;873.19;R$ 126,61;R$ 746,58;S;App;;;;;;;Pedido cancelado;pedido recorrente
PA-2023-00459;10/05/2023 02:10 AM;10/05/2023 02:20 AM;Pata Amiga Blumenal Centro;LJ-001;Salto do Norte;Hig.;Pix;3;;-;5,1;;15,84;88,39;V;SITE;2023-10-06;2023-10-06;2023-10-11;2023-10-13;20.26;TransPet Log;Entregue;
PA-2023-00468;10/05/2023 12:20 AM;10/05/2023 03:20 AM;PATA AMIGA CRICIUMA;;Prospera;Higiene;Cartao de Credito;4;0;0;7,8;128,16;5.77;122,39;X;SITE;2023-10-07;2023-10-07;2023-10-11;2023-10-13;21,21;Logistica Propria;Entregue;
PA-2023-00462;10/05/2023 01:23 AM;10/05/2023 03:23 AM;PATA AMIGA PRESIDENTE GETULIO;LJ-008;;Racao;Vale Pet;5;0;0;2.3;1.006,83;179;827.61;Sim;Loja Física;;;;;;;Retirada na loja;
PA-2023-00437;10/04/2023 06:15 PM;10/05/2023 04:15 AM;PATA AMIGA ITAJAÍ PRAIA;;Cordeiros;Rac.;Cartão de Crédito;4;0;0;13.5;569,51;R$ 101,37;R$ 468,14;1;WHATSAPP;2023-10-07;2023-10-08;2023-10-11;2023-10-14;-;Entrega Expressa SC;Entregue;
PA-2023-00464;10/05/2023 07:05 AM;10/05/2023 07:25 AM;Pata Amiga Joinville Sul;;;acessorio;CARTAO DE CREDITO;;0;1;8.1;306.23;0,00;R$ 306,23;nao;Site;2023-10-06;2023-10-06;2023-10-10;2023-10-13;R$ 15,89;TransPet Log;Entregue;
PA-2023-00463;10/05/2023 08:20 AM;10/05/2023 08:55 AM;Pata Amiga Ibirama/SC;LJ-011;Centro;Ração;VALE PET;2;0;;8,2;R$ 366,55;65.25;301;Sim;App;2023-10-06;2023-10-06;2023-10-22;2023-10-24;26,84;Entrega Expressa SC;Entregue;aguardando confirmacao de estoque
PA-2023-00458;10/05/2023 10:05 AM;10/05/2023 11:25 AM;pata amiga blumenau centro;LJ-001;Progresso;Racao Medicamentosa;Cartão de Crédito;5;0;1;3.6;R$ 596,95;90,74;506,21;Sim;App;2023-10-07;2023-10-08;2023-10-11;2023-10-15;13;TransPet Log;Entregue;aguardando confirmacao de estoque
PA-2023-00469;10/05/2023 10:07 AM;10/05/2023 01:07 PM;Pata Amiga Tubarao;LJ-022;Humaita;Ração;Dinheiro;1;0;1;1.3;134,29;R$ 0,00;134,29;F;app;;;;;;;Pedido cancelado;produto fora de linha - substituido
PA-2023-00466;10/05/2023 08:40 AM;10/05/2023 01:40 PM;Pata Amiga Palhoca;;Guarda do Cubatao;brinquedo;Cartao de Debito;2;0;0;0.8;128;0;128,50;0;SITE;2023-10-07;2023-10-08;2023-10-11;2023-10-14;6,86;Entrega Expressa SC;Entregue;cliente pediu entrega no periodo da tarde
PA-2023-00471;10/05/2023 03:38 PM;10/05/2023 04:28 PM;Pata Amiga Lages;LJ-025;;Racao Seca;Pix;2;0;1;4.8;245,42;3;R$ 242,23;S;;2023-10-07;2023-10-07;2023-10-11;2023-10-14;-;Rapido Catarinense;Entregue;
PA-2023-00460;10/05/2023 05:20 PM;10/05/2023 05:30 PM;PATA AMIGA ITAJAÍ PRAIA;LJ-003;Cordeiros;Petisco;CARTAO DE DEBITO;1;0;0;1,0;43,86;0,00;43.86;NAO;WHATSAPP;2023-10-06;2023-10-06;2023-10-09;2023-10-12;6.69;TransPet Log;Entregue;
PA-2023-00470;10/05/2023 02:50 PM;10/05/2023 05:50 PM;PATA AMIGA LAGUNA;;Centro;racao;Boleto;2;0;0;1.9;R$ 450,29;0,00;450.29;F;App;2023-10-07;2023-10-08;2023-10-11;2023-10-13;8;Correios;Entregue;
PA-2023-00465;10/05/2023 05:30 PM;10/05/2023 06:05 PM;Pata Amiga Jaraguá do Sul;LJ-014;Barra do Rio Cerro;RAÇÃO;VALE PET;3;0;0;8.3;R$ 462,63;0;R$ 462,63;N;site;2023-10-07;2023-10-07;2023-10-08;2023-10-10;30,21;Correios;Entregue;conferir endereco com o cliente
PA-2023-00467;10/05/2023 09:40 PM;10/05/2023 11:40 PM;PATA AMIGA SANTO AMARO DA IMPERATRIZ;LJ-020;Sul do Rio;Petisco;CARTAO DE DEBITO;5;0;0;18,1;184;R$ 30,64;153;S;SITE;2023-10-08;2023-10-08;2023-10-15;2023-10-19;R$ 41,96;Rapido Catarinense;Entregue;pedido recorrente
PA-2023-00478;10/06/2023 02:55 AM;10/06/2023 03:15 AM;Pata Amiga Jgua do Sul;LJ-014;Centro;Petisco;Pix;9;0;0;35,5;;136;268,40;SIM;Site;2023-10-08;2023-10-08;2023-10-11;2023-10-12;70;Entrega Expressa SC;Entregue;produto fora de linha - substituido
PA-2023-00474;10/06/2023 03:10 AM;10/06/2023 05:10 AM;Pata Amiga Rio Do Sul;;Laranjeiras;Brinquedos;vale pet;4;;1;15,5;237,16;R$ 41,50;195;true;APP;2023-10-07;2023-10-08;2023-10-11;2023-10-14;36,56;Correios;Entregue;
PA-2023-00488;10/06/2023 02:35 AM;10/06/2023 05:35 AM;PATA AMIGA LAGES;LJ-025;Centro;ACESSORIO;boleto;6;0;0;5.5;638.03;109.10;R$ 528,93;X;LOJA FISICA;;;;;;;Retirada na loja;cliente pediu entrega no periodo da tarde
PA-2023-00485;10/06/2023 05:35 AM;10/06/2023 05:55 AM;PATA AMIGA CRICIUMA;LJ-021;Sao Luiz;Ração Medicamentosa;CARTAO DE DEBITO;9;0;0;17,8;R$ 586,45;R$ 205,26;R$ 381,19;SIM;Loja Fisica;;;;;;;Retirada na loja;embalagem para presente
PA-2023-00457;10/05/2023 11:35 PM;10/06/2023 09:35 AM;pata amiga blumenau centro;;Vorstadt;petisco;dinheiro;4;0;0;8,6;R$ 174,75;26,56;148,19;S;SITE;2023-10-08;2023-10-10;;;;TransPet Log;Aguardando despacho;conferir endereco com o cliente
PA-2023-00477;10/06/2023 09:23 AM;10/06/2023 09:43 AM;Pata Amiga Jaragua Do Sul;;;PETISCO;Pix;1;0;0;1,6;R$ 22,49;7;14.91;V;Loja Física;;;;;;;Retirada na loja;
PA-2023-00473;10/06/2023 09:45 AM;10/06/2023 10:05 AM; Pata Amiga Rio do Sul;;Laranjeiras;PETISCO;CARTAO DE CREDITO;4;0;0;13.8;121;21;R$ 100,10;SIM;App;2023-10-08;;;;;TransPet Log;Aguardando nota fiscal;aguardando confirmacao de estoque
PA-2023-00476;10/06/2023 11:23 AM;10/06/2023 11:43 AM;;;Barra do Rio Cerro;PETISCO;dinheiro;7;1;0;14.9;183,29;61,77;121.52;;APP;2023-10-07;2023-10-07;2023-10-12;2023-10-16;R$ 43,88;Entrega Expressa SC;Entregue;embalagem para presente
PA-2023-00487;10/06/2023 11:00 AM;10/06/2023 12:20 PM;PATA AMIGA ARARANGUA;;Urussanguinha;MEDICAMENTO;Dinheiro;2;0;0;3.0;181.47;R$ 0,00;181,47;NAO;App Pata Amiga;2023-10-07;2023-10-08;2023-10-11;2023-10-12;10.78;Rapido Catarinense;Entregue;
PA-2023-00475;10/06/2023 11:38 AM;10/06/2023 01:38 PM;Pata Amiga Jaragua Do Sul;LJ-014;Jaragua Esquerdo;Higiene;Especie;8;0;0;10.0;R$ 307,27;R$ 103,55;R$ 203,72;S;Loja Física;;;;;;;Retirada na loja;
PA-2023-00480;10/06/2023 12:47 PM;10/06/2023 03:47 PM;Pata Amiga Jaragua Do Sul;;Ilha da Figueira;Racao Seca;Credito;-;n/d;0;29.1;1.690,72;569,77;1.120,95;X;App;2023-10-08;2023-10-08;;;;Entrega Expressa SC;Aguardando despacho;embalagem para presente
PA-2023-00490;10/06/2023 07:12 AM;10/06/2023 05:12 PM;Pata Amiga Concordia;LJ-030;Centro;Acessório;CARTAO DE DEBITO;3;0;0;12.4;155;0,00;155;NAO;whatsapp;2023-10-07;2023-10-08;2023-10-13;2023-10-14;46,00;Logistica Propria;Entregue;conferir endereco com o cliente
PA-2023-00481;10/06/2023 04:05 PM;10/06/2023 06:05 PM;Pata Amiga Jaragua do Sul;LJ-014;Ilha da Figueira;Racao Seca;CARTAO DE DEBITO;8;0;2;21,4;822,44;277,16;545,28;sim;site;2023-10-08;2023-10-08;2023-10-12;2023-10-14;R$ 75,72;Entrega Expressa SC;Entregue;conferir endereco com o cliente
PA-2023-00472;10/06/2023 05:23 PM;10/06/2023 06:43 PM;PATA AMIGA BLUMENAU CENTRO;LJ-001;Velha;Racao;DINHEIRO;3;0;0;7,9;608,20;-;574,14;V;LOJA FISICA;;;;;;;Retirada na loja;
PA-2023-00479;10/06/2023 04:55 PM;10/06/2023 09:55 PM;Pata Amiga Jaragua Do Sul;LJ-014;;RACAO;PIX;8;1;N/I;26.9;R$ 1.088,35;366,77;721,58;Sim;SITE;2023-10-08;2023-10-08;;;;Correios;Aguardando despacho;
PA-2023-00489;10/06/2023 05:55 PM;10/06/2023 10:55 PM;PATA AMIGA SAO JOAQUIM;;Centro;Servicos;Especie;5;0;0;17,0;614.59;105,09;509.50;sim;site;2023-10-07;2023-10-07;2023-10-15;2023-10-17;41;Logistica Propria;Entregue;
PA-2023-00482;10/06/2023 11:35 PM;10/06/2023 11:55 PM;Pata Amiga Jaraguá do Sul;LJ-014;Centro;Petisco;Debito;10;0;0;10.0;R$ 274,18;92;181;1;SITE;2023-10-07;2023-10-08;2023-10-12;2023-10-13;20.11;Logistica Propria;Entregue;
PA-2023-00499;10/07/2023 02:20 AM;10/07/2023 02:55 AM;Pata Amiga Blumenau Centro;;Velha;Racao Seca;Debito;8;0;;12.5;977,11;R$ 227,67;749;X;LOJA FISICA;;;;;;;Retirada na loja;
PA-2023-00511;10/07/2023 01:45 AM;10/07/2023 03:05 AM;Pata Amiga Santo Amaro da Imperatriz;LJ-020;Sul do Rio;RACAO;Especie;5;0;0;15,3;R$ 994,95;19,90;R$ 975,05;V;App Pata Amiga;2023-10-12;2023-10-13;2023-10-18;;;Rapido Catarinense;Despachado - em transito;
PA-2023-00506;10/07/2023 02:45 AM;10/07/2023 03:35 AM;pata amiga gaspar;LJ-007;Gasparinho;Ração Medicamentosa;Dinheiro;4;;0;6,3;R$ 403,68;94,06;309.62;Sim;Site;2023-10-08;;;;;Logistica Propria;Aguardando nota fiscal;pedido recorrente
PA-2023-00510;10/07/2023 03:25 AM;10/07/2023 03:35 AM;Pata Amiga Sao Jose Kobrasol/SC;LJ-018;Campinas;brinquedo;PIX;3;0;0;11.7;182,88;14,26;R$ 168,62;1;Loja Fisica;;;;;;;Retirada na loja;
PA-2023-00509;10/07/2023 02:55 AM;10/07/2023 03:45 AM;Pata Amiga Rio dos cedros;;Palmeiras;Serviço;pix;;0;0;6.6;238,73;0,00;R$ 238,73;nao;APP;2023-10-11;;;;;Entrega Expressa SC;Aguardando nota fiscal;
PA-2023-00483;10/06/2023 06:40 PM;10/07/2023 04:40 AM;Pata Amiga Jgua do Sul;;Ilha da Figueira;Racao Seca;pix;2;0;1;8.2;341.96;115;R$ 226,72;SIM;Site;2023-10-09;2023-10-09;2023-10-14;2023-10-17;R$ 16,76;Logistica Propria;Entregue;pedido recorrente
PA-2023-00486;10/06/2023 11:45 PM;10/07/2023 04:45 AM;pata amiga tubarao;LJ-022;Centro;Ração Medicamentosa;PIX;2;0;0;4.6;R$ 179,95;0,00;179;Nao;WhatsApp;2023-10-09;2023-10-10;2023-10-12;;;Entrega Expressa SC;Despachado - em transito;
PA-2023-00512;10/07/2023 05:05 AM;10/07/2023 07:05 AM;Pata Amiga Criciúma;LJ-021;Sao Luiz;medicamento;BOLETO;-;0;0;14,4;397,26;36.55;360,71;V;App;2023-10-09;2023-10-10;2023-10-14;2023-10-16;24,46;Entrega Expressa SC;Entregue;embalagem para presente
PA-2023-00502;10/07/2023 07:10 AM;10/07/2023 07:45 AM;pata amiga brusque;LJ-004;Limeira;Petiscos;Cartao de Debito;2;0;0;1.9;R$ 100,62;R$ 10,57;90;SIM;SITE;2023-10-10;2023-10-11;2023-10-16;;;TransPet Log;Despachado - em transito;conferir endereco com o cliente
PA-2023-00497;10/07/2023 07:38 AM;10/07/2023 07:48 AM;PATA AMIGA BLUMENAU CENTRO;LJ-001;Ribeirao Fresco;Racao Seca;PIX;4;;2;7,4;R$ 605,50;141,08;464,42;Sim;App;2023-10-09;2023-10-10;2023-10-14;2023-10-16;16.74;Entrega Expressa SC;Entregue;produto fora de linha - substituido
PA-2023-00484;10/06/2023 10:47 PM;10/07/2023 08:47 AM;Pata Amiga Jgua do Sul;LJ-014;Centro;Ração;pix;8;n/d;1;29.3;1810;610.01;R$ 1.200,11;V;app;2023-10-08;2023-10-08;2023-10-11;2023-10-12;53.67;TransPet Log;Entregue;aguardando confirmacao de estoque
PA-2023-00496;10/07/2023 09:30 AM;10/07/2023 11:30 AM;Pata Amiga Blumenau Centro;;Fortaleza;petisco;Especie;5;0;0;9.3;R$ 249,29;58;191,21;SIM;Site;2023-10-09;2023-10-11;2023-10-16;2023-10-18;26,25;Correios;Entregue;
PA-2023-00498;10/07/2023 09:35 AM;10/07/2023 12:35 PM;pata amiga blumenau centro;LJ-001;Ribeirao Fresco;Racao Medicamentosa;Boleto;5;0;0;6,8;R$ 426,33;R$ 99,33;327,00;SIM;Loja Fisica;;;;;;;Retirada na loja;
PA-2023-00492;10/07/2023 12:07 PM;10/07/2023 12:42 PM;pata amiga blumenau centro;LJ-001;;Petisco;boleto;6;0;0;14,7;174,74;40,71;134,03;S;site;2023-10-09;;;;;Rapido Catarinense;Aguardando nota fiscal;produto fora de linha - substituido
PA-2023-00493;10/07/2023 07:55 AM;10/07/2023 12:55 PM;pata amiga blumenau centro;;Vorstadt;Petisco;dinheiro;9;1;1;6.2;462,62;R$ 107,79;354,83;V;Loja Física;;;;;;;Retirada na loja;
PA-2023-00503;10/07/2023 12:55 PM;10/07/2023 02:55 PM;Pata Amiga Brusque;;Limeira;Petiscos;Especie;2;0;0;3.9;R$ 73,40;7,71;65.69;1;LOJA FISICA;;;;;;;Retirada na loja;aguardando confirmacao de estoque
PA-2023-00494;10/07/2023 02:50 PM;10/07/2023 03:00 PM;Pata Amiga Blumenau Centro;;Garcia;petisco;boleto;7;0;0;5,3;150,30;35.02;115,28;sim;app;2023-10-10;2023-10-10;;;;Correios;Aguardando despacho;aguardando confirmacao de estoque
PA-2023-00505;10/07/2023 12:30 PM;10/07/2023 05:30 PM; Pata Amiga Gaspar;;;racao;VALE PET;11;0;0;11,9;1451;R$ 338,14;1113.10;sim;site;2023-10-09;2023-10-09;2023-10-12;;;Logistica Propria;Despachado - em transito;conferir endereco com o cliente
PA-2023-00501;10/07/2023 05:40 PM;10/07/2023 07:00 PM;pata amiga itajai praia;LJ-003;Cordeiros;Servicos;BOLETO;4;0;0;10,0;678.30;71;607,08;sim;app;2023-10-09;2023-10-09;2023-10-12;2023-10-14;29.06;Entrega Expressa SC;Entregue;
PA-2023-00495;10/07/2023 12:47 PM;10/07/2023 10:47 PM;Pata Amiga Blumenau Centro;LJ-001;Progresso;higiene;Cartao de Credito;7;1;0;6.5;R$ 341,18;R$ 79,49;261;S;Site;;;;;;;Pedido cancelado;
PA-2023-00508;10/07/2023 11:45 PM;10/07/2023 11:55 PM;Pata Amiga Ibirama/SC;LJ-011;Centro;ACESSORIO;Cartao de Debito;2;0;0;6,1;203;19;184;sim;Loja Fisica;;;;;;;Retirada na loja;
PA-2023-00515;10/08/2023 12:10 AM;10/08/2023 12:30 AM;Pata Amiga Florianopolis Norte;;Rio Vermelho;RACAO;PIX;4;0;0;14.9;R$ 466,46;R$ 36,85;R$ 429,61;V;SITE;2023-10-09;2023-10-09;2023-10-13;2023-10-14;26;Correios;Entregue;
PA-2023-00507;10/07/2023 09:20 PM;10/08/2023 02:20 AM;PATA AMIGA GASPAR;;Bela Vista;Hig.;vale pet;6;;0;7,4;164;38,36;R$ 126,29;sim;site;2023-10-09;2023-10-10;2023-10-13;2023-10-16;22,84;Rapido Catarinense;Entregue;pedido recorrente
PA-2023-00500;10/07/2023 09:52 PM;10/08/2023 02:52 AM;Pata Amiga Itajai Praia/SC;;Fazenda;Racao Medicamentosa;Vale Pet;3;0;0;3.1;197.75;20.76;R$ 176,99;1;whatsapp;2023-10-09;2023-10-10;2023-10-13;2023-10-15;8,37;Rapido Catarinense;Entregue;
PA-2023-00504;10/07/2023 05:45 PM;10/08/2023 03:45 AM; Pata Amiga Gaspar;LJ-007;Figueira;Racao;Pix;5;0;0;18.5;1.057,72;R$ 246,45;811.27;S;APP;2023-10-10;2023-10-12;2023-10-16;2023-10-18;R$ 38,48;Correios;Entregue;cliente pediu entrega no periodo da tarde
PA-2023-00491;10/07/2023 06:40 PM;10/08/2023 04:40 AM; Pata Amiga Blumenau Centro;;Progresso;medicamento;DINHEIRO;6;0;0;8.8;512,60;119,44;393,16;S;App Pata Amiga;2023-10-11;;;;;Rapido Catarinense;Aguardando nota fiscal;
PA-2023-00514;10/08/2023 05:23 AM;10/08/2023 05:33 AM;PATA AMIGA IBIRAMA;LJ-011;Centro;Higiene;BOLETO;3;0;1;4.8;R$ 125,11;4,13;R$ 120,98;V;APP;2023-10-12;2023-10-13;2023-10-22;;;TransPet Log;Despachado - em transito;produto fora de linha - substituido
PA-2023-00513;10/08/2023 05:12 AM;10/08/2023 07:12 AM;PATA AMIGA BRUSQUE;LJ-004;;Acessorios;Boleto;2;0;1;3.7;149,30;0.00;149.30;false;;2023-10-09;2023-10-09;2023-10-16;2023-10-17;17.39;Logistica Propria;Entregue;
PA-2023-00519;10/08/2023 08:20 AM;10/08/2023 01:20 PM;Pata Amiga Concórdia;LJ-030;;Racao Seca;CARTAO DE CREDITO;2;0;0;6,3;259,70;0,00;R$ 259,70;;WHATSAPP;2023-10-10;2023-10-10;;;;Entrega Expressa SC;Aguardando despacho;produto fora de linha - substituido
PA-2023-00517;10/08/2023 02:07 PM;10/08/2023 04:07 PM;PATA AMIGA SAO JOAQUIM;LJ-026;Santa Terezinha;Higiene;Vale Pet;5;0;0;12,9;312,25;26;R$ 286,02;Sim;WHATSAPP;2023-10-12;2023-10-12;2023-10-20;;;Rapido Catarinense;Despachado - em transito;
PA-2023-00516;10/08/2023 09:05 PM;10/08/2023 10:25 PM;Pata Amiga Lages;;;Higiene e Beleza;PIX;1;0;0;1.7;32,59;2.74;29,85;true;app;2023-10-09;2023-10-09;;;;Correios;Aguardando despacho;produto fora de linha - substituido
PA-2023-00539;10/09/2023 01:47 AM;10/09/2023 01:57 AM;Pata Amiga Itapoá;LJ-016;Figueira do Pontal;Racao Seca;BOLETO;16;;0;30,3;2.589,32;R$ 978,76;1.610,56;sim;App Pata Amiga;2023-10-12;2023-10-13;2023-10-16;2023-10-17;91.80;Rapido Catarinense;Entregue;
PA-2023-00518;10/08/2023 04:15 PM;10/09/2023 02:15 AM;Pata Amiga Curitibanos;LJ-028;Centro;RACAO;Credito;3;0;0;6,2;539,42;45,31;494.11;sim;App;2023-10-11;2023-10-11;2023-10-14;2023-10-16;22,59;Rapido Catarinense;Entregue;pedido recorrente
PA-2023-00533;10/09/2023 12:15 AM;10/09/2023 02:15 AM;Pata Amiga Sao Bento do Sul;;Serra Alta;Rac.;PIX;16;1;0;58.2;2.167,53;819,33;1.348,20;SIM;WhatsApp;2023-10-11;2023-10-12;2023-10-15;2023-10-17;83,31;Logistica Propria;Entregue;aguardando confirmacao de estoque
PA-2023-00534;10/09/2023 02:30 AM;10/09/2023 02:50 AM;Pata Amiga São Bento do Sul;;;Racao;Cartao de Credito;4;0;2;10,2;559,46;211.48;347,98;X;site;2023-10-11;2023-10-11;2023-10-13;2023-10-14;28,70;Correios;Entregue;conferir endereco com o cliente
PA-2023-00525;10/09/2023 03:15 AM;10/09/2023 04:35 AM;Pata Amiga Gaspar;;Bela Vista;RAÇÃO;dinheiro;8;1;0;8.9;1.185,84;;1.015,08;SIM;App;2023-10-11;2023-10-11;2023-10-15;;;Entrega Expressa SC;Despachado - em transito;cliente pediu entrega no periodo da tarde
PA-2023-00536;10/09/2023 04:47 AM;10/09/2023 05:22 AM;PATA AMIGA ITAPOA;LJ-016;Balneario Itapoa;Higiene;vale pet;12;1;0;30.0;746;282,11;R$ 464,20;Sim;App;2023-10-11;2023-10-12;;;;Entrega Expressa SC;Aguardando despacho;
PA-2023-00527;10/09/2023 05:30 AM;10/09/2023 05:50 AM;Pata Amiga Joinville Sul;;Aventureiro;Petisco;Cartão de Crédito;11;1;0;11.1;514,50;194;320,02;true;Loja Fisica;;;;;;;Retirada na loja;conferir endereco com o cliente
PA-2023-00543;10/09/2023 03:25 AM;10/09/2023 08:25 AM;PATA AMIGA LAGES;LJ-025;Habitacao;petisco;PIX;6;0;0;9,3;R$ 162,71;27;135,54;V;;2023-10-10;2023-10-10;2023-10-13;2023-10-14;25,37;Logistica Propria;Entregue;conferir endereco com o cliente
PA-2023-00526;10/09/2023 08:25 AM;10/09/2023 09:15 AM;Pata Amiga Joinville Sul/SC;LJ-013;Vila Nova;RAÇÃO;BOLETO;17;1;0;50.5;R$ 3.521,93;1331.29;R$ 2.190,64;;site;2023-10-10;2023-10-11;2023-10-16;2023-10-18;R$ 167,64;Rapido Catarinense;Entregue;conferir endereco com o cliente
PA-2023-00542;10/09/2023 08:23 AM;10/09/2023 09:43 AM;PATA AMIGA SAO JOSE KOBRASOL;;Kobrasol;petisco;dinheiro;6;1;0;12.0;261,41;15,16;246,25;SIM;LOJA FISICA;;;;;;;Retirada na loja;pedido recorrente
PA-2023-00528;10/09/2023 08:50 AM;10/09/2023 10:10 AM;Pata Amiga Joinville Sul/SC;LJ-013;Boa Vista;Higiene e Beleza;PIX;6;0;0;7,7;262.84;R$ 99,35;163.49;;LOJA FISICA;;;;;;;Retirada na loja;
PA-2023-00522;10/09/2023 09:12 AM;10/09/2023 11:12 AM; Pata Amiga Blumenau Centro;LJ-001;Fortaleza;Racao Medicamentosa;vale pet;6;0;0;18.6;663;95,50;567;SIM;app;2023-10-11;2023-10-12;2023-10-14;2023-10-16;25,64;Logistica Propria;Entregue;
PA-2023-00535;10/09/2023 10:55 AM;10/09/2023 11:30 AM;PATA AMIGA SAO BENTO DO SUL;;Oxford;Petisco;DINHEIRO;10;n/d;-;14.1;288;R$ 109,16;R$ 179,63;V;loja fisica;;;;;;;Retirada na loja;
PA-2023-00521;10/09/2023 08:47 AM;10/09/2023 11:47 AM;Pata Amiga Blumenau Centro;;Vorstadt;Racao;CARTAO DE DEBITO;4;0;0;7.1;690,24;99,39;R$ 590,85;SIM;Loja Fisica;;;;;;;Retirada na loja;
PA-2023-00532;10/09/2023 07:25 AM;10/09/2023 12:25 PM;PATA AMIGA SAO BENTO DO SUL;;Serra Alta;petisco;boleto;9;0;0;12,6;330;125,09;R$ 205,83;sim;Telefone;;;;;;;Pedido cancelado;produto fora de linha - substituido
PA-2023-00531;10/09/2023 02:47 AM;10/09/2023 12:47 PM;;;Centro;RAÇÃO;Cartao de Credito;8;0;0;21.0;1104;417,36;686,78;V;app;2023-10-12;;;;;Entrega Expressa SC;Aguardando nota fiscal;conferir endereco com o cliente
PA-2023-00523;10/09/2023 12:23 PM;10/09/2023 12:58 PM;PATA AMIGA INDAIAL;LJ-006;Warnow;Medicamentos;Especie;2;0;0;2,5;;R$ 0,00;222,73;N;SITE;2023-10-10;2023-10-11;2023-10-12;2023-10-14;12;Entrega Expressa SC;Entregue;aguardando confirmacao de estoque
PA-2023-00545;10/09/2023 03:35 AM;10/09/2023 01:35 PM;pata amiga xanxere;LJ-031;Bela Vista;Petisco;Cartão de Débito;3;0;;2.0;77,46;R$ 0,00;77,46;nao;Site;2023-10-11;2023-10-12;2023-10-15;2023-10-17;11,57;TransPet Log;Entregue;cliente pediu entrega no periodo da tarde
PA-2023-00537;10/09/2023 09:12 AM;10/09/2023 02:12 PM;Pata Amiga Itapoa;LJ-016;Figueira do Pontal;Med.;pix;10;0;0;40,7;1.291,77;R$ 488,29;803,48;sim;site;2023-10-11;2023-10-12;;;;Entrega Expressa SC;Aguardando despacho;aguardando confirmacao de estoque
PA-2023-00538;10/09/2023 01:25 PM;10/09/2023 02:15 PM;Pata Amiga Itapoá;LJ-016;Balneario Itapoa;Ração Medicamentosa;vale pet;5;0;1;20.1;303.52;114.73;R$ 188,79;S;loja fisica;;;;;;;Retirada na loja;
PA-2023-00544;10/09/2023 02:23 PM;10/09/2023 02:43 PM;Pata Amiga Concórdia;LJ-030;Nacoes;Brinquedo;Dinheiro;1;0;0;0,7;74,68;0.00;74.68;F;SITE;2023-10-11;2023-10-12;2023-10-18;2023-10-20;R$ 7,05;Logistica Propria;Entregue;embalagem para presente
PA-2023-00524;10/09/2023 03:05 PM;10/09/2023 03:15 PM;PATA AMIGA GASPAR;;Figueira;Acessorios;PIX;1;0;1;1,6;84.19;-;72;1;WhatsApp;2023-10-11;2023-10-11;2023-10-13;2023-10-16;8,46;Entrega Expressa SC;Entregue;produto fora de linha - substituido
PA-2023-00529;10/09/2023 03:52 PM;10/09/2023 04:42 PM;Pata Amiga Joinville Sul;;;Petiscos;boleto;10;1;0;16,8;316,35;119,58;R$ 196,77;V;LOJA FISICA;;;;;;;Retirada na loja;pedido recorrente
PA-2023-00520;10/09/2023 01:40 PM;10/09/2023 06:40 PM;Pata Amiga Blumenau Centro;LJ-001;Salto do Norte;SERVICO;BOLETO;3;0;0;3,6;513,63;R$ 73,96;439.67;1;LOJA FISICA;;;;;;;Retirada na loja;
PA-2023-00530;10/09/2023 06:07 PM;10/09/2023 06:42 PM;Pata Amiga Sao Bento do Sul;LJ-015;;Petisco;Cartão de Crédito;10;1;0;39.7;241.65;91.34;150.31;sim;loja fisica;;;;;;;Retirada na loja;produto fora de linha - substituido
PA-2023-00541;10/09/2023 07:40 PM;10/09/2023 10:40 PM;Pata Amiga Florianopolis Norte/SC;;Costeira;Higiene e Beleza;vale pet;2;0;0;6.5;84,47;0,00;R$ 84,47;nao;app;2023-10-11;2023-10-11;;;;Entrega Expressa SC;Aguardando despacho;aguardando confirmacao de estoque
PA-2023-00540;10/09/2023 11:00 PM;10/10/2023 01:00 AM;PATA AMIGA ITAPOA;;Figueira do Pontal;Racao;Dinheiro;-;0;0;44.3;;501.92;825,91;S;APP;2023-10-14;2023-10-15;2023-10-27;2023-10-30;109,73;TransPet Log;Entregue;
PA-2023-00556;10/10/2023 01:20 AM;10/10/2023 02:40 AM;pata amiga ibirama;;Bela Alianca;Racao Seca;vale pet;10;1;0;4,9;;-;704,37;X;Site;2023-10-13;2023-10-13;2023-10-16;2023-10-20;19.15;Correios;Entregue;produto fora de linha - substituido
PA-2023-00557;10/10/2023 02:20 AM;10/10/2023 05:20 AM;pata amiga ibirama;;Centro;Racao Seca;PIX;9;0;;25.8;1.569,63;R$ 470,89;1.098,74;V;APP;2023-10-13;2023-10-14;2023-10-29;;;Entrega Expressa SC;Despachado - em transito;
PA-2023-00546;10/10/2023 05:07 AM;10/10/2023 05:27 AM;Pata Amiga Blumenau Centro;;Salto do Norte;Acessorio;DINHEIRO;1;0;0;2,0;50.02;R$ 0,00;50.02;N;Whatsapp;2023-10-12;2023-10-13;2023-10-16;2023-10-17;8.77;Entrega Expressa SC;Entregue;aguardando confirmacao de estoque
PA-2023-00558;10/10/2023 07:45 AM;10/10/2023 08:20 AM;PATA AMIGA IBIRAMA;LJ-011;Centro;racao;CARTAO DE DEBITO;2;0;0;8.2;R$ 250,73;R$ 75,22;R$ 175,51;S;APP;2023-10-13;2023-10-14;2023-10-24;2023-10-28;17.84;Entrega Expressa SC;Entregue;produto fora de linha - substituido
PA-2023-00548;10/10/2023 06:05 AM;10/10/2023 11:05 AM;PATA AMIGA PRESIDENTE GETULIO;;Fundo Canoas;Racao Seca;Cartão de Débito;5;0;0;14.6;R$ 1.015,61;R$ 304,68;R$ 710,93;sim;Site;2023-10-13;2023-10-13;2023-10-21;2023-10-25;51;Entrega Expressa SC;Entregue;cliente pediu entrega no periodo da tarde
PA-2023-00560;10/10/2023 10:38 AM;10/10/2023 11:28 AM;pata amiga joinville sul;;Boa Vista;ACESSORIO;Credito;2;0;0;3,0;R$ 112,91;0,00;112.91;Nao;WhatsApp;2023-10-12;2023-10-13;2023-10-16;2023-10-17;13,58;Correios;Entregue;
PA-2023-00552;10/10/2023 11:40 AM;10/10/2023 11:50 AM;Pata Amiga Presidente Getúlio;LJ-008;Fundo Canoas;Racao Seca;pix;10;1;0;18.6;R$ 2.152,68;645,80;R$ 1.506,88;SIM;site;2023-10-12;2023-10-13;2023-10-22;2023-10-25;40,35;Logistica Propria;Entregue;conferir endereco com o cliente
PA-2023-00549;10/10/2023 10:38 AM;10/10/2023 12:38 PM;Pata Amiga Presidente Getulio;LJ-008;Fundo Canoas;Racao;VALE PET;10;0;0;30.3;1.068,03;R$ 320,41;747,62;1;Loja Física;;;;;;;Retirada na loja;embalagem para presente
PA-2023-00563;10/10/2023 12:45 PM;10/10/2023 01:20 PM;Pata Amiga Santo Amaro da Imperatriz;;Braco Sao Joao;Acessorio;boleto;2;0;2;4.6;180;9,91;R$ 170,20;true;WhatsApp;2023-10-12;;;;;Correios;Aguardando nota fiscal;aguardando confirmacao de estoque
PA-2023-00551;10/10/2023 03:52 AM;10/10/2023 01:52 PM;PATA AMIGA PRESIDENTE GETULIO;LJ-008;Centro;Petiscos;DINHEIRO;15;0;0;20.0;740,38;222,11;518.27;SIM;;;;;;;;Pedido cancelado;pedido recorrente
PA-2023-00565;10/10/2023 01:07 PM;10/10/2023 02:27 PM;pata amiga criciuma;LJ-021;Rio Maina;Racao;Credito;;0;0;30.0;905,09;205,46;699;X;App Pata Amiga;2023-10-12;2023-10-12;;;;Entrega Expressa SC;Aguardando despacho;embalagem para presente
PA-2023-00553;10/10/2023 12:10 PM;10/10/2023 03:10 PM;Pata Amiga Presidente Getulio;;Centro;PETISCO;Vale Pet;6;0;0;8.6;189,57;56,87;132,70;1;app;2023-10-13;2023-10-14;2023-10-20;2023-10-22;21,38;TransPet Log;Entregue;pedido recorrente
PA-2023-00550;10/10/2023 02:07 PM;10/10/2023 05:07 PM;Pata Amiga Presidente Getulio;LJ-008;Centro;Racao Medicamentosa;vale pet;9;1;0;4.3;1.239,24;371,77;867.47;1;app;2023-10-12;2023-10-12;2023-10-19;2023-10-24;12,88;Entrega Expressa SC;Entregue;cliente pediu entrega no periodo da tarde
PA-2023-00564;10/10/2023 07:38 AM;10/10/2023 05:38 PM;Pata Amiga Criciuma/SC;LJ-021;Sao Luiz;Higiene e Beleza;BOLETO;4;0;0;16.4;196,57;R$ 44,62;151;true;site;2023-10-11;2023-10-12;2023-10-14;;;Rapido Catarinense;Despachado - em transito;
PA-2023-00547;10/10/2023 06:45 PM;10/10/2023 06:55 PM;pata amiga brusque;LJ-004;Limeira;Rac.;CARTAO DE DEBITO;2;0;0;7,0;;65.90;R$ 385,49;SIM;Loja Física;;;;;;;Retirada na loja;embalagem para presente
PA-2023-00562;10/10/2023 07:12 PM;10/10/2023 07:32 PM;PATA AMIGA FLORIANOPOLIS NORTE;LJ-017;Costeira;Petiscos;dinheiro;4;0;1;1.6;R$ 98,88;R$ 3,76;95,12;S;SITE;2023-10-12;2023-10-13;2023-10-15;2023-10-17;7.78;Correios;Entregue;pedido recorrente
PA-2023-00561;10/10/2023 08:25 PM;10/10/2023 09:45 PM;Pata Amiga Itapoá;LJ-016;Balneario Itapoa;RACAO;CARTAO DE DEBITO;1;;0;1.5;200,82;0,00;200.82;false;Loja Fisica;;;;;;;Retirada na loja;conferir endereco com o cliente
PA-2023-00555;10/10/2023 12:55 PM;10/10/2023 10:55 PM;Pata Amiga Ibirama;LJ-011;Nossa Senhora de Fatima;Petiscos;Boleto;9;0;0;21.2;R$ 208,06;62,42;145;1;telefone;2023-10-13;2023-10-14;;;;Correios;Aguardando despacho;
PA-2023-00554;10/10/2023 11:12 PM;10/10/2023 11:32 PM;PATA AMIGA IBIRAMA;LJ-011;Centro;Ração;Boleto;11;1;0;36.1;1.356,30;R$ 406,89;949.41;Sim;Loja Física;;;;;;;Retirada na loja;
PA-2023-00559;10/10/2023 11:50 PM;10/11/2023 12:00 AM;pata amiga ibirama;LJ-011;Centro;racao;VALE PET;7;0;0;16,7;766,14;229.84;R$ 536,30;;APP;2023-10-13;;;;;Correios;Aguardando nota fiscal;cliente pediu entrega no periodo da tarde
PA-2023-00566;10/10/2023 11:35 PM;10/11/2023 12:55 AM;Pata Amiga Chapeco/SC;LJ-029;Passo dos Fortes;RAÇÃO;PIX;4;0;0;9.5;R$ 472,13;19.83;R$ 452,30;X;site;2023-10-13;2023-10-14;2023-10-16;2023-10-18;20,88;TransPet Log;Entregue;
PA-2023-00569;10/11/2023 03:10 PM;10/11/2023 03:30 PM;Pata Amiga Florianopolis Norte/SC;;Rio Vermelho;Brinquedo;VALE PET;2;0;0;1,3;100,02;0;99,42;SIM;APP;2023-10-12;2023-10-12;2023-10-17;2023-10-19;7,05;Entrega Expressa SC;Entregue;
PA-2023-00567;10/11/2023 01:47 PM;10/11/2023 04:47 PM;Pata Amiga Timbo;;Araponguinhas;Brinquedos;Boleto;-;0;0;4.7;151,04;R$ 29,91;121;true;SITE;2023-10-12;2023-10-13;2023-10-17;2023-10-18;19,07;TransPet Log;Entregue;
PA-2023-00568;10/11/2023 03:15 PM;10/11/2023 06:15 PM;PATA AMIGA INDAIAL;LJ-006;Encano;petisco;Cartao de Credito;2;0;0;1,2;74,86;14,82;R$ 60,04;true;LOJA FISICA;;;;;;;Retirada na loja;
PA-2023-00570;10/11/2023 05:52 PM;10/11/2023 07:12 PM;Pata Amiga São Joaquim;;Centro;Brinquedos;BOLETO;3;0;0;3.9;233.95;16.84;217.11;SIM;site;2023-10-14;2023-10-15;2023-10-22;2023-10-25;-;Entrega Expressa SC;Entregue;aguardando confirmacao de estoque
PA-2023-00571;10/11/2023 01:23 PM;10/11/2023 11:23 PM;PATA AMIGA CHAPECO;;Efapi;Acessório;Cartão de Débito;4;0;0;8.8;427,55;R$ 0,00;427,55;N;SITE;2023-10-12;;;;;Logistica Propria;Aguardando nota fiscal;
PA-2023-00573;10/12/2023 12:00 AM;10/12/2023 02:00 AM;pata amiga itajai praia;LJ-003;Itaipava;Hig.;Especie;8;;0;23,2;232;R$ 59,01;R$ 173,33;sim;SITE;2023-10-14;2023-10-14;2023-10-18;2023-10-21;40.07;Rapido Catarinense;Entregue;aguardando confirmacao de estoque
PA-2023-00581;10/12/2023 02:25 AM;10/12/2023 03:15 AM;Pata Amiga São Jose Kobrasol;LJ-018;Real Parque;Racao Seca;PIX;3;0;0;10.7;674;0;674,49;0;Site;2023-10-14;2023-10-14;2023-10-18;2023-10-20;34;Rapido Catarinense;Entregue;conferir endereco com o cliente
PA-2023-00582;10/12/2023 01:40 AM;10/12/2023 03:40 AM;pata amiga chapeco;;;Petiscos;DINHEIRO;5;0;0;5,1;167,71;R$ 19,96;R$ 147,75;sim;Loja Fisica;;;;;;;Retirada na loja;cliente pediu entrega no periodo da tarde
PA-2023-00576;10/12/2023 04:15 AM;10/12/2023 05:35 AM;pata amiga itajai praia;LJ-003;Cordeiros;MEDICAMENTO;CARTAO DE CREDITO;6;0;0;16,7;R$ 476,56;121.05;355,51;1;LOJA FISICA;;;;;;;Retirada na loja;aguardando confirmacao de estoque
PA-2023-00575;10/12/2023 06:30 AM;10/12/2023 06:40 AM;Pata Amiga Itajai Praia;;Itaipava;Racao;vale pet;9;1;0;18.1;R$ 1.069,48;271,65;797;true;site;2023-10-14;2023-10-14;2023-10-15;2023-10-17;30,72;Correios;Entregue;pedido recorrente
PA-2023-00577;10/12/2023 11:35 AM;10/12/2023 12:25 PM;Pata Amiga Itajaí Praia;;Sao Vicente;racao;Vale Pet;5;0;0;6.1;1078.76;274,01;804,75;V;SITE;2023-10-14;2023-10-14;2023-10-18;2023-10-19;R$ 13,89;Rapido Catarinense;Entregue;
PA-2023-00572;10/12/2023 02:47 PM;10/12/2023 02:57 PM;PATA AMIGA ITAJAI PRAIA;;Sao Vicente;Racao Medicamentosa;Boleto;9;;0;16.9;R$ 657,27;166,95;R$ 490,32;SIM;APP;2023-10-14;2023-10-14;2023-10-17;;;TransPet Log;Despachado - em transito;embalagem para presente
PA-2023-00579;10/12/2023 06:10 PM;10/12/2023 06:30 PM;PATA AMIGA TAIO;LJ-009;Centro;PETISCO;CARTAO DE DEBITO;2;;0;4.6;76.85;0,00;76,85;Nao;site;2023-10-15;2023-10-15;2023-10-24;2023-10-27;R$ 11,38;TransPet Log;Entregue;embalagem para presente
PA-2023-00583;10/12/2023 07:23 PM;10/12/2023 09:23 PM;Pata Amiga Chapecó;LJ-029;Passo dos Fortes;Medicamento;dinheiro;4;;0;6,5;432,81;51,50;R$ 381,31;X;App;2023-10-13;2023-10-13;2023-10-17;2023-10-19;R$ 14,45;Correios;Entregue;aguardando confirmacao de estoque
PA-2023-00584;10/12/2023 09:52 PM;10/12/2023 10:27 PM;Pata Amiga Xanxere;LJ-031;Centro;brinquedo;Cartao de Debito;4;0;0;15.5;282;33.67;R$ 249,31;true;APP;2023-10-15;2023-10-15;2023-10-18;2023-10-20;39,17;Rapido Catarinense;Entregue;produto fora de linha - substituido
PA-2023-00574;10/12/2023 09:10 PM;10/13/2023 12:10 AM;Pata Amiga Itajai Praia;;Sao Vicente;PETISCO;VALE PET;5;0;0;16.3;193,38;49,12;144,26;S;LOJA FISICA;;;;;;;Retirada na loja;
PA-2023-00578;10/12/2023 02:55 PM;10/13/2023 12:55 AM;PATA AMIGA BRUSQUE;;Santa Terezinha;Rac.;Vale Pet;11;;0;44,0;-;610,82;1793.99;S;app;2023-10-14;2023-10-14;2023-10-19;2023-10-21;147,11;Rapido Catarinense;Entregue;aguardando confirmacao de estoque
PA-2023-00580;10/12/2023 08:30 PM;10/13/2023 01:30 AM;Pata Amiga Rio dos Cedros;LJ-012;Centro;Higiene e Beleza;Pix;3;0;0;1,7;157,45;R$ 0,47;156,98;X;;;;;;;;Retirada na loja;
PA-2023-00616;10/13/2023 12:07 AM;10/13/2023 03:07 AM;PATA AMIGA XANXERE;LJ-031;;RAÇÃO;VALE PET;6;0;0;10.7;R$ 860,66;269.39;591;Sim;site;2023-10-14;2023-10-14;2023-10-17;2023-10-20;R$ 17,68;Rapido Catarinense;Entregue;
PA-2023-00591;10/13/2023 03:25 AM;10/13/2023 03:45 AM;pata amiga itapoa;LJ-016;Figueira do Pontal;higiene;vale pet;5;;0;20.2;201.21;R$ 21,13;;S;LOJA FISICA;;;;;;;Retirada na loja;
PA-2023-00613;10/13/2023 01:45 AM;10/13/2023 03:45 AM;PATA AMIGA CONCORDIA;LJ-030;Nacoes;Racao;Vale Pet;6;0;0;18,0;835,77;261.60;R$ 574,17;sim;APP;2023-10-14;;;;;Logistica Propria;Aguardando nota fiscal;
PA-2023-00607;10/13/2023 03:40 AM;10/13/2023 04:00 AM;Pata Amiga Chapecó;LJ-029;Centro;Ração Medicamentosa;Especie;9;;-;8,6;1.249,96;R$ 391,24;858,72;Sim;App;2023-10-16;2023-10-16;2023-10-19;2023-10-22;28;Correios;Entregue;embalagem para presente
PA-2023-00588;10/13/2023 02:47 AM;10/13/2023 04:07 AM;pata amiga joinville sul;LJ-013;Boa Vista;brinquedo;boleto;3;0;1;1,2;R$ 121,79;R$ 12,79;109.00;V;app;;;;;;;Pedido cancelado;conferir endereco com o cliente
PA-2023-00596;10/13/2023 03:23 AM;10/13/2023 04:43 AM;Pata Amiga Chapeco;LJ-029;Passo dos Fortes;Higiene e Beleza;Cartao de Debito;3;0;0;7,0;139,96;43.81;96.15;;;;;;;;;Retirada na loja;produto fora de linha - substituido
PA-2023-00618;10/13/2023 05:07 AM;10/13/2023 05:17 AM;Pata Amiga Sao Miguel do Oeste;;Agostini;Racao;PIX;2;0;;5.8;414;129,80;;X;SITE;2023-10-14;2023-10-14;2023-10-17;2023-10-18;R$ 12,55;Entrega Expressa SC;Entregue;
PA-2023-00594;10/13/2023 06:23 AM;10/13/2023 06:43 AM;Pata Amiga Criciúma;LJ-021;Sao Luiz;Medicamentos;pix;3;0;0;6,4;358,58;R$ 36,22;322.36;X;loja fisica;;;;;;;Retirada na loja;cliente pediu entrega no periodo da tarde
PA-2023-00600;10/13/2023 06:12 AM;10/13/2023 06:47 AM;Pata Amiga Chapeco;LJ-029;Efapi;RACAO;BOLETO;4;0;0;8,5;701,93;219.70;482,23;X;LOJA FISICA;;;;;;;Retirada na loja;cliente pediu entrega no periodo da tarde
PA-2023-00609;10/13/2023 04:47 AM;10/13/2023 07:47 AM;Pata Amiga Chapecó;LJ-029;;Ração;CARTAO DE CREDITO;8;0;0;17,2;R$ 1.317,55;412,39;905,16;sim;site;2023-10-15;2023-10-16;2023-10-18;;;Logistica Propria;Despachado - em transito;produto fora de linha - substituido
PA-2023-00587;10/13/2023 07:23 AM;10/13/2023 08:13 AM;Pata Amiga Joinville Sul;LJ-013;;ACESSORIO;BOLETO;4;0;0;16,0;R$ 377,37;39,62;R$ 337,75;X;telefone;2023-10-15;2023-10-15;2023-10-18;2023-10-19;38.38;Logistica Propria;Entregue;produto fora de linha - substituido
PA-2023-00585;10/13/2023 06:25 AM;10/13/2023 08:25 AM;Pata Amiga Itajai Praia;LJ-003;;Brinquedo;DINHEIRO;3;0;0;10,8;165;R$ 0,00;165,49;F;;2023-10-16;2023-10-16;2023-10-17;2023-10-19;18,95;Rapido Catarinense;Entregue;cliente pediu entrega no periodo da tarde
PA-2023-00614;10/13/2023 06:35 AM;10/13/2023 08:35 AM;Pata Amiga Concordia;LJ-030;Petropolis;Racao Seca;VALE PET;4;0;0;12,9;699,11;-;480.29;1;App Pata Amiga;2023-10-14;2023-10-15;2023-10-18;2023-10-20;29,44;Entrega Expressa SC;Entregue;conferir endereco com o cliente
PA-2023-00590;10/13/2023 06:47 AM;10/13/2023 08:47 AM;PATA AMIGA JARAGUA DO SUL;;Centro;petisco;BOLETO;1;0;0;2,7;46;2,27;44,10;true;Site;2023-10-16;;;;;Correios;Aguardando nota fiscal;
PA-2023-00604;10/13/2023 09:45 AM;10/13/2023 10:20 AM;pata amiga chapeco;;Passo dos Fortes;Racao Seca;Cartão de Crédito;3;;0;7,7;R$ 467,46;;R$ 321,15;S;LOJA FISICA;;;;;;;Retirada na loja;
PA-2023-00610;10/13/2023 09:50 AM;10/13/2023 11:50 AM;Pata Amiga Chapeco/SC;LJ-029;Efapi;Rac.;PIX;7;0;0;10,7;741,18;R$ 231,99;R$ 509,19;V;App Pata Amiga;2023-10-16;2023-10-17;2023-10-21;2023-10-23;24,74;Entrega Expressa SC;Entregue;
PA-2023-00620;10/13/2023 09:55 AM;10/13/2023 12:55 PM;PATA AMIGA SAO MIGUEL DO OESTE;;Centro;Rac.;Pix;1;0;0;2,6;167,18;52,33;R$ 114,85;V;SITE;2023-10-15;2023-10-15;2023-10-21;2023-10-22;8.19;Rapido Catarinense;Entregue;
PA-2023-00586;10/13/2023 12:45 PM;10/13/2023 01:20 PM;Pata Amiga Taio;LJ-009;Centro;Higiene;Cartão de Crédito;3;0;0;2.8;155,55;16.95;138,60;V;LOJA FISICA;;;;;;;Retirada na loja;
PA-2023-00597;10/13/2023 01:00 PM;10/13/2023 01:35 PM;Pata Amiga Chapecó;;Centro;Racao Seca;Vale Pet;6;0;0;4,7;797.24;249,54;R$ 547,70;V;Site;2023-10-14;2023-10-14;2023-10-15;2023-10-18;18,71;Correios;Entregue;aguardando confirmacao de estoque
PA-2023-00608;10/13/2023 01:07 PM;10/13/2023 01:57 PM;Pata Amiga Chapecó;LJ-029;Centro;MEDICAMENTO;PIX;10;0;N/I;4,6;748,45;234.26;514,19;true;SITE;2023-10-15;2023-10-16;2023-10-20;2023-10-22;19,90;Correios;Entregue;aguardando confirmacao de estoque
PA-2023-00601;10/13/2023 01:45 PM;10/13/2023 03:45 PM;Pata Amiga Chapecó;LJ-029;Passo dos Fortes;Rac.;pix;3;N/I;0;4,1;R$ 629,12;R$ 196,91;432,21;S;loja fisica;;;;;;;Retirada na loja;conferir endereco com o cliente
PA-2023-00615;10/13/2023 06:50 AM;10/13/2023 04:50 PM;pata amiga xanxere;LJ-031;;Ração;Credito;3;0;0;3.3;639,21;R$ 200,07;R$ 439,14;SIM;;2023-10-15;2023-10-16;2023-10-19;2023-10-22;14,01;Rapido Catarinense;Entregue;
PA-2023-00603;10/13/2023 05:38 PM;10/13/2023 06:28 PM;Pata Amiga Chapeco;LJ-029;Passo dos Fortes;medicamento;Boleto;10;0;1;7,9;749,66;R$ 234,64;515,02;Sim;loja fisica;;;;;;;Retirada na loja;
PA-2023-00606;10/13/2023 07:23 PM;10/13/2023 07:58 PM;Pata Amiga Chapecó;;Efapi;PETISCO;Cartao de Credito;8;0;-;33.2;R$ 267,74;R$ 83,80;183,94;true;LOJA FISICA;;;;;;;Retirada na loja;embalagem para presente
PA-2023-00612;10/13/2023 07:40 PM;10/13/2023 08:00 PM;Pata Amiga Concordia;;Centro;racao;Debito;11;1;0;44.3;1.204,97;377;R$ 827,81;X;site;2023-10-15;2023-10-16;;;;Logistica Propria;Aguardando despacho;pedido recorrente
PA-2023-00617;10/13/2023 10:38 AM;10/13/2023 08:38 PM;PATA AMIGA SAO MIGUEL DO OESTE;;Sao Gotardo;Petiscos;CARTAO DE CREDITO;7;0;0;22.0;351,57;R$ 110,04;R$ 241,53;SIM;site;2023-10-14;2023-10-15;;;;TransPet Log;Aguardando despacho;cliente pediu entrega no periodo da tarde
PA-2023-00611;10/13/2023 05:52 PM;10/13/2023 08:52 PM;Pata Amiga Concordia;LJ-030;Petropolis;Petisco;CARTAO DE DEBITO;-;0;0;24,6;249,08;77.96;171;S;Loja Fisica;;;;;;;Retirada na loja;
PA-2023-00593;10/13/2023 09:00 PM;10/13/2023 09:10 PM;Pata Amiga Criciúma;LJ-021;Rio Maina;Medicamento;Cartao de Debito;3;0;0;6.5;388;39.21;R$ 349,03;Sim;site;2023-10-15;2023-10-16;;;;Entrega Expressa SC;Aguardando despacho;
PA-2023-00598;10/13/2023 09:05 PM;10/13/2023 09:15 PM;Pata Amiga Chapeco/SC;LJ-029;Passo dos Fortes;Petisco;VALE PET;13;1;0;53,9;522,76;163;R$ 359,14;V;site;2023-10-14;2023-10-14;2023-10-17;;;Correios;Despachado - em transito;
PA-2023-00605;10/13/2023 07:38 PM;10/13/2023 09:38 PM;Pata Amiga Chapeco;;Efapi;RACAO;Cartão de Débito;10;1;0;40,8;R$ 1.272,17;398,19;873,98;V;Tel.;2023-10-15;2023-10-16;2023-10-18;2023-10-20;142;Rapido Catarinense;Entregue;embalagem para presente
PA-2023-00602;10/13/2023 09:55 PM;10/13/2023 10:30 PM;pata amiga chapeco;LJ-029;Passo dos Fortes;RAÇÃO;Dinheiro;10;0;2;32,5;1439.28;450,49;988,79;X;app;2023-10-15;;;;;Logistica Propria;Aguardando nota fiscal;
PA-2023-00619;10/13/2023 09:55 PM;10/13/2023 10:30 PM;Pata Amiga Sao Miguel do Oeste;LJ-032;Agostini;RAÇÃO;Cartão de Débito;3;0;0;9.8;344;107,80;;1;LOJA FISICA;;;;;;;Retirada na loja;aguardando confirmacao de estoque
PA-2023-00595;10/13/2023 10:38 PM;10/13/2023 11:28 PM;Pata Amiga Laguna;LJ-024;;Medicamentos;Cartao de Credito;5;0;0;17,4;628;41,48;587.05;sim;app;2023-10-15;2023-10-15;2023-10-16;;;Correios;Despachado - em transito;aguardando confirmacao de estoque
PA-2023-00589;10/13/2023 03:40 PM;10/14/2023 01:40 AM;PATA AMIGA JOINVILLE SUL;LJ-013;Costa e Silva;Petisco;BOLETO;5;0;0;9.9;142,89;15,00;R$ 127,89;Sim;whatsapp;2023-10-16;2023-10-16;2023-10-20;2023-10-23;R$ 29,91;Rapido Catarinense;Entregue;
PA-2023-00599;10/13/2023 11:50 PM;10/14/2023 02:50 AM;Pata Amiga Chapeco;LJ-029;Centro;Rac.;Boleto;;0;0;23.0;R$ 1.486,50;;1.021,23;S;Whatsapp;2023-10-16;2023-10-17;2023-10-20;2023-10-22;73;Logistica Propria;Entregue;embalagem para presente
PA-2023-00592;10/13/2023 04:55 PM;10/14/2023 02:55 AM;pata amiga florianopolis norte;LJ-017;Trindade;Med.;Pix;3;0;0;1.3;R$ 227,21;10,22;216,99;S;Site;2023-10-15;2023-10-16;2023-10-20;;;Logistica Propria;Despachado - em transito;
PA-2023-00623;10/14/2023 05:23 AM;10/14/2023 06:43 AM;PATA AMIGA BRUSQUE;LJ-004;Limeira;Medicamentos;Cartão de Débito;7;;n/d;10.9;R$ 439,39;95.35;R$ 344,04;1;app;2023-10-16;2023-10-16;2023-10-21;2023-10-23;17,53;Correios;Entregue;embalagem para presente
PA-2023-00632;10/14/2023 05:40 AM;10/14/2023 07:00 AM;pata amiga florianopolis norte;LJ-017;Costeira;Ração;Debito;3;0;0;7,1;597,18;R$ 61,51;535;S;App;2023-10-15;2023-10-16;2023-10-19;;;Correios;Despachado - em transito;
PA-2023-00630;10/14/2023 02:07 AM;10/14/2023 07:07 AM;Pata Amiga Florianópolis Norte;;Rio Vermelho;acessorio;vale pet;5;0;0;13,5;580,53;59,79;520,74;S;site;2023-10-16;2023-10-16;2023-10-19;2023-10-22;35,10;Entrega Expressa SC;Entregue;produto fora de linha - substituido
PA-2023-00628;10/14/2023 07:35 AM;10/14/2023 08:10 AM;Pata Amiga Joinville Sul/SC;;Boa Vista;ACESSORIO;dinheiro;1;0;0;2.9;R$ 59,85;0.00;59;0;Loja Física;;;;;;;Retirada na loja;cliente pediu entrega no periodo da tarde
PA-2023-00622;10/14/2023 08:10 AM;10/14/2023 09:00 AM;Pata Amiga Itajaí Praia;;Fazenda;Medicamento;Credito;6;0;0;18,1;410,38;89,05;R$ 321,33;1;App;2023-10-16;2023-10-16;2023-10-19;2023-10-21;R$ 56,05;Correios;Entregue;conferir endereco com o cliente
PA-2023-00633;10/14/2023 08:38 AM;10/14/2023 09:28 AM;PATA AMIGA CURITIBANOS;LJ-028;Centro;HIGIENE;Cartão de Débito;2;0;0;3,6;R$ 62,62;R$ 0,00;62,62;0;Loja Física;;;;;;;Retirada na loja;conferir endereco com o cliente
PA-2023-00631;10/14/2023 09:20 AM;10/14/2023 10:40 AM;Pata Amiga Floripa Norte;LJ-017;Centro;RACAO;PIX;1;0;0;2,5;R$ 187,62;19,32;R$ 168,30;X;site;2023-10-17;2023-10-17;2023-10-18;2023-10-19;10,28;Logistica Propria;Entregue;
PA-2023-00627;10/14/2023 11:52 AM;10/14/2023 12:12 PM;Pata Amiga Presidente Getulio;LJ-008;Fundo Canoas;Racao;boleto;2;0;0;4.4;208,94;R$ 10,45;R$ 198,49;true;Whatsapp;2023-10-16;;;;;TransPet Log;Aguardando nota fiscal;pedido recorrente
PA-2023-00621;10/14/2023 10:52 AM;10/14/2023 12:52 PM;Pata Amiga Itajaí Praia;LJ-003;Cordeiros;Ração Medicamentosa;Cartão de Débito;7;0;0;15.9;482.70;R$ 104,75;377,95;sim;WhatsApp;2023-10-16;2023-10-17;2023-10-20;2023-10-23;36;TransPet Log;Entregue;
PA-2023-00626;10/14/2023 02:10 PM;10/14/2023 02:30 PM; Pata Amiga Brusque;LJ-004;Aguas Claras;MEDICAMENTO;Vale Pet;7;0;;25.4;997,80;216,52;781,28;S;Loja Física;;;;;;;Retirada na loja;embalagem para presente
PA-2023-00624;10/14/2023 05:38 PM;10/14/2023 06:28 PM;pata amiga brusque;;Limeira;MEDICAMENTO;vale pet;;1;;26.1;R$ 512,83;R$ 111,28;401;sim;whatsapp;2023-10-16;2023-10-17;2023-10-19;2023-10-20;R$ 56,34;TransPet Log;Entregue;cliente pediu entrega no periodo da tarde
PA-2023-00625;10/14/2023 06:38 PM;10/14/2023 07:13 PM;Pata Amiga Brusque;LJ-004;Dom Joaquim;PETISCO;dinheiro;8;1;0;6.5;375.85;R$ 81,56;294,29;X;app;2023-10-15;2023-10-15;;;;Entrega Expressa SC;Aguardando despacho;produto fora de linha - substituido
PA-2023-00629;10/14/2023 05:55 PM;10/14/2023 07:15 PM;PATA AMIGA ITAPOA;LJ-016;Balneario Itapoa;Ração Medicamentosa;PIX;1;0;0;0.5;91,46;0,00;91,46;Não;App Pata Amiga;2023-10-18;;;;;Logistica Propria;Aguardando nota fiscal;embalagem para presente
PA-2023-00634;10/14/2023 02:52 PM;10/15/2023 12:52 AM;Pata Amiga Concórdia;;Nacoes;Petisco;PIX;2;0;0;4.7;R$ 59,21;0,00;R$ 59,21;Nao;WhatsApp;;;;;;;Pedido cancelado;
PA-2023-00641;10/15/2023 01:30 AM;10/15/2023 01:50 AM;pata amiga tubarao;LJ-022;Humaita;Brinquedos;pix;1;0;0;1.6;54,60;0,00;54.60;0;loja fisica;;;;;;;Retirada na loja;
PA-2023-00638;10/15/2023 03:30 AM;10/15/2023 04:05 AM;Pata Amiga Taio;LJ-009;Centro;Brinquedos;Credito;1;0;0;1.3;R$ 71,78;R$ 0,00;71,78;false;;2023-10-17;2023-10-18;;;;Rapido Catarinense;Aguardando despacho;conferir endereco com o cliente
PA-2023-00639;10/15/2023 04:00 AM;10/15/2023 04:35 AM;PATA AMIGA IBIRAMA;;Bela Alianca;Brinquedo;CARTAO DE DEBITO;6;1;0;24.3;329,39;59.29;270.10;1;app;2023-10-17;2023-10-17;;;;Correios;Aguardando despacho;
PA-2023-00636;10/15/2023 04:20 AM;10/15/2023 05:10 AM;Pata Amiga Indaial;;Warnow;higiene;Pix;-;;0;4.8;216;21.46;R$ 195,28;sim;LOJA FISICA;;;;;;;Retirada na loja;produto fora de linha - substituido
PA-2023-00635;10/15/2023 05:23 AM;10/15/2023 06:43 AM;Pata Amiga Timbó;LJ-005;Capitais;Petisco;Pix;7;n/d;0;26.7;307,01;R$ 30,39;R$ 276,62;sim;app;2023-10-17;2023-10-17;2023-10-21;;;Rapido Catarinense;Despachado - em transito;pedido recorrente
PA-2023-00640;10/15/2023 12:50 PM;10/15/2023 01:40 PM;Pata Amiga Santo Amaro da Imperatriz;LJ-020;Braco Sao Joao;Higiene;Cartao de Credito;7;1;;17,3;R$ 346,40;53.35;R$ 293,05;X;loja fisica;;;;;;;Retirada na loja;
PA-2023-00637;10/15/2023 11:50 PM;10/16/2023 12:40 AM;Pata Amiga Presidente Getulio;LJ-008;Centro;Medicamento;BOLETO;5;0;0;7,5;349,35;62,88;R$ 286,47;true;app;2023-10-19;2023-10-20;2023-10-30;2023-11-02;R$ 25,79;Entrega Expressa SC;Entregue;conferir endereco com o cliente
PA-2023-00649;10/16/2023 01:35 AM;10/16/2023 01:45 AM;pata amiga florianopolis norte;LJ-017;Costeira;racao;pix;5;0;0;16.4;R$ 746,24;141,04;605,20;X;Site;2023-10-18;2023-10-19;2023-10-24;2023-10-26;22,98;TransPet Log;Entregue;produto fora de linha - substituido
PA-2023-00645;10/16/2023 02:47 AM;10/16/2023 02:57 AM;Pata Amiga Taio;LJ-009;Alto Santa Rosa;Serviço;Cartao de Credito;1;0;0;4.1;177,28;7,27;170,01;SIM;Loja Fisica;;;;;;;Retirada na loja;produto fora de linha - substituido
PA-2023-00648;10/16/2023 08:38 AM;10/16/2023 08:58 AM;pata amiga itapoa;;Figueira do Pontal;brinquedo;DINHEIRO;6;;0;4.5;475,20;22,81;452.39;S;Loja Fisica;;;;;;;Retirada na loja;conferir endereco com o cliente
PA-2023-00643;10/16/2023 01:05 PM;10/16/2023 01:15 PM;PATA AMIGA INDAIAL;;Warnow;RACAO;DINHEIRO;1;0;0;1.8;R$ 185,09;19,25;165,84;true;site;2023-10-17;2023-10-17;2023-10-20;2023-10-22;R$ 7,17;Correios;Entregue;
PA-2023-00646;10/16/2023 07:12 PM;10/16/2023 07:47 PM;Pata Amiga Ibirama;;Centro;racao;Pix;5;0;0;12.9;743,31;78,05;R$ 665,26;SIM;Site;2023-10-19;2023-10-19;2023-10-29;2023-11-02;R$ 30,20;Logistica Propria;Entregue;
PA-2023-00650;10/16/2023 08:15 PM;10/16/2023 10:15 PM;Pata Amiga Floripa Norte;LJ-017;Saco Grande;PETISCO;PIX;;0;2;4,8;R$ 240,20;R$ 45,40;194.80;S;WhatsApp;2023-10-17;2023-10-18;2023-10-22;2023-10-25;20,05;TransPet Log;Entregue;
PA-2023-00647;10/16/2023 01:50 PM;10/16/2023 11:50 PM;Pata Amiga Rio dos Cedros;LJ-012;Centro;Ração Medicamentosa;Especie;2;0;0;1,2;R$ 121,79;12,67;109,12;1;loja fisica;;;;;;;Retirada na loja;embalagem para presente
PA-2023-00665;10/17/2023 01:35 AM;10/17/2023 01:55 AM;Pata Amiga Concórdia;LJ-030;Petropolis;RACAO;vale pet;7;0;1;25.1;1.036,11;R$ 268,35;767,76;true;WhatsApp;2023-10-19;2023-10-19;2023-10-21;2023-10-23;82.07;Logistica Propria;Entregue;pedido recorrente
PA-2023-00644;10/16/2023 09:07 PM;10/17/2023 02:07 AM;Pata Amiga Indaial;LJ-006;Warnow;Acessorios;DINHEIRO;6;1;0;14.3;456,70;47;409,20;Sim;app;2023-10-19;;;;;Logistica Propria;Aguardando nota fiscal;
PA-2023-00642;10/16/2023 11:52 PM;10/17/2023 02:52 AM;Pata Amiga Rio do sul;LJ-002;Laranjeiras;HIGIENE;dinheiro;2;0;0;7.9;104.44;0.00;104.44;N;LOJA FISICA;;;;;;;Retirada na loja;embalagem para presente
PA-2023-00667;10/17/2023 02:55 AM;10/17/2023 03:45 AM;Pata Amiga Xanxerê;;Bela Vista;petisco;Pix;8;0;0;24.8;R$ 203,42;52.69;150,73;Sim;site;2023-10-19;2023-10-20;2023-10-24;2023-10-25;;Rapido Catarinense;Entregue;pedido recorrente
PA-2023-00656;10/17/2023 06:50 AM;10/17/2023 07:00 AM;Pata Amiga Santo Amaro da Imperatriz;LJ-020;;Servico;VALE PET;7;N/I;0;4.5;900,87;R$ 170,26;730.61;S;LOJA FISICA;;;;;;;Retirada na loja;embalagem para presente
PA-2023-00664;10/17/2023 06:25 AM;10/17/2023 07:45 AM;Pata Amiga Concordia;;Nacoes;RAÇÃO;Especie;7;1;0;21.5;1.588,61;411,45;1177;1;Site;2023-10-18;2023-10-19;2023-10-24;2023-10-26;52,04;Logistica Propria;Entregue;
PA-2023-00663;10/17/2023 09:12 AM;10/17/2023 10:02 AM;Pata Amiga Chapeco/SC;LJ-029;Sao Cristovao;Ração Medicamentosa;boleto;7;0;0;27,1;R$ 767,20;198;568;X;Site;;;;;;;Pedido cancelado;conferir endereco com o cliente
PA-2023-00668;10/17/2023 09:10 AM;10/17/2023 11:10 AM;Pata Amiga Sao Miguel do Oeste;LJ-032;Sao Gotardo;Racao;Cartao de Debito;9;1;0;12.4;2013;521;1492.31;;APP;2023-10-19;2023-10-19;2023-10-22;;;Correios;Despachado - em transito;
PA-2023-00661;10/17/2023 11:50 AM;10/17/2023 12:00 PM;PATA AMIGA CHAPECO;;Centro;Racao Seca;Debito;9;;0;28.7;1.680,55;435,26;1245.29;SIM;Loja Física;;;;;;;Retirada na loja;
PA-2023-00653;10/17/2023 09:05 AM;10/17/2023 12:05 PM;Pata Amiga Presidente Getúlio;LJ-008;Alto Dona Luiza;Brinquedo;boleto;2;0;0;1.4;R$ 139,81;0,00;139,81;0;Telefone;2023-10-19;2023-10-20;2023-10-22;2023-10-25;6,70;Correios;Entregue;aguardando confirmacao de estoque
PA-2023-00660;10/17/2023 12:52 PM;10/17/2023 02:12 PM;Pata Amiga Chapecó;LJ-029;Efapi;Medicamento;CARTAO DE CREDITO;6;0;0;13.1;R$ 779,42;201,87;577,55;1;WhatsApp;;;;;;;Pedido cancelado;
PA-2023-00655;10/17/2023 02:25 PM;10/17/2023 04:25 PM;Pata Amiga Jgua do Sul;;;higiene;PIX;8;0;0;32,9;345;53,82;291,18;1;APP;2023-10-18;2023-10-18;2023-10-22;2023-10-24;42,01;Logistica Propria;Entregue;
PA-2023-00654;10/17/2023 03:47 PM;10/17/2023 05:07 PM;Pata Amiga Jgua do Sul;;Centro;racao;Vale Pet;2;0;0;1.2;425.23;66,34;358,89;Sim;SITE;2023-10-18;2023-10-19;2023-10-23;2023-10-25;R$ 6,22;Entrega Expressa SC;Entregue;
PA-2023-00658;10/17/2023 06:10 PM;10/17/2023 06:30 PM;Pata Amiga Tubarao;;Passagem;Brinquedo;PIX;4;0;0;16.2;R$ 316,36;35,75;280,61;SIM;app;2023-10-18;2023-10-18;2023-10-20;2023-10-23;R$ 53,58;Entrega Expressa SC;Entregue;
PA-2023-00652;10/17/2023 07:20 PM;10/17/2023 08:40 PM;Pata Amiga Gaspar;;Bela Vista;Petisco;CARTAO DE CREDITO;2;0;0;4.0;R$ 59,67;0,00;59;NAO;App;2023-10-19;2023-10-19;2023-10-22;2023-10-23;13,37;Correios;Entregue;aguardando confirmacao de estoque
PA-2023-00651;10/17/2023 10:25 PM;10/17/2023 10:35 PM;PATA AMIGA RIO DO SUL;LJ-002;Sumare;Servicos;PIX;;0;0;3.2;75,09;R$ 7,73;67,36;sim;Site;2023-10-18;2023-10-19;;;;TransPet Log;Aguardando despacho;pedido recorrente
PA-2023-00662;10/17/2023 11:40 PM;10/17/2023 11:50 PM;pata amiga chapeco;LJ-029;Sao Cristovao;Rac.;Pix;5;0;0;6.1;540,39;R$ 139,96;400.43;SIM;app;2023-10-18;2023-10-19;2023-10-21;2023-10-24;11,84;Rapido Catarinense;Entregue;pedido recorrente
PA-2023-00659;10/17/2023 06:52 PM;10/17/2023 11:52 PM;pata amiga chapeco;;;Racao Seca;BOLETO;12;0;;28.2;2132;552,36;1580;Sim;Whatsapp;2023-10-18;2023-10-19;2023-10-20;2023-10-22;R$ 84,29;Rapido Catarinense;Entregue;aguardando confirmacao de estoque
PA-2023-00675;10/18/2023 03:15 AM;10/18/2023 03:25 AM;Pata Amiga Sao Jose Kobrasol;LJ-018;Kobrasol;Petiscos;CARTAO DE DEBITO;-;0;0;3.8;27,57;8;R$ 19,38;1;App Pata Amiga;;;;;;;Pedido cancelado;
PA-2023-00666;10/17/2023 06:05 PM;10/18/2023 04:05 AM;Pata Amiga Xanxerê;LJ-031;Centro;Medicamentos;Credito;5;0;1;16.9;R$ 402,59;104;298;true;site;2023-10-20;2023-10-20;2023-10-23;2023-10-26;33,20;TransPet Log;Entregue;pedido recorrente
PA-2023-00677;10/18/2023 04:20 AM;10/18/2023 04:30 AM;pata amiga palhoca;LJ-019;Guarda do Cubatao;Ração Medicamentosa;Cartao de Credito;11;0;0;41.9;935;277.74;657;Sim;App Pata Amiga;2023-10-20;2023-10-21;2023-10-25;2023-10-27;108.89;Entrega Expressa SC;Entregue;
PA-2023-00678;10/18/2023 04:55 AM;10/18/2023 05:05 AM;Pata Amiga Lages;;Habitacao;Brinquedos;boleto;1;0;2;2.7;69,10;0,00;69,10;Nao;Loja Fisica;;;;;;;Retirada na loja;aguardando confirmacao de estoque
PA-2023-00671;10/18/2023 07:15 AM;10/18/2023 08:05 AM;PATA AMIGA JOINVILLE SUL;LJ-013;Boa Vista;petisco;Credito;2;0;0;4.9;R$ 43,81;0.00;43;nao;loja fisica;;;;;;;Retirada na loja;
PA-2023-00669;10/18/2023 08:23 AM;10/18/2023 09:13 AM;pata amiga brusque;;Aguas Claras;BRINQUEDO;Credito;4;0;1;15,6;283,18;R$ 22,09;261,09;sim;App Pata Amiga;2023-10-19;2023-10-19;2023-10-21;2023-10-23;42,34;Logistica Propria;Entregue;
PA-2023-00657;10/17/2023 11:25 PM;10/18/2023 09:25 AM;Pata Amiga Tubarão;LJ-022;Centro;petisco;Cartão de Crédito;6;0;0;20,5;158,39;17,90;140,49;V;site;2023-10-20;2023-10-20;2023-10-24;2023-10-25;53.51;Rapido Catarinense;Entregue;embalagem para presente
PA-2023-00679;10/18/2023 12:12 PM;10/18/2023 01:02 PM;pata amiga chapeco;;Sao Cristovao;Med.;Cartao de Credito;2;0;0;2.3;216,41;0,00;216.41;N;Whatsapp;;;;;;;Pedido cancelado;aguardando confirmacao de estoque
PA-2023-00672;10/18/2023 05:07 AM;10/18/2023 03:07 PM;Pata Amiga São Jose Kobrasol;;Kobrasol;Petisco;Dinheiro;10;1;0;34.9;R$ 373,39;110.90;262.49;SIM;app;2023-10-20;2023-10-20;2023-10-25;2023-10-27;123,55;Logistica Propria;Entregue;
PA-2023-00673;10/18/2023 03:35 PM;10/18/2023 04:25 PM;Pata Amiga Sao Jose Kobrasol/SC;;Campinas;medicamento;Pix;-;0;0;4.2;278,80;82,80;R$ 196,00;1;telefone;;;;;;;Pedido cancelado;pedido recorrente
PA-2023-00670;10/18/2023 05:52 PM;10/18/2023 06:27 PM;Pata Amiga Indaial;LJ-006;Encano;RACAO;DINHEIRO;1;0;;1,3;138,79;5.41;133,38;SIM;Tel.;2023-10-20;;;;;Entrega Expressa SC;Aguardando nota fiscal;
PA-2023-00676;10/18/2023 07:50 PM;10/18/2023 08:00 PM;Pata Amiga São Jose Kobrasol;;Real Parque;Petiscos;pix;7;0;0;17.5;221.71;65,85;155.86;Sim;App;;;;;;;Pedido cancelado;
PA-2023-00674;10/18/2023 09:52 PM;10/19/2023 02:52 AM;Pata Amiga Sao Jose Kobrasol;LJ-018;Kobrasol;RACAO;BOLETO;7;0;0;27,9;R$ 1.175,38;349.09;R$ 826,29;X;App Pata Amiga;2023-10-20;2023-10-20;2023-10-25;2023-10-26;R$ 92,28;Entrega Expressa SC;Entregue;cliente pediu entrega no periodo da tarde
PA-2023-00684;10/19/2023 03:47 AM;10/19/2023 06:47 AM;Pata Amiga Joinville Sul;LJ-013;Vila Nova;HIGIENE;PIX;3;0;0;6.6;145,61;13,40;R$ 132,21;Sim;Site;2023-10-22;2023-10-22;2023-10-24;;;Logistica Propria;Despachado - em transito;embalagem para presente
PA-2023-00680;10/19/2023 07:10 AM;10/19/2023 07:20 AM;Pata Amiga Blumenau Centro;LJ-001;Vorstadt;petisco;Especie;2;;0;7.7;R$ 43,48;R$ 2,70;R$ 40,78;true;app;2023-10-20;;;;;Logistica Propria;Aguardando nota fiscal;pedido recorrente
PA-2023-00683;10/19/2023 07:23 AM;10/19/2023 08:13 AM;pata amiga ituporanga;LJ-010;Vila Nova;petisco;pix;2;0;0;6.9;64.51;0.00;64.51;N;Site;2023-10-22;2023-10-23;2023-10-31;;;Correios;Despachado - em transito;aguardando confirmacao de estoque
PA-2023-00685;10/19/2023 12:25 PM;10/19/2023 12:35 PM;Pata Amiga Palhoça;;Ponte do Imaruim;BRINQUEDO;boleto;4;0;0;7.4;254;0,00;254,55;false;site;2023-10-21;2023-10-22;2023-10-25;2023-10-28;26.23;TransPet Log;Entregue;embalagem para presente
PA-2023-00686;10/19/2023 11:47 AM;10/19/2023 01:07 PM;Pata Amiga Tubarao;LJ-022;Humaita;Ração;BOLETO;1;0;0;1.8;R$ 220,18;35.67;184;sim;Tel.;2023-10-21;2023-10-21;;;;TransPet Log;Aguardando despacho;
PA-2023-00689;10/19/2023 03:23 PM;10/19/2023 04:13 PM;Pata Amiga Curitibanos;;Centro;Serviço;VALE PET;4;0;2;15.3;701.65;R$ 73,67;627,98;true;Site;2023-10-21;2023-10-21;2023-10-26;2023-10-28;49.12;Logistica Propria;Entregue;produto fora de linha - substituido
PA-2023-00688;10/19/2023 04:52 PM;10/19/2023 09:52 PM;Pata Amiga Laguna/SC;LJ-024;;higiene;boleto;2;0;0;1,1;78.99;12.80;66.19;sim;app;2023-10-21;2023-10-22;2023-10-26;2023-10-28;R$ 7,67;Correios;Entregue;conferir endereco com o cliente
PA-2023-00681;10/19/2023 09:47 PM;10/19/2023 10:22 PM;Pata Amiga Gaspar;;Gasparinho;Medicamentos;PIX;2;0;0;7.2;121;7,51;113.69;V;SITE;2023-10-21;2023-10-22;;;;Logistica Propria;Aguardando despacho;
PA-2023-00687;10/19/2023 10:45 PM;10/20/2023 01:45 AM;pata amiga tubarao;;;Higiene e Beleza;vale pet;4;0;0;6.4;R$ 240,09;38,89;201,20;1;App;2023-10-21;2023-10-21;2023-10-22;2023-10-23;13.20;Correios;Entregue;
PA-2023-00682;10/19/2023 03:52 PM;10/20/2023 01:52 AM;Pata Amiga Presidente Getulio;LJ-008;Alto Dona Luiza;Servicos;Cartao de Credito;2;0;0;5.4;226,59;0,00;226,59;false;Loja Fisica;;;;;;;Retirada na loja;cliente pediu entrega no periodo da tarde
PA-2023-00690;10/20/2023 05:05 AM;10/20/2023 05:15 AM;Pata Amiga Indaial;LJ-006;Nacoes;Acessorios;Cartao de Credito;1;0;0;1,2;86,57;8,05;78,52;;App Pata Amiga;2023-10-22;2023-10-22;2023-10-25;;;Entrega Expressa SC;Despachado - em transito;pedido recorrente
PA-2023-00692;10/20/2023 06:23 PM;10/20/2023 07:13 PM;Pata Amiga Santo Amaro da Imperatriz;LJ-020;Braco Sao Joao;Acessorios;Dinheiro;5;0;0;19,5;389;48,68;340,77;SIM;Site;2023-10-23;2023-10-24;2023-11-01;2023-11-03;R$ 68,10;Correios;Entregue;
PA-2023-00691;10/20/2023 10:05 PM;10/20/2023 11:25 PM;Pata Amiga Florianopolis Norte/SC;;;Higiene e Beleza;pix;2;0;0;5.9;89,24;R$ 0,00;89.24;false;APP;2023-10-22;2023-10-23;2023-10-27;2023-10-29;13,98;Correios;Entregue;conferir endereco com o cliente
PA-2023-00696;10/21/2023 01:55 AM;10/21/2023 02:45 AM;Pata Amiga Joinville Sul/SC;;Vila Nova;Servico;Pix;2;0;0;7,7;163,22;;163.22;N;WHATSAPP;2023-10-22;2023-10-22;2023-10-25;2023-10-28;29,14;TransPet Log;Entregue;embalagem para presente
PA-2023-00703;10/21/2023 07:40 AM;10/21/2023 08:15 AM;Pata Amiga Otacilio  Costa;;Bela Vista;petisco;CARTAO DE DEBITO;15;0;0;57.0;495.50;213;282,44;Sim;Telefone;;;;;;;Pedido cancelado;conferir endereco com o cliente
PA-2023-00695;10/21/2023 07:20 AM;10/21/2023 08:40 AM;Pata Amiga Gaspar;LJ-007;Gasparinho;Racao;Cartao de Debito;10;1;2;10.2;1.437,44;R$ 323,42;1.114,02;true;APP;2023-10-24;;;;;TransPet Log;Aguardando nota fiscal;
PA-2023-00700;10/21/2023 06:20 AM;10/21/2023 09:20 AM;PATA AMIGA OTACILIO COSTA;;Centro;petisco;Pix;11;0;0;4,5;290,84;125,06;165.78;X;Site;2023-10-23;2023-10-23;2023-11-02;;;Entrega Expressa SC;Despachado - em transito;
PA-2023-00697;10/21/2023 08:47 AM;10/21/2023 01:47 PM;Pata Amiga Sao Joaquim;LJ-026;Centro;MEDICAMENTO;BOLETO;17;1;0;66.4;1.043,86;448,86;R$ 595,00;V;APP;2023-10-23;2023-10-23;2023-10-26;2023-10-29;125,13;Logistica Propria;Entregue;aguardando confirmacao de estoque
PA-2023-00693;10/21/2023 01:47 PM;10/21/2023 02:07 PM;Pata Amiga Blumenau Centro/SC;;Garcia;Ração Medicamentosa;VALE PET;9;1;0;24,0;1.066,58;239,98;R$ 826,60;V;App Pata Amiga;2023-10-22;;;;;Correios;Aguardando nota fiscal;
PA-2023-00702;10/21/2023 06:30 PM;10/21/2023 06:40 PM;PATA AMIGA OTACILIO COSTA;LJ-027;Centro;RACAO;Vale Pet;15;0;0;58.4;R$ 2.991,36;1.286,28;R$ 1.705,08;Sim;TELEFONE;;;;;;;Pedido cancelado;
PA-2023-00701;10/21/2023 05:20 PM;10/21/2023 07:20 PM;Pata Amiga Otacílio Costa;LJ-027;Bela Vista;Racao Seca;Pix;7;;0;16,3;880,65;378.68;501,97;V;App;2023-10-22;2023-10-22;2023-10-28;2023-11-02;38;TransPet Log;Entregue;conferir endereco com o cliente
PA-2023-00699;10/21/2023 08:47 PM;10/21/2023 09:22 PM;PATA AMIGA SAO JOAQUIM;LJ-026;Centro;PETISCO;BOLETO;11;0;0;44.2;268.13;115,30;152.83;Sim;APP;2023-10-22;2023-10-22;;;;Entrega Expressa SC;Aguardando despacho;cliente pediu entrega no periodo da tarde
PA-2023-00698;10/21/2023 08:23 PM;10/22/2023 01:23 AM;PATA AMIGA SAO JOAQUIM;LJ-026;Centro;Med.;DINHEIRO;15;0;0;12.8;1.165,77;R$ 501,28;R$ 664,49;sim;Tel.;2023-10-26;2023-10-26;2023-10-31;2023-11-03;20.41;Rapido Catarinense;Entregue;
PA-2023-00704;10/22/2023 02:40 AM;10/22/2023 02:50 AM;Pata Amiga Taio;LJ-009;Alto Santa Rosa;Ração;Debito;4;;0;8.9;857,68;R$ 170,68;687;V;WhatsApp;2023-10-25;2023-10-25;;;;Correios;Aguardando despacho;
PA-2023-00709;10/22/2023 02:23 AM;10/22/2023 02:58 AM;PATA AMIGA CRICIUMA;LJ-021;Rio Maina;RACAO;BOLETO;;0;0;15.9;698.12;R$ 78,19;619,93;V;site;2023-10-23;2023-10-23;2023-10-29;2023-10-31;R$ 43,29;Entrega Expressa SC;Entregue;
PA-2023-00712;10/22/2023 04:38 AM;10/22/2023 05:13 AM;Pata Amiga Curitibanos;;Centro;Ração Medicamentosa;Cartão de Débito;6;0;0;11,4;853.26;R$ 146,76;706,50;SIM;Site;2023-10-23;2023-10-24;2023-10-28;2023-10-29;R$ 27,02;Rapido Catarinense;Entregue;
PA-2023-00705;10/22/2023 05:23 AM;10/22/2023 05:33 AM;PATA AMIGA ITUPORANGA;LJ-010;Vila Nova;Ração;Cartão de Débito;6;0;0;14.9;1221;243,05;978,33;true;WHATSAPP;2023-10-23;2023-10-24;2023-11-01;2023-11-02;22,11;Logistica Propria;Entregue;
PA-2023-00694;10/21/2023 07:45 PM;10/22/2023 05:45 AM;PATA AMIGA BLUMENAU CENTRO;;Progresso;higiene;BOLETO;7;0;2;14,3;289,18;65;224,11;Sim;site;2023-10-24;;;;;Correios;Aguardando nota fiscal;cliente pediu entrega no periodo da tarde
PA-2023-00708;10/22/2023 04:20 AM;10/22/2023 09:20 AM;PATA AMIGA CRICIUMA;LJ-021;Sao Luiz;Higiene;CARTAO DE CREDITO;3;0;0;9.6;134,06;R$ 15,01;R$ 119,05;S;Loja Fisica;;;;;;;Retirada na loja;
PA-2023-00710;10/22/2023 01:52 PM;10/22/2023 03:12 PM;pata amiga lages;LJ-025;Centro;Serviço;Cartao de Credito;4;0;0;11.2;356;R$ 61,39;295.51;true;LOJA FISICA;;;;;;;Retirada na loja;
PA-2023-00706;10/22/2023 08:50 PM;10/22/2023 11:50 PM;Pata Amiga Joinville Sul/SC;LJ-013;;Servico;Boleto;1;0;0;3.6;87,43;0.00;R$ 87,43;false;site;2023-10-24;2023-10-24;2023-10-26;2023-10-28;11;Rapido Catarinense;Entregue;aguardando confirmacao de estoque
PA-2023-00715;10/23/2023 01:10 AM;10/23/2023 01:30 AM;PATA AMIGA GASPAR;LJ-007;Gasparinho;higiene;Boleto;5;0;0;15.4;307;R$ 127,88;179,53;1;APP;2023-10-24;2023-10-25;2023-10-28;2023-10-31;33.07;Correios;Entregue;produto fora de linha - substituido
PA-2023-00727;10/23/2023 12:12 AM;10/23/2023 03:12 AM;PATA AMIGA JARAGUA DO SUL;LJ-014;Ilha da Figueira;racao;Credito;3;0;1;3.4;668.71;101.64;567.07;V;site;2023-10-25;2023-10-26;2023-10-28;2023-10-31;R$ 8,76;Logistica Propria;Entregue;
PA-2023-00730;10/23/2023 03:07 AM;10/23/2023 03:27 AM;Pata Amiga Concórdia;;;Racao;BOLETO;8;0;0;13,2;1.577,15;378,52;1198.63;sim;App;2023-10-25;2023-10-25;2023-10-30;2023-11-01;R$ 25,04;Entrega Expressa SC;Entregue;cliente pediu entrega no periodo da tarde
PA-2023-00711;10/22/2023 10:35 PM;10/23/2023 03:35 AM;PATA AMIGA LAGES;;Guarujal;Racao Seca;CARTAO DE DEBITO;4;0;0;13,7;701,74;120,70;581.04;sim;App Pata Amiga;2023-10-24;2023-10-25;2023-10-28;2023-10-30;R$ 23,68;TransPet Log;Entregue;cliente pediu entrega no periodo da tarde
PA-2023-00731;10/23/2023 03:12 AM;10/23/2023 04:32 AM;PATA AMIGA CONCORDIA;;Petropolis;racao;CARTAO DE CREDITO;7;0;0;21,3;R$ 1.117,10;R$ 268,10;849,00;Sim;app;2023-10-24;2023-10-24;2023-10-28;2023-10-30;30;Correios;Entregue;cliente pediu entrega no periodo da tarde
PA-2023-00707;10/22/2023 06:47 PM;10/23/2023 04:47 AM;PATA AMIGA SANTO AMARO DA IMPERATRIZ;LJ-020;Sul do Rio;RACAO;DINHEIRO;4;0;0;12.4;595,20;0.00;595;0;;;;;;;;Retirada na loja;produto fora de linha - substituido
PA-2023-00714;10/23/2023 01:23 AM;10/23/2023 11:23 AM;Pata Amiga Indaial;LJ-006;Encano;Higiene e Beleza;BOLETO;3;0;;11,5;76,50;R$ 4,97;71,53;true;Tel.;2023-10-25;2023-10-26;2023-10-29;2023-10-31;;Logistica Propria;Entregue;aguardando confirmacao de estoque
PA-2023-00732;10/23/2023 01:23 AM;10/23/2023 11:23 AM;Pata Amiga Concordia;LJ-030;Nacoes;racao;Cartão de Débito;10;0;0;17.0;R$ 2.178,89;522;1.655,96;sim;APP;2023-10-24;2023-10-25;2023-10-27;2023-10-29;36,49;Correios;Entregue;conferir endereco com o cliente
PA-2023-00729;10/23/2023 10:07 AM;10/23/2023 11:27 AM;Pata Amiga Chapeco/SC;LJ-029;Sao Cristovao;Racao Medicamentosa;Cartao de Debito;5;0;0;16.5;537,15;R$ 128,92;408,23;1;Site;2023-10-24;2023-10-24;2023-10-26;2023-10-29;58,72;Entrega Expressa SC;Entregue;
PA-2023-00716;10/23/2023 08:30 AM;10/23/2023 11:30 AM;pata amiga gaspar;LJ-007;Poco Grande;Racao Seca;boleto;3;0;0;2,2;;R$ 132,43;185;;Loja Física;;;;;;;Retirada na loja;embalagem para presente
PA-2023-00722;10/23/2023 09:23 AM;10/23/2023 12:23 PM;Pata Amiga Gaspar;LJ-007;Bela Vista;Racao;Pix;11;1;0;43,0;1.664,74;692,53;972,21;1;Loja Fisica;;;;;;;Retirada na loja;
PA-2023-00717;10/23/2023 01:12 PM;10/23/2023 01:22 PM;pata amiga gaspar;;Figueira;Ração Medicamentosa;Cartao de Credito;10;0;0;22.9;1187.31;R$ 493,92;693.39;X;app;2023-10-25;2023-10-26;2023-10-29;2023-10-31;45,24;Entrega Expressa SC;Entregue;
PA-2023-00733;10/23/2023 04:38 AM;10/23/2023 02:38 PM;pata amiga xanxere;LJ-031;Centro;Med.;DINHEIRO;1;0;0;1,1;138,10;33,14;104.96;X;Site;2023-10-25;2023-10-26;2023-10-29;2023-10-31;7.92;Logistica Propria;Entregue;produto fora de linha - substituido
PA-2023-00719;10/23/2023 01:50 PM;10/23/2023 02:40 PM;pata amiga gaspar;LJ-007;Figueira;Racao Seca;Vale Pet;9;1;0;14,8;R$ 984,82;409,69;575.13;;site;2023-10-25;2023-10-26;2023-10-31;2023-11-02;32,48;Logistica Propria;Entregue;aguardando confirmacao de estoque
PA-2023-00713;10/23/2023 03:05 PM;10/23/2023 03:55 PM;Pata Amiga Itajai Praia;LJ-003;Cordeiros;Ração;Credito;;0;0;1.9;208.39;0,00;R$ 208,39;false;APP;2023-10-25;2023-10-25;2023-10-28;2023-10-31;11,03;Logistica Propria;Entregue;
PA-2023-00726;10/23/2023 02:25 PM;10/23/2023 07:25 PM;Pata Amiga Jaraguá do Sul;;Barra do Rio Cerro;Ração;VALE PET;5;0;0;9.3;750,01;114,00;636,01;S;Site;2023-10-24;2023-10-25;;;;Logistica Propria;Aguardando despacho;conferir endereco com o cliente
PA-2023-00723;10/23/2023 08:15 PM;10/23/2023 08:35 PM;Pata Amiga Gaspar;;;racao;CARTAO DE DEBITO;-;0;0;17.0;1.043,10;R$ 433,93;609,17;X;;2023-10-24;2023-10-25;2023-10-29;;;Logistica Propria;Despachado - em transito;cliente pediu entrega no periodo da tarde
PA-2023-00728;10/23/2023 08:40 PM;10/23/2023 09:15 PM;Pata Amiga Sao Jose Kobrasol;LJ-018;Real Parque;Higiene;Especie;3;0;0;5,8;76,50;0;76,50;false;APP;2023-10-25;2023-10-25;;;;Rapido Catarinense;Aguardando despacho;cliente pediu entrega no periodo da tarde
PA-2023-00725;10/23/2023 09:23 PM;10/23/2023 09:43 PM;pata amiga gaspar;LJ-007;Gasparinho;medicamento;VALE PET;8;0;0;16.4;780,21;324,57;455.64;;site;2023-10-25;2023-10-26;;;;Logistica Propria;Aguardando despacho;
PA-2023-00724;10/23/2023 08:55 PM;10/23/2023 10:55 PM; Pata Amiga Gaspar;LJ-007;Bela Vista;Petiscos;DINHEIRO;16;1;0;49.1;R$ 622,02;258.76;R$ 363,26;1;Telefone;;;;;;;Pedido cancelado;
PA-2023-00720;10/23/2023 04:47 PM;10/24/2023 02:47 AM;PATA AMIGA GASPAR;LJ-007;Gasparinho;medicamento;Debito;8;0;0;20,7;916;R$ 381,19;535,14;X;LOJA FISICA;;;;;;;Retirada na loja;conferir endereco com o cliente
PA-2023-00737;10/24/2023 02:23 AM;10/24/2023 03:43 AM;PATA AMIGA JARAGUA DO SUL;LJ-014;Barra do Rio Cerro;Hig.;Especie;10;1;1;25,6;277,80;82,78;-;1;APP;2023-10-26;2023-10-27;2023-10-28;;;Logistica Propria;Despachado - em transito;
PA-2023-00718;10/23/2023 06:35 PM;10/24/2023 04:35 AM;PATA AMIGA GASPAR;;Bela Vista;Racao Seca;Debito;11;0;0;33.9;R$ 2.445,27;1017.23;1.428,04;sim;Loja Fisica;;;;;;;Retirada na loja;produto fora de linha - substituido
PA-2023-00734;10/23/2023 11:35 PM;10/24/2023 04:35 AM;Pata Amiga Sao Miguel do Oeste;;Agostini;Med.;VALE PET;6;0;0;7,2;728,00;174,72;553,28;V;App;2023-10-26;2023-10-26;2023-11-01;2023-11-03;20.23;Rapido Catarinense;Entregue;
PA-2023-00721;10/23/2023 06:40 PM;10/24/2023 04:40 AM;PATA AMIGA GASPAR;LJ-007;Bela Vista;Medicamento;boleto;7;0;0;5.6;R$ 1.016,24;422,76;593,48;SIM;;2023-10-26;2023-10-26;2023-10-28;2023-10-31;19.03;Logistica Propria;Entregue;
PA-2023-00749;10/24/2023 08:10 AM;10/24/2023 08:30 AM;Pata Amiga São Miguel do Oeste;LJ-032;Centro;Acessório;vale pet;3;0;0;3.0;188,10;0.00;188,10;Não;APP;2023-10-26;2023-10-27;2023-10-29;2023-11-01;10;Correios;Entregue;
PA-2023-00740;10/24/2023 04:00 AM;10/24/2023 09:00 AM;Pata Amiga São Bento do Sul;;Oxford;Servico;CARTAO DE CREDITO;2;0;0;8.2;330,21;13,87;316;;APP;2023-10-26;2023-10-28;2023-11-02;;;Logistica Propria;Despachado - em transito;
PA-2023-00741;10/24/2023 06:50 AM;10/24/2023 09:50 AM;pata amiga florianopolis norte;LJ-017;Saco Grande;Racao Medicamentosa;Especie;8;0;0;6.2;R$ 539,33;126.74;412.59;V;App Pata Amiga;;;;;;;Pedido cancelado;conferir endereco com o cliente
PA-2023-00743;10/24/2023 09:10 AM;10/24/2023 11:10 AM;Pata Amiga Florianopolis Norte;LJ-017;Saco Grande;racao;Debito;8;1;2;22,7;R$ 1.186,93;R$ 278,93;R$ 908,00;1;site;2023-10-25;2023-10-25;2023-10-29;2023-11-01;R$ 32,04;Correios;Entregue;
PA-2023-00745;10/24/2023 03:38 AM;10/24/2023 01:38 PM;PATA AMIGA FLORIANOPOLIS NORTE;;Rio Vermelho;Rac.;CARTAO DE DEBITO;1;0;0;1.8;R$ 201,13;R$ 47,27;153,86;sim;site;2023-10-26;2023-10-27;;;;Correios;Aguardando despacho;produto fora de linha - substituido
PA-2023-00738;10/24/2023 12:50 PM;10/24/2023 02:10 PM;Pata Amiga Jaraguá do Sul;LJ-014;Barra do Rio Cerro;PETISCO;Cartao de Credito;6;;0;3,3;R$ 224,77;66,98;R$ 157,79;SIM;app;2023-10-25;2023-10-25;2023-10-29;2023-11-01;10;Logistica Propria;Entregue;
PA-2023-00747;10/24/2023 05:25 AM;10/24/2023 03:25 PM;Pata Amiga Tubarão;LJ-022;Centro;servico;Cartão de Crédito;3;0;0;3.4;361,32;0,00;361;false;loja fisica;;;;;;;Retirada na loja;produto fora de linha - substituido
PA-2023-00742;10/24/2023 10:00 AM;10/24/2023 08:00 PM;Pata Amiga Florianopolis Norte;LJ-017;Costeira;RAÇÃO;Dinheiro;3;0;0;7.8;505;118,74;386.54;V;;2023-10-26;2023-10-26;2023-10-30;;;Rapido Catarinense;Despachado - em transito;
PA-2023-00748;10/24/2023 08:07 PM;10/24/2023 08:57 PM;Pata Amiga Otacilio  Costa;;Bela Vista;Servicos;Boleto;2;0;1;7.8;R$ 181,35;0.00;181,35;nao;App;2023-10-28;2023-10-28;2023-11-08;2023-11-12;22,75;TransPet Log;Entregue;cliente pediu entrega no periodo da tarde
PA-2023-00735;10/24/2023 11:12 AM;10/24/2023 09:12 PM;Pata Amiga Presidente Getulio;LJ-008;Alto Dona Luiza;Acessorios;DINHEIRO;2;0;;6.4;R$ 125,86;R$ 0,00;R$ 125,86;F;SITE;2023-10-26;2023-10-26;2023-10-29;2023-11-03;20,16;TransPet Log;Entregue;
PA-2023-00744;10/24/2023 05:10 PM;10/24/2023 10:10 PM;pata amiga florianopolis norte;;Rio Vermelho;Racao Seca;Cartão de Crédito;7;0;2;27.6;679,26;R$ 159,63;R$ 519,63;sim;Site;2023-10-25;2023-10-26;;;;TransPet Log;Aguardando despacho;aguardando confirmacao de estoque
PA-2023-00746;10/24/2023 08:35 PM;10/24/2023 11:35 PM;Pata Amiga Floripa Norte;;Rio Vermelho;RAÇÃO;Cartão de Crédito;6;0;0;4.6;703.80;R$ 165,39;538,41;sim;Loja Física;;;;;;;Retirada na loja;embalagem para presente
PA-2023-00736;10/24/2023 02:12 PM;10/25/2023 12:12 AM;Pata Amiga Jaragua do Sul;;Centro;racao;boleto;6;0;0;10,7;957.48;285,33;672,15;;Site;2023-10-28;2023-10-28;2023-10-30;2023-10-31;36.40;Logistica Propria;Entregue;
PA-2023-00739;10/24/2023 09:23 PM;10/25/2023 02:23 AM;Pata Amiga Jaraguá do Sul;LJ-014;Centro;RACAO;Pix;9;;0;5.9;;536,58;1264;Sim;WhatsApp;2023-10-26;2023-10-26;2023-10-28;2023-10-29;14,25;Rapido Catarinense;Entregue;
PA-2023-00762;10/25/2023 01:05 AM;10/25/2023 03:05 AM;Pata Amiga Florianopolis Norte/SC;;Saco Grande;Petisco;Boleto;6;0;;11.0;269,76;69.60;200,16;X;Loja Física;;;;;;;Retirada na loja;cliente pediu entrega no periodo da tarde
PA-2023-00754;10/25/2023 06:35 AM;10/25/2023 07:55 AM; Pata Amiga Gaspar;;Gasparinho;Medicamento;CARTAO DE CREDITO;-;n/d;;2.3;R$ 253,36;0,00;R$ 253,36;Nao;Loja Física;;;;;;;Retirada na loja;
PA-2023-00753;10/25/2023 06:47 AM;10/25/2023 08:07 AM;PATA AMIGA INDAIAL;LJ-006;Nacoes;Servico;Dinheiro;5;0;0;2,3;R$ 496,66;54,14;442,52;V;LOJA FISICA;;;;;;;Retirada na loja;pedido recorrente
PA-2023-00763;10/25/2023 07:55 AM;10/25/2023 08:45 AM;Pata Amiga Florianopolis Norte;LJ-017;Saco Grande;Petisco;Cartao de Debito;2;0;0;1,5;73,89;R$ 19,06;54,83;V;telefone;2023-10-26;2023-10-26;2023-10-30;2023-10-31;6,72;Entrega Expressa SC;Entregue;
PA-2023-00760;10/25/2023 07:00 AM;10/25/2023 12:00 PM;Pata Amiga Florianopolis Norte;;;Racao Seca;PIX;3;0;0;4.9;671.50;173,25;498,25;S;WHATSAPP;;;;;;;Pedido cancelado;
PA-2023-00757;10/25/2023 10:10 AM;10/25/2023 12:10 PM;Pata Amiga Sao Bento do Sul;;Centro;Ração;Debito;4;0;0;15.4;R$ 782,71;R$ 155,76;626,95;1;;;;;;;;Retirada na loja;
PA-2023-00750;10/25/2023 04:45 AM;10/25/2023 02:45 PM;Pata Amiga Blumenau Centro;LJ-001;Salto do Norte;Servico;PIX;1;0;0;2,3;R$ 145,47;0,00;;N;WHATSAPP;2023-10-26;2023-10-26;;;;TransPet Log;Aguardando despacho;
PA-2023-00755;10/25/2023 01:45 PM;10/25/2023 04:45 PM;Pata Amiga Rio Dos Cedros;;Palmeiras;Servico;PIX;2;0;2;7,7;R$ 237,20;25,85;R$ 211,35;X;whatsapp;2023-10-27;2023-10-27;2023-11-09;2023-11-11;R$ 19,23;Rapido Catarinense;Entregue;embalagem para presente
PA-2023-00766;10/25/2023 05:52 PM;10/25/2023 06:12 PM;PATA AMIGA PALHOCA;LJ-019;Passa Vinte;servico;vale pet;3;;0;12.5;282;15,84;R$ 266,93;true;;2023-10-26;2023-10-26;2023-10-29;2023-10-31;19.16;Logistica Propria;Entregue;cliente pediu entrega no periodo da tarde
PA-2023-00764;10/25/2023 01:15 PM;10/25/2023 06:15 PM;Pata Amiga Floripa Norte;LJ-017;Trindade;RACAO;pix;;1;2;31,9;R$ 1.606,18;414.39;1191.79;S;App Pata Amiga;2023-10-27;2023-10-28;2023-10-31;2023-11-01;43,19;TransPet Log;Entregue;embalagem para presente
PA-2023-00752;10/25/2023 06:38 PM;10/25/2023 07:13 PM;PATA AMIGA TIMBO;LJ-005;Centro;MEDICAMENTO;BOLETO;3;0;N/I;9,5;198;21,66;177,10;1;APP;2023-10-27;2023-10-27;2023-10-28;2023-10-30;19.00;Logistica Propria;Entregue;
PA-2023-00765;10/25/2023 07:07 PM;10/25/2023 07:17 PM;Pata Amiga São José Kobrasol;LJ-018;Forquilhinhas;Medicamentos;Boleto;4;0;0;15,3;572,22;32,04;540,18;1;WHATSAPP;2023-10-26;;;;;TransPet Log;Aguardando nota fiscal;pedido recorrente
PA-2023-00758;10/25/2023 03:52 PM;10/25/2023 08:52 PM;Pata Amiga Floripa Norte;;Centro;petisco;CARTAO DE DEBITO;6;0;2;19.0;R$ 276,07;71,23;204;SIM;APP;2023-10-26;2023-10-26;2023-10-30;2023-10-31;37,12;Correios;Entregue;aguardando confirmacao de estoque
PA-2023-00761;10/25/2023 06:07 PM;10/25/2023 09:07 PM;PATA AMIGA FLORIANOPOLIS NORTE;LJ-017;Trindade;RAÇÃO;boleto;;;0;13.1;2.049,23;528,70;R$ 1.520,53;;WHATSAPP;2023-10-27;2023-10-28;2023-10-30;2023-11-02;R$ 36,44;TransPet Log;Entregue;
PA-2023-00751;10/25/2023 06:25 PM;10/25/2023 11:25 PM;Pata Amiga Itajai Praia;;;Ração Medicamentosa;Cartao de Credito;2;0;;2,1;280,37;0,00;R$ 280,37;N;APP;2023-10-27;2023-10-27;2023-10-29;2023-10-30;8,85;Correios;Entregue;
PA-2023-00767;10/25/2023 10:52 PM;10/26/2023 12:52 AM;Pata Amiga Lages;LJ-025;Habitacao;RACAO;Pix;3;0;0;10.0;619,16;0;R$ 619,16;;loja fisica;;;;;;;Retirada na loja;
PA-2023-00756;10/25/2023 02:55 PM;10/26/2023 12:55 AM;Pata Amiga Joinville Sul;LJ-013;Costa e Silva;BRINQUEDO;Cartão de Débito;9;0;2;23,7;620,33;R$ 123,45;496,88;;site;2023-10-27;2023-10-28;2023-11-02;2023-11-04;31,02;Logistica Propria;Entregue;
PA-2023-00759;10/25/2023 08:50 PM;10/26/2023 01:50 AM;Pata Amiga Florianópolis Norte;;Costeira;medicamento;vale pet;12;1;0;17.6;1.511,82;R$ 390,05;-;V;App Pata Amiga;2023-10-28;;;;;Entrega Expressa SC;Aguardando nota fiscal;
PA-2023-00781;10/26/2023 05:52 AM;10/26/2023 06:02 AM;PATA AMIGA SAO JOAQUIM;LJ-026;Centro;Hig.;Vale Pet;3;0;0;11.6;R$ 80,05;R$ 6,88;73.17;sim;SITE;2023-10-28;2023-10-29;2023-11-11;;;Logistica Propria;Despachado - em transito;conferir endereco com o cliente
PA-2023-00779;10/26/2023 08:00 AM;10/26/2023 08:35 AM;Pata Amiga Araranguá;;Urussanguinha;Racao;VALE PET;6;0;0;11.6;811.40;235.31;576,09;X;WhatsApp;2023-10-27;2023-10-27;2023-10-28;2023-10-30;29;TransPet Log;Entregue;
PA-2023-00773;10/26/2023 04:45 AM;10/26/2023 09:45 AM;Pata Amiga Joinville Sul/SC;;Costa e Silva;petisco;boleto;5;;0;4.5;R$ 262,93;14,99;247,94;SIM;Site;2023-10-27;2023-10-28;2023-11-01;2023-11-02;13,42;Rapido Catarinense;Entregue;aguardando confirmacao de estoque
PA-2023-00784;10/26/2023 10:12 AM;10/26/2023 10:47 AM;Pata Amiga Concordia;LJ-030;Centro;Higiene e Beleza;BOLETO;2;0;2;3,2;116,59;0;;NAO;APP;2023-10-28;2023-10-29;2023-11-02;2023-11-03;14,82;Logistica Propria;Entregue;embalagem para presente
PA-2023-00774;10/26/2023 11:30 AM;10/26/2023 01:30 PM;pata amiga palhoca;LJ-019;Guarda do Cubatao;Medicamentos;Cartão de Crédito;3;0;0;1,9;300,04;R$ 0,00;300;;SITE;2023-10-29;2023-10-30;2023-11-02;2023-11-05;8;Logistica Propria;Entregue;aguardando confirmacao de estoque
PA-2023-00769;10/26/2023 02:45 PM;10/26/2023 03:05 PM; Pata Amiga Blumenau Centro;;Ribeirao Fresco;acessorio;Cartão de Débito;5;n/d;0;8.7;452,72;R$ 46,18;406,54;S;app;2023-10-27;2023-10-27;;;;Entrega Expressa SC;Aguardando despacho;embalagem para presente
PA-2023-00780;10/26/2023 01:23 PM;10/26/2023 03:23 PM;pata amiga lages;;Habitacao;Racao Medicamentosa;Boleto;5;0;0;8.3;675.87;R$ 58,12;617,75;SIM;site;2023-10-27;2023-10-27;2023-10-30;2023-11-01;16.77;TransPet Log;Entregue;
PA-2023-00768;10/26/2023 01:38 PM;10/26/2023 04:38 PM;Pata Amiga Blumenal Centro;;Ribeirao Fresco;Racao Seca;dinheiro;;0;;2.3;578,43;R$ 59,00;519;Sim;loja fisica;;;;;;;Retirada na loja;conferir endereco com o cliente
PA-2023-00772;10/26/2023 03:30 PM;10/26/2023 04:50 PM;PATA AMIGA GASPAR;LJ-007;Figueira;Petisco;Dinheiro;7;;N/I;28.7;313.14;R$ 31,94;281,20;true;whatsapp;2023-10-27;2023-10-27;2023-10-31;2023-11-03;64,08;Rapido Catarinense;Entregue;embalagem para presente
PA-2023-00775;10/26/2023 03:23 PM;10/26/2023 05:23 PM;PATA AMIGA SANTO AMARO DA IMPERATRIZ;LJ-020;Sul do Rio;higiene;PIX;3;0;0;1,3;82,00;1,80;80,20;true;site;;;;;;;Pedido cancelado;pedido recorrente
PA-2023-00777;10/26/2023 03:40 PM;10/26/2023 05:40 PM;pata amiga araranguá;LJ-023;Centro;Rac.;boleto;3;0;0;8,7;R$ 413,25;R$ 119,84;;Sim;whatsapp;2023-10-27;;;;;Logistica Propria;Aguardando nota fiscal;
PA-2023-00778;10/26/2023 02:52 PM;10/26/2023 05:52 PM;pata amiga araranguá;;Urussanguinha;MEDICAMENTO;Cartão de Débito;8;0;0;18.5;R$ 916,48;R$ 265,78;R$ 650,70;X;Loja Fisica;;;;;;;Retirada na loja;conferir endereco com o cliente
PA-2023-00776;10/26/2023 06:10 PM;10/26/2023 07:30 PM;Pata Amiga Tubarão;LJ-022;Oficinas;SERVICO;Boleto;1;0;0;3,3;76,88;R$ 0,00;76;N;LOJA FISICA;;;;;;;Retirada na loja;cliente pediu entrega no periodo da tarde
PA-2023-00771;10/26/2023 08:20 PM;10/26/2023 08:30 PM;pata amiga itajai praia;;Cabecudas;Racao Seca;dinheiro;1;0;0;1.1;154,82;0,00;154,82;N;SITE;2023-10-27;2023-10-27;2023-10-30;2023-11-01;7;Rapido Catarinense;Entregue;produto fora de linha - substituido
PA-2023-00783;10/26/2023 05:55 PM;10/26/2023 08:55 PM;Pata Amiga Chapeco;;Centro;Medicamento;PIX;2;0;1;2.8;R$ 156,88;0,00;156,88;false;App;2023-10-29;2023-10-30;2023-11-01;2023-11-03;9,14;Logistica Propria;Entregue;
PA-2023-00770;10/26/2023 11:30 PM;10/27/2023 12:20 AM;Pata Amiga Blumenau Centro/SC;;Vorstadt;Racao Medicamentosa;CARTAO DE DEBITO;3;0;0;3,5;255;26;229.38;1;TELEFONE;2023-10-30;2023-10-30;2023-10-31;2023-11-02;10.02;Logistica Propria;Entregue;
PA-2023-00782;10/26/2023 11:35 PM;10/27/2023 12:25 AM;Pata Amiga Curitibanos;;Santa Cruz;ACESSORIO;Vale Pet;2;;1;6.6;109.80;9;100,36;V;Tel.;;;;;;;Pedido cancelado;
PA-2023-00786;10/27/2023 09:23 AM;10/27/2023 09:58 AM;Pata Amiga Timbó;LJ-005;Centro;Petiscos;Pix;3;0;0;2.2;93,82;7.13;R$ 86,69;V;whatsapp;2023-10-28;2023-10-29;2023-11-03;2023-11-06;7,58;Logistica Propria;Entregue;
PA-2023-00790;10/27/2023 06:30 AM;10/27/2023 11:30 AM;Pata Amiga Tubarão;;Centro;brinquedo;BOLETO;2;0;0;4.6;133,51;0,00;133.51;nao;App;2023-10-29;2023-10-29;2023-10-30;2023-11-03;R$ 14,93;TransPet Log;Entregue;
PA-2023-00792;10/27/2023 02:15 PM;10/27/2023 02:35 PM;Pata Amiga Ararangua;LJ-023;Urussanguinha;racao;PIX;4;;0;13.0;461,96;55,90;;X;app;2023-10-29;2023-10-29;2023-10-31;2023-11-02;40,31;Logistica Propria;Entregue;
PA-2023-00785;10/27/2023 02:52 PM;10/27/2023 03:12 PM;pata amiga blumenau centro;LJ-001;Salto do Norte;PETISCO;boleto;3;0;0;2.8;96.01;1,54;94,47;1;;2023-10-29;2023-10-30;2023-11-03;2023-11-07;R$ 13,15;TransPet Log;Entregue;pedido recorrente
PA-2023-00791;10/27/2023 02:47 PM;10/27/2023 03:22 PM;PATA AMIGA ARARANGUA;LJ-023;Centro;Servicos;boleto;4;0;0;7.0;R$ 343,64;41;302;;SITE;2023-10-29;2023-10-29;2023-11-01;2023-11-04;27;Correios;Entregue;pedido recorrente
PA-2023-00787;10/27/2023 04:07 PM;10/27/2023 04:42 PM;Pata Amiga Jaraguá do Sul;LJ-014;Ilha da Figueira;Servicos;Dinheiro;2;0;0;7,5;196,42;4,52;;SIM;site;2023-10-28;2023-10-29;2023-11-02;2023-11-05;16,76;Logistica Propria;Entregue;
PA-2023-00789;10/27/2023 07:50 PM;10/27/2023 09:50 PM;pata amiga palhoca;LJ-019;Pagani;petisco;Dinheiro;;0;0;6,9;102,29;R$ 0,00;R$ 102,29;NAO;APP;2023-10-28;2023-10-29;2023-11-01;2023-11-04;R$ 27,07;Correios;Entregue;conferir endereco com o cliente
PA-2023-00793;10/27/2023 10:07 PM;10/27/2023 10:57 PM;Pata Amiga Chapecó;LJ-029;;Racao Medicamentosa;Cartao de Debito;2;0;;3,5;131,00;0.00;R$ 131,00;nao;app;2023-10-30;2023-10-31;2023-11-04;2023-11-05;11,65;TransPet Log;Entregue;
PA-2023-00788;10/27/2023 11:15 PM;10/27/2023 11:35 PM;pata amiga florianopolis norte;LJ-017;Ingleses;Higiene;Cartao de Debito;7;0;0;12,4;401,23;40,12;361,11;true;loja fisica;;;;;;;Retirada na loja;
PA-2023-00797;10/28/2023 12:40 AM;10/28/2023 01:30 AM;Pata Amiga Ituporanga;LJ-010;Vila Nova;Servicos;Boleto;;0;0;2.9;R$ 335,92;0,00;335;N;site;2023-10-30;2023-10-31;2023-11-07;2023-11-10;R$ 14,38;Rapido Catarinense;Entregue;
PA-2023-00802;10/28/2023 12:52 AM;10/28/2023 03:52 AM;pata amiga chapeco;LJ-029;Passo dos Fortes;BRINQUEDO;CARTAO DE CREDITO;9;0;0;18.5;R$ 397,35;67,15;R$ 330,20;sim;APP;2023-10-29;2023-10-29;2023-11-01;2023-11-03;43,45;TransPet Log;Entregue;conferir endereco com o cliente
PA-2023-00800;10/28/2023 04:12 AM;10/28/2023 04:47 AM;PATA AMIGA SANTO AMARO DA IMPERATRIZ;;Centro;Petisco;BOLETO;3;0;0;12.5;151,44;0,00;151;;SITE;2023-10-30;2023-10-30;2023-11-11;2023-11-15;R$ 40,72;Entrega Expressa SC;Entregue;
PA-2023-00804;10/28/2023 10:38 AM;10/28/2023 10:48 AM;Pata Amiga Xanxerê;;Bela Vista;Servicos;Cartão de Débito;7;1;0;9.3;690,40;116;573,72;1;APP;2023-10-30;2023-10-31;2023-11-03;2023-11-05;32;Correios;Entregue;
PA-2023-00801;10/28/2023 11:55 AM;10/28/2023 12:05 PM;pata amiga lages;;Guarujal;brinquedo;Pix;1;0;;3,5;58,72;0;58,72;NAO;;2023-10-30;2023-10-30;2023-11-03;;;Rapido Catarinense;Despachado - em transito;cliente pediu entrega no periodo da tarde
PA-2023-00796;10/28/2023 01:07 PM;10/28/2023 02:27 PM;PATA AMIGA BRUSQUE;LJ-004;Santa Terezinha;Petisco;DINHEIRO;5;0;0;7.2;R$ 212,55;8.29;204;S;Loja Física;;;;;;;Retirada na loja;
PA-2023-00794;10/28/2023 08:45 PM;10/28/2023 08:55 PM;Pata Amiga Blumenau Centro;LJ-001;Salto do Norte;Ração Medicamentosa;PIX;7;0;0;14.2;975.93;96,62;879;SIM;App;2023-10-31;;;;;Logistica Propria;Aguardando nota fiscal;embalagem para presente
PA-2023-00803;10/28/2023 09:52 PM;10/28/2023 10:02 PM;Pata Amiga Concordia;LJ-030;;Servicos;Cartão de Crédito;4;;0;9.6;657,72;111,15;546,57;SIM;App;2023-10-30;2023-10-30;2023-11-01;2023-11-04;17,86;TransPet Log;Entregue;conferir endereco com o cliente
PA-2023-00799;10/28/2023 08:30 PM;10/29/2023 01:30 AM;pata amiga palhoca;LJ-019;Pagani;petisco;Boleto;1;0;0;3.7;22,35;0,00;;0;Loja Fisica;;;;;;;Retirada na loja;
PA-2023-00811;10/29/2023 01:23 AM;10/29/2023 01:58 AM;pata amiga brusque;LJ-004;Dom Joaquim;Petiscos;Dinheiro;5;0;2;5.9;243;48,61;194;Sim;Whatsapp;2023-10-30;2023-10-31;;;;Entrega Expressa SC;Aguardando despacho;
PA-2023-00795;10/28/2023 10:00 PM;10/29/2023 03:00 AM;Pata Amiga Itajaí Praia;LJ-003;Cordeiros;servico;VALE PET;3;0;0;7,8;453.36;17,68;R$ 435,68;sim;site;2023-10-31;;;;;TransPet Log;Aguardando nota fiscal;conferir endereco com o cliente
PA-2023-00821;10/29/2023 02:55 AM;10/29/2023 03:05 AM;Pata Amiga Jaraguá do Sul;LJ-014;Jaragua Esquerdo;RAÇÃO;Especie;9;0;0;5,5;1959;407;1.552,26;true;SITE;2023-10-31;2023-10-31;;;;Rapido Catarinense;Aguardando despacho;
PA-2023-00798;10/28/2023 10:10 PM;10/29/2023 03:10 AM;pata amiga florianopolis norte;LJ-017;Trindade;PETISCO;pix;2;0;0;2,7;100,74;R$ 0,00;100.74;NAO;TELEFONE;2023-10-30;2023-10-30;;;;Correios;Aguardando despacho;
PA-2023-00827;10/29/2023 03:52 AM;10/29/2023 04:27 AM;Pata Amiga Chapecó;LJ-029;Sao Cristovao;Servico;vale pet;1;;0;1,4;77,53;0,00;R$ 77,53;N;APP;2023-10-30;2023-10-30;2023-11-01;;;TransPet Log;Despachado - em transito;
PA-2023-00809;10/29/2023 12:38 AM;10/29/2023 05:38 AM;Pata Amiga Itajai Praia;LJ-003;Itaipava;petisco;Especie;7;1;0;4,9;282,60;56,52;R$ 226,08;V;telefone;2023-10-31;2023-10-31;2023-11-03;;;Entrega Expressa SC;Despachado - em transito;
PA-2023-00807;10/29/2023 12:50 AM;10/29/2023 05:50 AM;PATA AMIGA ITAJAÍ PRAIA;LJ-003;Itaipava;Higiene;BOLETO;10;0;0;41.9;R$ 266,74;R$ 53,35;213,39;SIM;site;;;;;;;Pedido cancelado;embalagem para presente
PA-2023-00825;10/29/2023 08:20 AM;10/29/2023 08:40 AM;Pata Amiga Jgua do Sul;LJ-014;Barra do Rio Cerro;Ração;PIX;5;0;0;16.0;948,56;R$ 197,30;751.26;S;site;2023-11-01;2023-11-01;2023-11-02;2023-11-04;R$ 45,29;Correios;Entregue;aguardando confirmacao de estoque
PA-2023-00812;10/29/2023 08:35 AM;10/29/2023 09:10 AM;Pata Amiga Brusque;;;Rac.;VALE PET;6;0;2;12.8;1.354,84;270,97;1083.87;1;App Pata Amiga;2023-10-30;2023-10-31;;;;Rapido Catarinense;Aguardando despacho;pedido recorrente
PA-2023-00815;10/29/2023 04:35 AM;10/29/2023 09:35 AM;Pata Amiga Presidente Getulio;LJ-008;Fundo Canoas;higiene;Boleto;6;0;;18,0;192,54;58,15;R$ 134,39;S;App;2023-10-31;;;;;Rapido Catarinense;Aguardando nota fiscal;conferir endereco com o cliente
PA-2023-00819;10/29/2023 10:15 AM;10/29/2023 10:35 AM;Pata Amiga Presidente Getulio;LJ-008;Centro;higiene;Vale Pet;4;;n/d;10,1;155.48;46.95;108.53;Sim;site;2023-11-01;;;;;TransPet Log;Aguardando nota fiscal;
PA-2023-00806;10/29/2023 02:30 AM;10/29/2023 12:30 PM;Pata Amiga Itajai Praia;LJ-003;Cabecudas;Rac.;Boleto;8;0;0;14.8;1.231,17;246.23;984,94;sim;Site;2023-10-30;;;;;Rapido Catarinense;Aguardando nota fiscal;cliente pediu entrega no periodo da tarde
PA-2023-00814;10/29/2023 03:40 AM;10/29/2023 01:40 PM;PATA AMIGA PRESIDENTE GETULIO;LJ-008;Alto Dona Luiza;Med.;Credito;6;;1;22,3;766,29;231,42;534,87;Sim;LOJA FISICA;;;;;;;Retirada na loja;
PA-2023-00820;10/29/2023 12:35 PM;10/29/2023 02:35 PM;Pata Amiga Ibirama;LJ-011;Bela Alianca;racao;Cartão de Crédito;7;0;0;23,7;1.115,06;336,75;778,31;true;APP;2023-10-31;2023-10-31;2023-11-05;2023-11-08;60,82;Logistica Propria;Entregue;pedido recorrente
PA-2023-00816;10/29/2023 04:45 PM;10/29/2023 05:35 PM;Pata Amiga Presidente Getúlio;LJ-008;Fundo Canoas;Medicamentos;Cartão de Débito;11;0;-;42.2;1528;461.69;1.067,07;Sim;App;2023-11-01;2023-11-03;2023-11-15;2023-11-19;97;Rapido Catarinense;Entregue;embalagem para presente
PA-2023-00813;10/29/2023 05:40 PM;10/29/2023 06:30 PM;pata amiga brusque;;Aguas Claras;Hig.;Credito;5;0;0;2.5;201,95;40,39;-;1;site;2023-10-31;2023-10-31;2023-11-04;2023-11-06;R$ 12,38;TransPet Log;Entregue;
PA-2023-00810;10/29/2023 02:35 PM;10/29/2023 07:35 PM;PATA AMIGA BRUSQUE;;Limeira;PETISCO;Vale Pet;7;0;0;12,7;R$ 333,30;R$ 66,66;R$ 266,64;V;APP;2023-10-31;2023-10-31;2023-11-05;2023-11-07;29,39;Correios;Entregue;
PA-2023-00817;10/29/2023 09:47 AM;10/29/2023 07:47 PM;PATA AMIGA PRESIDENTE GETULIO;LJ-008;Centro;petisco;pix;6;0;0;17.1;249,29;R$ 75,29;174;true;Loja Física;;;;;;;Retirada na loja;
PA-2023-00818;10/29/2023 06:12 PM;10/29/2023 09:12 PM;Pata Amiga Presidente Getúlio;;Alto Dona Luiza;medicamento;Vale Pet;7;0;0;17.8;;149,17;344,76;Sim;APP;2023-11-01;2023-11-01;2023-11-06;2023-11-09;62,97;TransPet Log;Entregue;cliente pediu entrega no periodo da tarde
PA-2023-00808;10/29/2023 10:07 PM;10/29/2023 10:17 PM;Pata Amiga Itajai Praia;;Cordeiros;Med.;Dinheiro;4;0;0;11.7;R$ 485,51;97;388,41;sim;App;2023-10-30;2023-10-30;2023-11-03;2023-11-05;22;TransPet Log;Entregue;conferir endereco com o cliente
PA-2023-00823;10/29/2023 10:52 PM;10/29/2023 11:42 PM;Pata Amiga Jaraguá do Sul;;Barra do Rio Cerro;Racao Seca;PIX;9;1;0;9.0;1.468,55;305,46;1.163,09;X;;2023-10-31;2023-11-01;2023-11-04;2023-11-05;28,34;Entrega Expressa SC;Entregue;embalagem para presente
PA-2023-00822;10/29/2023 06:45 PM;10/29/2023 11:45 PM;Pata Amiga Jaraguá do Sul;;Barra do Rio Cerro;higiene;CARTAO DE CREDITO;8;0;0;10.7;R$ 220,72;45,91;;S;Site;2023-10-30;2023-10-31;2023-11-03;2023-11-05;R$ 20,12;Rapido Catarinense;Entregue;aguardando confirmacao de estoque
PA-2023-00824;10/29/2023 09:23 PM;10/30/2023 12:23 AM;Pata Amiga Jaragua Do Sul;LJ-014;Centro;Higiene e Beleza;Cartão de Débito;5;0;0;12,1;288,22;59,95;228,27;X;app;2023-11-01;2023-11-01;2023-11-05;2023-11-07;R$ 33,90;Correios;Entregue;
PA-2023-00805;10/29/2023 08:40 PM;10/30/2023 01:40 AM;PATA AMIGA ITAJAÍ PRAIA;LJ-003;Cabecudas;Ração;CARTAO DE CREDITO;10;0;0;18.0;2194.93;438.99;1755.94;true;APP;2023-10-31;2023-11-01;2023-11-05;2023-11-07;29,54;Logistica Propria;Entregue;pedido recorrente
PA-2023-00829;10/30/2023 02:55 AM;10/30/2023 03:30 AM;PATA AMIGA BLUMENAU CENTRO;LJ-001;Progresso;Acessorio;vale pet;1;0;0;2,2;79.12;R$ 4,91;74,21;true;Loja Fisica;;;;;;;Retirada na loja;
PA-2023-00833;10/30/2023 12:35 AM;10/30/2023 03:35 AM;Pata Amiga Florianopolis Norte;LJ-017;Trindade;Petisco;BOLETO;1;0;0;1,9;26,03;2,37;23,66;S;App;2023-10-31;2023-11-01;2023-11-07;2023-11-09;9;Entrega Expressa SC;Entregue;produto fora de linha - substituido
PA-2023-00826;10/29/2023 09:35 PM;10/30/2023 07:35 AM;Pata Amiga Sao Bento do Sul;LJ-015;Centro;Medicamento;vale pet;;0;0;1.9;90.53;0,00;90,53;0;LOJA FISICA;;;;;;;Retirada na loja;
PA-2023-00828;10/29/2023 11:52 PM;10/30/2023 09:52 AM;PATA AMIGA CONCORDIA;;Centro;Servicos;BOLETO;2;0;0;7.3;241,37;0,00;241,37;Não;WHATSAPP;2023-11-01;2023-11-02;2023-11-06;2023-11-08;24,31;Rapido Catarinense;Entregue;pedido recorrente
PA-2023-00832;10/30/2023 12:25 PM;10/30/2023 01:00 PM;Pata Amiga Gaspar;;Poco Grande;Higiene e Beleza;Cartão de Débito;2;0;0;6.9;61;3.82;57;V;WHATSAPP;2023-11-01;2023-11-01;2023-11-06;2023-11-07;R$ 14,00;Correios;Entregue;produto fora de linha - substituido
PA-2023-00831;10/30/2023 03:07 PM;10/30/2023 03:27 PM; Pata Amiga Brusque;LJ-004;Aguas Claras;Servicos;VALE PET;1;0;0;2.4;145.33;0,00;-;F;SITE;2023-11-01;2023-11-02;;;;Logistica Propria;Aguardando despacho;conferir endereco com o cliente
PA-2023-00836;10/30/2023 04:30 PM;10/30/2023 04:40 PM;Pata Amiga Tubarão;;Oficinas;Ração;Cartão de Crédito;2;0;0;1.3;R$ 411,37;0;R$ 411,37;N;App;2023-11-01;;;;;Rapido Catarinense;Aguardando nota fiscal;
PA-2023-00834;10/30/2023 06:30 PM;10/30/2023 07:05 PM;Pata Amiga Criciúma;;Centro;Petisco;Cartao de Credito;12;2;0;25.0;443,70;75.87;367,83;X;SITE;2023-11-01;;;;;TransPet Log;Aguardando nota fiscal;
PA-2023-00835;10/30/2023 10:05 PM;10/31/2023 12:05 AM;PATA AMIGA CRICIUMA;LJ-021;Prospera;MEDICAMENTO;boleto;7;0;0;16.9;791,29;R$ 135,31;655.98;;site;2023-11-01;2023-11-02;2023-11-04;2023-11-06;R$ 54,77;Rapido Catarinense;Entregue;produto fora de linha - substituido
PA-2023-00830;10/30/2023 07:47 PM;10/31/2023 12:47 AM;PATA AMIGA BLUMENAU CENTRO;LJ-001;;brinquedo;Pix;3;0;0;1.7;R$ 142,21;R$ 8,82;133,39;sim;Site;2023-11-01;2023-11-01;2023-11-05;2023-11-06;8,58;Entrega Expressa SC;Entregue;aguardando confirmacao de estoque
PA-2023-00840;10/31/2023 06:55 AM;10/31/2023 11:55 AM;Pata Amiga Timbo;;Capitais;Medicamento;Boleto;1;0;0;1.4;R$ 124,33;R$ 0,00;124,33;0;app;2023-11-01;2023-11-01;2023-11-03;2023-11-05;8,24;TransPet Log;Entregue;
PA-2023-00838;10/31/2023 01:55 PM;10/31/2023 03:55 PM;PATA AMIGA RIO DO SUL;;Canta Galo;ACESSORIO;Cartao de Debito;3;0;0;7.6;295,25;20,08;275;1;;2023-11-02;2023-11-03;2023-11-07;2023-11-10;27,91;Rapido Catarinense;Entregue;
PA-2023-00841;10/31/2023 06:23 PM;10/31/2023 07:43 PM;Pata Amiga Gaspar;LJ-007;Poco Grande;Brinquedo;Cartão de Crédito;2;0;0;1,3;111,41;R$ 0,00;;0;SITE;2023-11-01;2023-11-01;2023-11-02;2023-11-05;R$ 8,84;Entrega Expressa SC;Entregue;
PA-2023-00842;10/31/2023 04:23 PM;10/31/2023 09:23 PM;Pata Amiga Palhoca;LJ-019;Guarda do Cubatao;Acessório;Pix;3;0;0;1.9;R$ 285,25;R$ 6,85;R$ 278,40;Sim;App;2023-11-01;2023-11-01;2023-11-04;2023-11-06;8,65;Correios;Entregue;produto fora de linha - substituido
PA-2023-00839;10/31/2023 02:12 PM;11/01/2023 12:12 AM;PATA AMIGA ITAJAI PRAIA;;Fazenda;Servico;BOLETO;1;0;0;4.2;145.96;0;145,23;S;App;2023-11-02;2023-11-03;2023-11-06;2023-11-07;R$ 11,33;TransPet Log;Entregue;aguardando confirmacao de estoque
PA-2023-00837;10/31/2023 11:40 PM;11/01/2023 12:30 AM; Pata Amiga Blumenau Centro;;Velha;BRINQUEDO;pix;4;0;0;13.7;310;R$ 0,00;310,60;F;SITE;2023-11-02;2023-11-02;;;;Correios;Aguardando despacho;embalagem para presente
PA-2023-00851;11/01/2023 01:35 AM;11/01/2023 01:55 AM;Pata Amiga Florianópolis Norte;;;servico;VALE PET;1;;-;3.6;113.74;R$ 15,24;98.50;V;whatsapp;2023-11-02;2023-11-02;2023-11-04;2023-11-05;17;TransPet Log;Entregue;
PA-2023-00850;11/01/2023 01:10 AM;11/01/2023 02:00 AM;Pata Amiga Itapoá;LJ-016;Balneario Itapoa;Racao;Pix;3;0;0;9,0;R$ 327,87;R$ 29,51;298.36;V;App;2023-11-03;2023-11-03;2023-11-15;2023-11-17;R$ 26,95;Logistica Propria;Entregue;
PA-2023-00845;11/01/2023 03:35 AM;11/01/2023 03:55 AM;Pata Amiga Blumenau Centro;;Vorstadt;Acessorios;Dinheiro;2;0;0;4.2;181,74;19,08;162;Sim;Whatsapp;2023-11-02;2023-11-02;;;;Logistica Propria;Aguardando despacho;embalagem para presente
PA-2023-00846;11/01/2023 04:45 AM;11/01/2023 04:55 AM;Pata Amiga Rio do sul;;Barragem;Medicamento;pix;4;0;0;9,8;327,39;R$ 34,70;292,69;Sim;WhatsApp;2023-11-03;2023-11-04;;;;Rapido Catarinense;Aguardando despacho;
PA-2023-00848;11/01/2023 01:07 AM;11/01/2023 06:07 AM; Pata Amiga Gaspar;LJ-007;Poco Grande;racao;boleto;2;0;N/I;6,2;243,80;R$ 25,60;218,20;true;Site;2023-11-03;;;;;Logistica Propria;Aguardando nota fiscal;
PA-2023-00849;11/01/2023 06:40 AM;11/01/2023 09:40 AM;PATA AMIGA JOINVILLE SUL;LJ-013;Boa Vista;Racao Medicamentosa;DINHEIRO;3;;;8,1;416.47;37,48;R$ 378,99;X;Site;2023-11-02;2023-11-02;2023-11-06;2023-11-08;28.89;TransPet Log;Entregue;
PA-2023-00852;11/01/2023 02:45 PM;11/01/2023 03:05 PM;Pata Amiga Sao Jose Kobrasol/SC;LJ-018;Kobrasol;Petisco;Debito;2;0;0;3,0;90,12;0,00;R$ 90,12;N;LOJA FISICA;;;;;;;Retirada na loja;
PA-2023-00847;11/01/2023 04:55 PM;11/01/2023 06:55 PM; Pata Amiga Gaspar;;Bela Vista;Brinquedo;CARTAO DE CREDITO;2;0;N/I;3,5;R$ 127,26;13.36;113.90;1;SITE;2023-11-03;2023-11-03;2023-11-08;2023-11-09;13,68;Rapido Catarinense;Entregue;
PA-2023-00843;11/01/2023 08:00 PM;11/01/2023 08:10 PM;pata amiga blumenau centro;;Ribeirao Fresco;Ração;DINHEIRO;3;0;0;4,1;518,07;54,40;R$ 463,67;SIM;App Pata Amiga;2023-11-02;;;;;Rapido Catarinense;Aguardando nota fiscal;aguardando confirmacao de estoque
PA-2023-00844;11/01/2023 07:40 PM;11/01/2023 09:40 PM;Pata Amiga Blumenau Centro;;Salto do Norte;Ração;Vale Pet;5;0;;5.9;892,31;93,69;798,62;SIM;app;2023-11-02;2023-11-03;2023-11-06;;;Correios;Despachado - em transito;pedido recorrente
PA-2023-00854;11/02/2023 04:47 AM;11/02/2023 06:07 AM;PATA AMIGA TAIO;LJ-009;Centro;acessorio;Cartao de Credito;4;0;2;1.9;;0,00;;nao;Site;2023-11-04;2023-11-05;2023-11-14;;;Logistica Propria;Despachado - em transito;
PA-2023-00856;11/02/2023 03:40 PM;11/02/2023 05:40 PM;PATA AMIGA JARAGUA DO SUL;;Ilha da Figueira;Petisco;Dinheiro;10;1;0;36,0;R$ 339,19;59;280,17;sim;Loja Física;;;;;;;Retirada na loja;
PA-2023-00859;11/02/2023 06:07 PM;11/02/2023 08:07 PM;pata amiga lages;LJ-025;Guarujal;Racao Seca;Pix;3;0;0;6.8;R$ 517,62;R$ 5,18;R$ 512,44;V;WhatsApp;2023-11-03;2023-11-04;2023-11-05;2023-11-07;R$ 26,91;Entrega Expressa SC;Entregue;
PA-2023-00858;11/02/2023 07:52 PM;11/02/2023 08:12 PM;PATA AMIGA ARARANGUA;LJ-023;Centro;SERVICO;VALE PET;2;0;0;8.2;148.06;13;R$ 134,73;V;Site;2023-11-03;2023-11-03;2023-11-06;;;Rapido Catarinense;Despachado - em transito;
PA-2023-00853;11/02/2023 10:15 AM;11/02/2023 08:15 PM;pata amiga brusque;LJ-004;Santa Terezinha;BRINQUEDO;VALE PET;2;0;0;6.1;105.14;0,00;105.14;0;WHATSAPP;2023-11-03;2023-11-03;2023-11-07;2023-11-08;19.89;Logistica Propria;Entregue;conferir endereco com o cliente
PA-2023-00857;11/02/2023 10:40 PM;11/02/2023 11:30 PM;Pata Amiga Sao Bento do Sul;LJ-015;Serra Alta;RACAO;BOLETO;2;0;1;0.9;454,87;R$ 0,00;454,87;false;SITE;;;;;;;Pedido cancelado;embalagem para presente
PA-2023-00865;11/03/2023 01:15 AM;11/03/2023 01:50 AM;Pata Amiga Chapeco;;Sao Cristovao;PETISCO;DINHEIRO;-;0;0;3.5;166;8,65;R$ 157,77;1;;2023-11-04;2023-11-05;2023-11-08;2023-11-11;9,01;TransPet Log;Entregue;
PA-2023-00855;11/02/2023 05:47 PM;11/03/2023 03:47 AM;Pata Amiga Jaragua Do Sul;LJ-014;Barra do Rio Cerro;Acessorio;boleto;5;0;0;20.3;291,29;50;R$ 240,61;1;SITE;2023-11-05;2023-11-06;2023-11-08;2023-11-11;42,21;Logistica Propria;Entregue;produto fora de linha - substituido
PA-2023-00862;11/03/2023 05:10 AM;11/03/2023 06:30 AM;pata amiga ibirama;;Centro;SERVICO;pix;4;0;0;9.6;329,76;32.32;297.44;SIM;;2023-11-07;2023-11-08;2023-11-16;2023-11-19;R$ 27,65;Logistica Propria;Entregue;conferir endereco com o cliente
PA-2023-00866;11/03/2023 03:35 AM;11/03/2023 06:35 AM;Pata Amiga Concórdia;LJ-030;Centro;HIGIENE;Cartão de Débito;4;0;0;9,9;134,24;6,98;R$ 127,26;Sim;Site;2023-11-04;2023-11-04;2023-11-08;2023-11-11;17,53;Correios;Entregue;
PA-2023-00864;11/03/2023 07:20 AM;11/03/2023 07:55 AM;pata amiga criciuma;;Centro;brinquedo;Cartão de Crédito;3;0;0;5.5;235,40;13;R$ 221,51;SIM;whatsapp;2023-11-04;2023-11-04;2023-11-06;2023-11-09;R$ 20,38;Correios;Entregue;
PA-2023-00861;11/03/2023 08:52 AM;11/03/2023 09:12 AM;PATA AMIGA PRESIDENTE GETULIO;;Centro;RAÇÃO;boleto;-;0;0;1,9;544,11;53.32;490,79;S;Site;2023-11-04;2023-11-05;2023-11-13;2023-11-14;7,56;Correios;Entregue;
PA-2023-00867;11/03/2023 05:05 PM;11/03/2023 05:25 PM;Pata Amiga Xanxere;;Centro;Brinquedo;dinheiro;2;0;0;1.8;R$ 143,67;7.47;136,20;V;APP;2023-11-05;2023-11-05;2023-11-07;2023-11-09;8.39;Rapido Catarinense;Entregue;embalagem para presente
PA-2023-00868;11/03/2023 03:50 PM;11/03/2023 05:50 PM;Pata Amiga Sao Miguel do Oeste;LJ-032;Agostini;Servicos;dinheiro;;0;0;14.5;1.053,26;54,77;998,49;1;site;2023-11-05;2023-11-06;2023-11-13;2023-11-15;31,35;Logistica Propria;Entregue;
PA-2023-00860;11/03/2023 04:45 PM;11/03/2023 07:45 PM;pata amiga blumenau centro;LJ-001;Vorstadt;BRINQUEDO;Cartão de Crédito;1;0;0;4.2;69.36;1,18;68,18;X;site;2023-11-04;2023-11-05;2023-11-10;;;Rapido Catarinense;Despachado - em transito;
PA-2023-00863;11/03/2023 08:38 PM;11/03/2023 09:58 PM;Pata Amiga Florianópolis Norte;;Trindade;Servicos;Boleto;3;0;0;9,9;473,65;0,00;R$ 473,65;Não;site;2023-11-05;2023-11-05;2023-11-08;2023-11-11;R$ 37,65;Rapido Catarinense;Entregue;
PA-2023-00870;11/04/2023 12:35 AM;11/04/2023 01:55 AM;Pata Amiga Timbó;;Capitais;Racao;pix;3;0;0;6,6;R$ 468,00;50;417;Sim;APP;2023-11-05;2023-11-06;2023-11-10;2023-11-12;12,50;TransPet Log;Entregue;produto fora de linha - substituido
PA-2023-00871;11/04/2023 04:07 AM;11/04/2023 09:07 AM;pata amiga indaial;;Warnow;RAÇÃO;VALE PET;5;0;1;19.1;R$ 662,10;R$ 70,84;R$ 591,26;SIM;WhatsApp;2023-11-06;2023-11-07;2023-11-10;2023-11-12;57.84;Rapido Catarinense;Entregue;
PA-2023-00869;11/04/2023 06:07 AM;11/04/2023 04:07 PM; Pata Amiga Brusque;LJ-004;Santa Terezinha;Servicos;BOLETO;4;0;0;2.9;429.05;36.04;R$ 393,01;SIM;site;2023-11-06;2023-11-06;2023-11-08;2023-11-10;8,22;Logistica Propria;Entregue;cliente pediu entrega no periodo da tarde
PA-2023-00872;11/04/2023 07:45 PM;11/04/2023 08:05 PM;Pata Amiga Rio Dos Cedros;LJ-012;Centro;Petiscos;Dinheiro;5;0;0;12.6;253,34;27;226;Sim;;2023-11-07;2023-11-07;2023-11-17;2023-11-20;35.84;TransPet Log;Entregue;
PA-2023-00875;11/04/2023 09:40 PM;11/04/2023 09:50 PM;Pata Amiga Lages;;Centro;SERVICO;pix;4;0;0;7.6;574,84;R$ 34,49;540;1;WHATSAPP;;;;;;;Pedido cancelado;conferir endereco com o cliente
PA-2023-00873;11/04/2023 03:20 PM;11/05/2023 01:20 AM;PATA AMIGA TUBARAO;LJ-022;Humaita;racao;Especie;2;0;0;3,1;R$ 373,29;0,00;373.29;false;whatsapp;;;;;;;Pedido cancelado;
PA-2023-00874;11/04/2023 08:45 PM;11/05/2023 01:45 AM;Pata Amiga Ararangua;LJ-023;;Brinquedo;Credito;;0;0;11.0;241,87;R$ 31,20;R$ 210,67;S;loja fisica;;;;;;;Retirada na loja;
PA-2023-00878;11/05/2023 05:55 AM;11/05/2023 06:45 AM;Pata Amiga Taio;;Centro;Rac.;Pix;1;0;0;1,8;192,50;R$ 11,94;;S;LOJA FISICA;;;;;;;Retirada na loja;embalagem para presente
PA-2023-00879;11/05/2023 08:20 AM;11/05/2023 10:20 AM;Pata Amiga Joinville Sul;LJ-013;Boa Vista;Servico;boleto;4;0;N/I;2.0;697,44;;629,09;true;APP;2023-11-06;;;;;Correios;Aguardando nota fiscal;embalagem para presente
PA-2023-00881;11/05/2023 06:38 AM;11/05/2023 11:38 AM;Pata Amiga Florianopolis Norte/SC;LJ-017;Trindade;ACESSORIO;Especie;2;0;;6.3;123.82;0,62;123,20;SIM;loja fisica;;;;;;;Retirada na loja;
PA-2023-00882;11/05/2023 01:23 PM;11/05/2023 01:43 PM;Pata Amiga Concordia;;Centro;Medicamentos;Credito;2;0;0;1.6;170,55;0;170;N;App Pata Amiga;2023-11-07;2023-11-07;2023-11-08;2023-11-10;9,65;Logistica Propria;Entregue;conferir endereco com o cliente
PA-2023-00876;11/05/2023 12:38 PM;11/05/2023 01:58 PM;Pata Amiga Blumenau Centro;LJ-001;Vorstadt;higiene;CARTAO DE CREDITO;2;0;0;3,7;113,54;0.00;R$ 113,54;Não;site;2023-11-06;2023-11-06;2023-11-12;2023-11-14;12,67;Logistica Propria;Entregue;
PA-2023-00880;11/05/2023 03:30 PM;11/05/2023 08:30 PM;Pata Amiga Jgua do Sul;LJ-014;Jaragua Esquerdo;Ração;Cartao de Credito;10;1;0;39,2;1.942,80;639,18;1.303,62;Sim;App;2023-11-06;2023-11-07;2023-11-11;;;Entrega Expressa SC;Despachado - em transito;conferir endereco com o cliente
PA-2023-00877;11/05/2023 06:52 PM;11/05/2023 11:52 PM; Pata Amiga Gaspar;LJ-007;Poco Grande;Racao Seca;pix;1;0;0;1.8;150,01;R$ 0,00;R$ 150,01;Nao;site;2023-11-08;2023-11-09;2023-11-12;2023-11-14;7,49;TransPet Log;Entregue;embalagem para presente
PA-2023-00884;11/06/2023 04:50 AM;11/06/2023 05:25 AM; Pata Amiga Brusque;LJ-004;;Hig.;Pix;2;;0;1.1;112,18;0;112,18;Nao;Site;2023-11-08;;;;;Rapido Catarinense;Aguardando nota fiscal;pedido recorrente
PA-2023-00886;11/06/2023 03:12 AM;11/06/2023 08:12 AM;PATA AMIGA GASPAR;LJ-007;Bela Vista;Ração;DINHEIRO;3;0;;8.0;618,98;R$ 15,47;603.51;V;App;2023-11-08;2023-11-09;2023-11-11;2023-11-14;;Correios;Entregue;
PA-2023-00888;11/06/2023 10:40 AM;11/06/2023 12:00 PM;Pata Amiga Palhoça;;Guarda do Cubatao;ACESSORIO;BOLETO;1;0;0;3,2;R$ 85,22;1.36;R$ 83,86;S;APP;2023-11-07;2023-11-08;2023-11-12;2023-11-14;12,00;Logistica Propria;Entregue;
PA-2023-00891;11/06/2023 11:35 AM;11/06/2023 01:35 PM;Pata Amiga Laguna;;Magalhaes;Petiscos;Dinheiro;-;0;0;2,0;75.05;10,13;64.92;S;App;2023-11-07;2023-11-07;2023-11-10;;;Correios;Despachado - em transito;
PA-2023-00895;11/06/2023 01:07 PM;11/06/2023 01:42 PM;Pata Amiga Concordia;LJ-030;Centro;brinquedo;BOLETO;1;0;N/I;0.9;55,62;10,01;45.61;X;Loja Fisica;;;;;;;Retirada na loja;
PA-2023-00892;11/06/2023 02:35 PM;11/06/2023 02:45 PM;PATA AMIGA LAGES;LJ-025;Coral;Medicamento;DINHEIRO;2;0;0;5.0;R$ 193,90;R$ 11,25;182;1;site;;;;;;;Pedido cancelado;cliente pediu entrega no periodo da tarde
PA-2023-00885;11/06/2023 02:00 PM;11/06/2023 05:00 PM;PATA AMIGA INDAIAL;LJ-006;Nacoes;Ração Medicamentosa;pix;1;0;0;3.9;137,02;R$ 0,00;R$ 137,02;N;loja fisica;;;;;;;Retirada na loja;produto fora de linha - substituido
PA-2023-00890;11/06/2023 07:47 PM;11/06/2023 07:57 PM;pata amiga tubarao;LJ-022;Centro;Racao Seca;Cartão de Débito;5;0;0;19.9;R$ 749,98;R$ 101,25;R$ 648,73;true;App Pata Amiga;2023-11-08;2023-11-08;2023-11-12;2023-11-14;49,27;TransPet Log;Entregue;pedido recorrente
PA-2023-00894;11/06/2023 06:23 PM;11/06/2023 08:23 PM;PATA AMIGA CHAPECO;LJ-029;Centro;Acessório;VALE PET;5;0;2;13,3;499;89,98;409,89;true;LOJA FISICA;;;;;;;Retirada na loja;pedido recorrente
PA-2023-00887;11/06/2023 07:35 PM;11/06/2023 08:55 PM;Pata Amiga Jaraguá do Sul;LJ-014;Barra do Rio Cerro;higiene;Pix;;;0;15.8;123;7,89;115,38;V;Loja Física;;;;;;;Retirada na loja;
PA-2023-00893;11/06/2023 09:55 PM;11/06/2023 10:05 PM;pata amiga chapeco;LJ-029;Efapi;Rac.;Especie;7;0;0;3,5;R$ 681,65;122.70;558,95;sim;site;2023-11-07;2023-11-07;2023-11-10;2023-11-12;13.79;Logistica Propria;Entregue;aguardando confirmacao de estoque
PA-2023-00889;11/06/2023 10:38 PM;11/06/2023 10:48 PM;PATA AMIGA TUBARAO;LJ-022;Centro;RAÇÃO;Cartao de Debito;;0;0;9.1;635.68;85,82;549.86;X;;;;;;;;Retirada na loja;produto fora de linha - substituido
PA-2023-00883;11/06/2023 09:15 PM;11/06/2023 11:15 PM;Pata Amiga Rio Do Sul;LJ-002;Laranjeiras;PETISCO;Cartao de Credito;4;0;0;6.3;114,87;3,56;111,31;;APP;2023-11-08;2023-11-08;2023-11-11;2023-11-12;R$ 14,80;Rapido Catarinense;Entregue;embalagem para presente
PA-2023-00902;11/07/2023 01:07 AM;11/07/2023 01:57 AM;pata amiga tubarao;LJ-022;Oficinas;Rac.;BOLETO;1;0;1;2.9;114,53;0,00;114,53;0;app;2023-11-09;2023-11-09;2023-11-12;2023-11-14;10,02;TransPet Log;Entregue;
PA-2023-00897;11/07/2023 02:10 AM;11/07/2023 02:30 AM;PATA AMIGA INDAIAL;LJ-006;Warnow;Petisco;CARTAO DE CREDITO;2;0;0;7.3;58,68;0,12;58,56;X;Site;2023-11-09;2023-11-09;2023-11-12;;;Rapido Catarinense;Despachado - em transito;cliente pediu entrega no periodo da tarde
PA-2023-00900;11/07/2023 09:30 AM;11/07/2023 12:30 PM;Pata Amiga Floripa Norte;LJ-017;Ingleses;Higiene e Beleza;Vale Pet;2;0;0;6.0;108,07;10,05;R$ 98,02;1;;2023-11-09;2023-11-09;;;;Rapido Catarinense;Aguardando despacho;pedido recorrente
PA-2023-00899;11/07/2023 04:47 PM;11/07/2023 05:07 PM;PATA AMIGA SAO BENTO DO SUL;LJ-015;Oxford;higiene;Debito;1;0;0;3,6;R$ 53,39;1,23;52,16;X;APP;2023-11-09;2023-11-09;2023-11-12;2023-11-15;10.63;Rapido Catarinense;Entregue;produto fora de linha - substituido
PA-2023-00901;11/07/2023 04:55 PM;11/07/2023 05:15 PM;Pata Amiga Sao Jose Kobrasol/SC;;Forquilhinhas;RACAO;BOLETO;3;0;0;5,1;445;R$ 0,00;445.75;0;App;2023-11-09;2023-11-09;;;;Entrega Expressa SC;Aguardando despacho;
PA-2023-00898;11/07/2023 08:40 AM;11/07/2023 06:40 PM;PATA AMIGA TAIO;;Alto Santa Rosa;BRINQUEDO;Debito;2;0;-;5.1;125,08;0,00;R$ 125,08;N;App;2023-11-10;2023-11-10;2023-11-17;2023-11-20;19.53;Correios;Entregue;pedido recorrente
PA-2023-00896;11/07/2023 07:38 PM;11/07/2023 07:48 PM;Pata Amiga Timbó;;Capitais;Racao Medicamentosa;VALE PET;2;0;0;2.2;258.93;0.52;258;Sim;App Pata Amiga;2023-11-09;2023-11-09;2023-11-11;2023-11-13;8.95;Logistica Propria;Entregue;cliente pediu entrega no periodo da tarde
PA-2023-00919;11/08/2023 02:12 AM;11/08/2023 02:32 AM;Pata Amiga Lages;LJ-025;Centro;racao;Boleto;9;;0;25.1;1.371,06;R$ 396,24;R$ 974,82;S;telefone;2023-11-10;2023-11-10;2023-11-15;2023-11-17;56,29;Logistica Propria;Entregue;cliente pediu entrega no periodo da tarde
PA-2023-00914;11/08/2023 01:55 AM;11/08/2023 03:15 AM;Pata Amiga Palhoça;LJ-019;Guarda do Cubatao;Racao;Cartao de Credito;-;;;14,4;R$ 790,77;R$ 152,62;638,15;;TELEFONE;2023-11-09;2023-11-09;2023-11-11;2023-11-12;R$ 24,48;TransPet Log;Entregue;cliente pediu entrega no periodo da tarde
PA-2023-00923;11/08/2023 01:40 AM;11/08/2023 03:40 AM;PATA AMIGA CURITIBANOS;LJ-028;Centro;medicamento;CARTAO DE DEBITO;5;0;0;4.0;R$ 555,78;R$ 160,62;395.16;SIM;Site;2023-11-10;2023-11-11;2023-11-14;2023-11-15;10,97;Entrega Expressa SC;Entregue;
PA-2023-00908;11/08/2023 01:55 AM;11/08/2023 03:55 AM;Pata Amiga Florianopolis Norte;LJ-017;Saco Grande;Racao;Boleto;2;0;1;1,0;440.20;;371;true;TELEFONE;2023-11-09;2023-11-10;2023-11-12;2023-11-14;7.29;Rapido Catarinense;Entregue;
PA-2023-00920;11/08/2023 12:40 AM;11/08/2023 05:40 AM;PATA AMIGA LAGES;LJ-025;Centro;Medicamento;Cartão de Crédito;7;0;0;21.2;522,19;150,91;371,28;1;telefone;2023-11-10;2023-11-10;;;;Correios;Aguardando despacho;cliente pediu entrega no periodo da tarde
PA-2023-00916;11/08/2023 05:55 AM;11/08/2023 06:05 AM;Pata Amiga Tubarao;;;Servicos;Debito;3;0;0;7,5;225,22;13.06;R$ 212,16;X;App Pata Amiga;2023-11-09;2023-11-09;2023-11-12;2023-11-14;27.59;Logistica Propria;Entregue;produto fora de linha - substituido
PA-2023-00905;11/08/2023 08:40 AM;11/08/2023 09:00 AM;Pata Amiga Itajai Praia/SC;LJ-003;Itaipava;Petiscos;Credito;7;0;0;23.6;301.57;38.30;263,27;SIM;app;2023-11-10;2023-11-11;2023-11-14;2023-11-16;R$ 38,77;Rapido Catarinense;Entregue;cliente pediu entrega no periodo da tarde
PA-2023-00924;11/08/2023 09:30 AM;11/08/2023 09:50 AM;Pata Amiga Chapeco;;Passo dos Fortes;Petisco;CARTAO DE DEBITO;1;0;0;1,5;R$ 40,56;0.00;R$ 40,56;nao;Site;2023-11-09;2023-11-09;2023-11-13;2023-11-15;R$ 7,58;Rapido Catarinense;Entregue;pedido recorrente
PA-2023-00915;11/08/2023 11:30 AM;11/08/2023 12:20 PM;pata amiga criciuma;LJ-021;Centro;Higiene e Beleza;Especie;2;0;0;3.1;65,25;0,07;R$ 65,18;sim;app;2023-11-09;2023-11-10;2023-11-14;2023-11-16;R$ 13,32;TransPet Log;Entregue;
PA-2023-00904;11/08/2023 11:45 AM;11/08/2023 12:35 PM; Pata Amiga Rio do Sul;LJ-002;Budag;Serviço;boleto;3;0;0;4.2;R$ 376,03;R$ 8,27;367,76;Sim;Tel.;2023-11-09;2023-11-09;2023-11-13;2023-11-14;;TransPet Log;Entregue;pedido recorrente
PA-2023-00918;11/08/2023 11:55 AM;11/08/2023 01:15 PM;pata amiga lages;LJ-025;Habitacao;Higiene;Cartao de Credito;8;1;0;25.8;290,96;84;206.87;true;WHATSAPP;2023-11-10;2023-11-10;2023-11-11;2023-11-13;34,13;TransPet Log;Entregue;produto fora de linha - substituido
PA-2023-00921;11/08/2023 03:20 AM;11/08/2023 01:20 PM;Pata Amiga Sao Joaquim;;Centro;petisco;pix;5;0;0;10,1;R$ 226,78;R$ 65,54;161,24;X;App;2023-11-10;2023-11-10;2023-11-16;2023-11-20;R$ 35,74;Entrega Expressa SC;Entregue;
PA-2023-00922;11/08/2023 02:52 PM;11/08/2023 03:27 PM;Pata Amiga Otacilio  Costa;LJ-027;Bela Vista;Rac.;boleto;5;0;0;5.9;R$ 808,48;R$ 233,65;574,83;V;Loja Física;;;;;;;Retirada na loja;
PA-2023-00913;11/08/2023 04:47 PM;11/08/2023 04:57 PM;Pata Amiga Palhoca;;;Petisco;Credito;6;0;0;7,3;R$ 309,40;R$ 59,71;249,69;V;LOJA FISICA;;;;;;;Retirada na loja;
PA-2023-00912;11/08/2023 05:25 PM;11/08/2023 05:35 PM;Pata Amiga São José Kobrasol;LJ-018;Forquilhinhas;Petisco;Cartão de Débito;6;1;0;20.7;228.50;44,10;184;V;telefone;2023-11-10;;;;;Correios;Aguardando nota fiscal;
PA-2023-00917;11/08/2023 03:05 PM;11/08/2023 06:05 PM;pata amiga lages;LJ-025;Coral;Petisco;Cartao de Debito;6;;0;12.7;191,81;55,43;136;X;SITE;2023-11-09;2023-11-09;;;;Correios;Aguardando despacho;produto fora de linha - substituido
PA-2023-00907;11/08/2023 07:15 PM;11/08/2023 08:05 PM;Pata Amiga Brusque;LJ-004;;Higiene e Beleza;Vale Pet;5;;2;9,2;247.18;31,39;215,79;1;WhatsApp;2023-11-09;2023-11-10;2023-11-11;;;Rapido Catarinense;Despachado - em transito;
PA-2023-00910;11/08/2023 07:25 PM;11/08/2023 08:15 PM;Pata Amiga Florianopolis Norte;;Trindade;RACAO;Pix;8;;0;6,6;1.212,70;R$ 189,18;1023.52;;site;;;;;;;Pedido cancelado;pedido recorrente
PA-2023-00909;11/08/2023 09:07 PM;11/08/2023 09:17 PM;Pata Amiga Florianopolis Norte;LJ-017;Trindade;Racao;BOLETO;3;0;0;11,8;466,98;R$ 72,85;R$ 394,13;sim;;2023-11-09;2023-11-10;2023-11-12;2023-11-14;R$ 41,17;Entrega Expressa SC;Entregue;pedido recorrente
PA-2023-00903;11/08/2023 11:35 AM;11/08/2023 09:35 PM;PATA AMIGA BLUMENAU CENTRO;;Salto do Norte;ACESSORIO;Cartão de Crédito;2;0;0;1,4;R$ 137,51;0,00;137,51;0;Site;2023-11-10;;;;;Entrega Expressa SC;Aguardando nota fiscal;conferir endereco com o cliente
PA-2023-00906;11/08/2023 10:52 PM;11/08/2023 11:12 PM;Pata Amiga Itajai Praia/SC;LJ-003;Cordeiros;Petiscos;pix;4;0;;13.3;134,25;17,05;117,20;true;LOJA FISICA;;;;;;;Retirada na loja;
PA-2023-00911;11/08/2023 11:50 PM;11/09/2023 02:50 AM;Pata Amiga Sao Jose Kobrasol;LJ-018;Forquilhinhas;Petisco;Boleto;7;0;0;13,6;189,00;36.48;152,52;S;App;2023-11-10;;;;;Entrega Expressa SC;Aguardando nota fiscal;
PA-2023-00929;11/09/2023 02:40 AM;11/09/2023 03:15 AM;Pata Amiga Blumenau Centro;LJ-001;Fortaleza;higiene;Cartao de Credito;6;0;0;15.0;212,30;42,46;R$ 169,84;X;Site;2023-11-11;2023-11-11;;;;Correios;Aguardando despacho;produto fora de linha - substituido
PA-2023-00933;11/09/2023 06:38 AM;11/09/2023 06:48 AM;pata amiga gaspar;;;RAÇÃO;Pix;6;0;;13,8;1333.99;266.80;1.067,19;1;Site;2023-11-12;;;;;Rapido Catarinense;Aguardando nota fiscal;embalagem para presente
PA-2023-00935;11/09/2023 07:23 AM;11/09/2023 07:33 AM;pata amiga gaspar;LJ-007;Figueira;RAÇÃO;CARTAO DE CREDITO;8;0;0;13.3;R$ 1.348,64;R$ 269,73;1078;X;loja fisica;;;;;;;Retirada na loja;
PA-2023-00926;11/09/2023 10:40 AM;11/09/2023 12:00 PM;Pata Amiga Blumenau Centro/SC;LJ-001;Ribeirao Fresco;medicamento;Boleto;5;0;;8.4;R$ 341,46;68,29;R$ 273,17;X;Site;2023-11-10;2023-11-10;2023-11-14;2023-11-16;14,24;Logistica Propria;Entregue;produto fora de linha - substituido
PA-2023-00936;11/09/2023 09:20 AM;11/09/2023 12:20 PM;pata amiga gaspar;LJ-007;Poco Grande;Rac.;Dinheiro;4;0;0;13.9;R$ 757,83;R$ 151,57;R$ 606,26;1;site;2023-11-10;2023-11-10;2023-11-13;2023-11-14;50,68;Logistica Propria;Entregue;produto fora de linha - substituido
PA-2023-00931;11/09/2023 03:20 PM;11/09/2023 03:30 PM;Pata Amiga Rio Do Sul;;Barragem;ACESSORIO;DINHEIRO;5;0;0;5,3;R$ 421,26;R$ 35,81;385,45;SIM;WHATSAPP;2023-11-10;2023-11-10;2023-11-12;2023-11-13;R$ 13,89;Rapido Catarinense;Entregue;
PA-2023-00939;11/09/2023 02:40 PM;11/09/2023 03:30 PM;PATA AMIGA ARARANGUA;LJ-023;Centro;Higiene e Beleza;Cartao de Credito;4;0;0;4.5;R$ 143,37;R$ 0,00;;nao;app;2023-11-11;2023-11-11;2023-11-14;2023-11-16;11,35;Entrega Expressa SC;Entregue;conferir endereco com o cliente
PA-2023-00932;11/09/2023 03:30 PM;11/09/2023 04:20 PM;Pata Amiga Timbó;LJ-005;Capitais;Servico;BOLETO;1;0;2;4.2;127,16;1,27;125;SIM;App Pata Amiga;2023-11-10;2023-11-10;;;;Rapido Catarinense;Aguardando despacho;
PA-2023-00928;11/09/2023 03:47 PM;11/09/2023 04:37 PM;Pata Amiga Blumenau Centro;LJ-001;Itoupava Norte;Racao Medicamentosa;Cartao de Debito;5;0;0;19,5;667,35;133,47;R$ 533,88;S;SITE;2023-11-11;2023-11-11;2023-11-15;2023-11-17;57;Entrega Expressa SC;Entregue;
PA-2023-00934;11/09/2023 08:10 AM;11/09/2023 06:10 PM;pata amiga gaspar;;;higiene;Dinheiro;5;0;2;15,3;292;58,52;234,06;X;Tel.;2023-11-11;2023-11-11;2023-11-15;2023-11-18;50;Entrega Expressa SC;Entregue;produto fora de linha - substituido
PA-2023-00938;11/09/2023 06:15 PM;11/09/2023 07:05 PM;Pata Amiga Floripa Norte;;Costeira;acessorio;Vale Pet;3;;0;11.7;159,48;9;150;SIM;LOJA FISICA;;;;;;;Retirada na loja;
PA-2023-00927;11/09/2023 06:30 PM;11/09/2023 07:20 PM; Pata Amiga Blumenau Centro;;Fortaleza;Racao Seca;Boleto;6;;0;7.8;R$ 729,75;145,95;R$ 583,80;SIM;Loja Fisica;;;;;;;Retirada na loja;
PA-2023-00925;11/09/2023 05:30 PM;11/09/2023 07:30 PM;Pata Amiga Blumenau Centro;;Velha;Racao;Cartão de Débito;-;0;0;30.1;1.807,48;361,50;R$ 1.445,98;S;LOJA FISICA;;;;;;;Retirada na loja;
PA-2023-00940;11/09/2023 06:50 PM;11/09/2023 08:50 PM;Pata Amiga Chapecó;;;Acessório;vale pet;-;0;0;6,5;219,23;0,00;219,23;Nao;Tel.;2023-11-11;2023-11-11;;;;Logistica Propria;Aguardando despacho;cliente pediu entrega no periodo da tarde
PA-2023-00937;11/09/2023 09:50 PM;11/10/2023 12:50 AM;PATA AMIGA JARAGUA DO SUL;LJ-014;Ilha da Figueira;medicamento;PIX;5;0;0;20.7;366,55;42,52;R$ 324,03;sim;LOJA FISICA;;;;;;;Retirada na loja;
PA-2023-00941;11/10/2023 01:07 AM;11/10/2023 04:07 AM;PATA AMIGA TIMBO;;Centro;RAÇÃO;PIX;4;0;0;11.2;610.35;52,49;R$ 557,86;;loja fisica;;;;;;;Retirada na loja;
PA-2023-00930;11/09/2023 06:23 PM;11/10/2023 04:23 AM;Pata Amiga Blumenal Centro;;Velha;Ração;Pix;9;0;0;26.0;1100;220;880,62;Sim;App Pata Amiga;2023-11-11;2023-11-11;2023-11-15;;;TransPet Log;Despachado - em transito;produto fora de linha - substituido
PA-2023-00943;11/10/2023 01:30 AM;11/10/2023 04:30 AM;pata amiga joinville sul;LJ-013;Aventureiro;Brinquedos;dinheiro;2;0;0;2.9;R$ 78,19;R$ 0,00;78.19;0;App Pata Amiga;;;;;;;Pedido cancelado;produto fora de linha - substituido
PA-2023-00946;11/10/2023 12:12 AM;11/10/2023 10:12 AM;Pata Amiga Florianópolis Norte;LJ-017;Saco Grande;Rac.;Cartao de Debito;4;0;;13,3;458,42;R$ 89,85;368.57;1;Loja Fisica;;;;;;;Retirada na loja;
PA-2023-00949;11/10/2023 09:38 AM;11/10/2023 12:38 PM;PATA AMIGA LAGES;;Guarujal;Servicos;vale pet;3;0;0;3,8;R$ 300,85;42,12;258;X;app;2023-11-11;2023-11-11;2023-11-15;2023-11-18;16.92;Rapido Catarinense;Entregue;
PA-2023-00947;11/10/2023 11:50 AM;11/10/2023 12:40 PM;Pata Amiga Palhoça;;Passa Vinte;HIGIENE;Boleto;;0;0;1,8;R$ 39,04;0.12;38,92;Sim;site;2023-11-12;2023-11-13;2023-11-19;2023-11-21;R$ 10,70;Entrega Expressa SC;Entregue;
PA-2023-00942;11/10/2023 12:15 PM;11/10/2023 12:50 PM;PATA AMIGA INDAIAL;;Encano;Petiscos;VALE PET;6;0;0;18,4;R$ 299,10;R$ 25,72;273.38;V;site;2023-11-11;2023-11-11;2023-11-12;2023-11-14;26,75;TransPet Log;Entregue;embalagem para presente
PA-2023-00948;11/10/2023 01:35 PM;11/10/2023 03:35 PM;Pata Amiga Araranguá;;Cidade Alta;acessorio;Debito;2;0;0;3.3;R$ 194,25;0,00;R$ 194,25;Não;Loja Física;;;;;;;Retirada na loja;
PA-2023-00945;11/10/2023 06:40 AM;11/10/2023 04:40 PM;pata amiga florianopolis norte;LJ-017;Ingleses;Brinquedo;vale pet;8;0;0;13.3;278.93;54.67;224;V;LOJA FISICA;;;;;;;Retirada na loja;conferir endereco com o cliente
PA-2023-00944;11/10/2023 09:20 PM;11/10/2023 10:40 PM;Pata Amiga Jaraguá do Sul;LJ-014;Centro;BRINQUEDO;Cartão de Crédito;2;0;0;5,9;142,95;R$ 0,00;142,95;N;site;2023-11-12;;;;;Correios;Aguardando nota fiscal;produto fora de linha - substituido
PA-2023-00955;11/11/2023 12:20 AM;11/11/2023 12:40 AM;Pata Amiga Chapeco/SC;LJ-029;Sao Cristovao;Acessorios;Boleto;3;0;0;3.7;148.50;13,37;R$ 135,13;1;loja fisica;;;;;;;Retirada na loja;cliente pediu entrega no periodo da tarde
PA-2023-00950;11/11/2023 04:07 AM;11/11/2023 04:27 AM;Pata Amiga Blumenau Centro;LJ-001;Salto do Norte;Petisco;vale pet;1;0;0;2,3;47,74;R$ 0,00;R$ 47,74;Nao;App Pata Amiga;2023-11-12;;;;;Correios;Aguardando nota fiscal;produto fora de linha - substituido
PA-2023-00953;11/11/2023 04:15 AM;11/11/2023 05:05 AM;PATA AMIGA CRICIUMA;LJ-021;Rio Maina;PETISCO;boleto;4;0;0;14.4;193;16,43;176;S;site;2023-11-14;2023-11-15;2023-11-19;2023-11-21;44,50;TransPet Log;Entregue;embalagem para presente
PA-2023-00952;11/11/2023 06:15 AM;11/11/2023 08:15 AM;Pata Amiga Palhoça;;Ponte do Imaruim;Higiene e Beleza;BOLETO;4;0;0;15,9;105,53;0.00;105;Nao;Loja Física;;;;;;;Retirada na loja;
PA-2023-00951;11/11/2023 03:55 AM;11/11/2023 08:55 AM;Pata Amiga Florianopolis Norte;LJ-017;Ingleses;petisco;CARTAO DE CREDITO;1;0;1;2.8;32;0,00;32.54;0;Loja Fisica;;;;;;;Retirada na loja;cliente pediu entrega no periodo da tarde
PA-2023-00954;11/11/2023 12:23 PM;11/11/2023 12:58 PM;Pata Amiga Araranguá;;Centro;servico;CARTAO DE CREDITO;2;0;0;6.1;145;;R$ 145,17;NAO;Site;2023-11-13;2023-11-14;2023-11-18;2023-11-20;R$ 17,22;TransPet Log;Entregue;
PA-2023-00956;11/11/2023 03:30 AM;11/11/2023 01:30 PM;Pata Amiga Concordia;LJ-030;Petropolis;Higiene e Beleza;Vale Pet;3;0;N/I;8.1;168,04;-;152;V;SITE;2023-11-12;;;;;TransPet Log;Aguardando nota fiscal;aguardando confirmacao de estoque
PA-2023-00958;11/12/2023 05:38 AM;11/12/2023 05:58 AM;PATA AMIGA ITAJAI PRAIA;;Cordeiros;acessorio;Boleto;1;0;0;0.8;R$ 77,57;0,39;77.18;1;App;2023-11-14;2023-11-14;2023-11-18;2023-11-20;6,84;Rapido Catarinense;Entregue;produto fora de linha - substituido
PA-2023-00960;11/12/2023 12:47 PM;11/12/2023 02:07 PM;PATA AMIGA JARAGUA DO SUL;LJ-014;Centro;ACESSORIO;Vale Pet;4;0;0;11,2;452,14;2.71;449,43;SIM;APP;2023-11-14;2023-11-14;2023-11-17;2023-11-18;21,27;Entrega Expressa SC;Entregue;
PA-2023-00957;11/12/2023 11:15 AM;11/12/2023 04:15 PM;Pata Amiga Blumenau Centro;LJ-001;Garcia;brinquedo;Pix;2;0;;5,6;159,33;0,00;159,33;Nao;app;2023-11-13;2023-11-14;2023-11-16;2023-11-19;11;Rapido Catarinense;Entregue;produto fora de linha - substituido
PA-2023-00964;11/12/2023 02:30 PM;11/12/2023 05:30 PM;PATA AMIGA SAO JOAQUIM;LJ-026;Centro;Rac.;Especie;2;0;N/I;3,3;410,19;7,38;402,81;S;app;2023-11-15;2023-11-15;2023-11-27;2023-11-28;14.96;Entrega Expressa SC;Entregue;produto fora de linha - substituido
PA-2023-00962;11/12/2023 05:25 PM;11/12/2023 07:25 PM;Pata Amiga Santo Amaro da Imperatriz;;Braco Sao Joao;BRINQUEDO;pix;3;n/d;1;7.6;164,77;R$ 14,50;150;S;site;2023-11-14;2023-11-15;2023-11-25;2023-11-29;14,32;Correios;Entregue;conferir endereco com o cliente
PA-2023-00959;11/12/2023 01:20 PM;11/12/2023 11:20 PM;Pata Amiga Presidente Getúlio;LJ-008;Fundo Canoas;Acessorios;VALE PET;1;0;0;0.7;;0.00;94.50;Nao;SITE;2023-11-13;2023-11-13;2023-11-22;2023-11-25;6,35;Rapido Catarinense;Entregue;produto fora de linha - substituido
PA-2023-00963;11/12/2023 10:47 PM;11/12/2023 11:37 PM;PATA AMIGA CRICIUMA;;Rio Maina;racao;Credito;4;0;0;8.5;683,01;36,20;646,81;sim;app;2023-11-14;2023-11-15;2023-11-18;2023-11-20;31,78;Correios;Entregue;
PA-2023-00961;11/12/2023 02:35 PM;11/13/2023 12:35 AM;Pata Amiga Florianópolis Norte;;Saco Grande;Higiene;Pix;1;0;0;1,0;51,60;0,00;51.60;NAO;App;2023-11-15;2023-11-15;2023-11-18;2023-11-20;6,27;Correios;Entregue;embalagem para presente
PA-2023-00966;11/13/2023 01:15 AM;11/13/2023 01:25 AM;Pata Amiga Joinville Sul/SC;LJ-013;Costa e Silva;Racao Medicamentosa;VALE PET;6;0;0;10.9;731.98;R$ 69,54;R$ 662,44;Sim;Telefone;2023-11-14;2023-11-15;;;;Rapido Catarinense;Aguardando despacho;aguardando confirmacao de estoque
PA-2023-00971;11/13/2023 02:05 AM;11/13/2023 07:05 AM;Pata Amiga Criciúma;LJ-021;Sao Luiz;Acessório;dinheiro;1;0;0;3.2;108,63;0;108;N;WHATSAPP;2023-11-16;2023-11-16;2023-11-20;2023-11-22;9.24;Logistica Propria;Entregue;cliente pediu entrega no periodo da tarde
PA-2023-00965;11/13/2023 08:52 AM;11/13/2023 09:12 AM;pata amiga ibirama;LJ-011;Nossa Senhora de Fatima;petisco;DINHEIRO;1;0;2;2,1;21.90;R$ 1,09;20,81;sim;app;2023-11-17;2023-11-17;2023-11-23;2023-11-25;11,45;TransPet Log;Entregue;
PA-2023-00970;11/13/2023 06:35 AM;11/13/2023 11:35 AM;Pata Amiga Palhoça;LJ-019;Pagani;medicamento;VALE PET;3;0;;6,3;R$ 374,42;;374.42;nao;SITE;2023-11-16;2023-11-16;2023-11-19;2023-11-21;23.80;Entrega Expressa SC;Entregue;conferir endereco com o cliente
PA-2023-00967;11/13/2023 09:23 AM;11/13/2023 12:23 PM;Pata Amiga Jaragua do Sul;LJ-014;;MEDICAMENTO;Debito;4;n/d;0;6,4;339,32;R$ 77,36;261.96;Sim;SITE;;;;;;;Pedido cancelado;embalagem para presente
PA-2023-00968;11/13/2023 02:05 PM;11/13/2023 02:15 PM;Pata Amiga São Bento do Sul;LJ-015;Centro;Med.;Debito;2;0;0;3,3;R$ 155,75;14.80;140,95;1;whatsapp;2023-11-15;2023-11-17;2023-11-21;2023-11-23;15,46;TransPet Log;Entregue;
PA-2023-00969;11/13/2023 04:25 AM;11/13/2023 02:25 PM;PATA AMIGA FLORIANOPOLIS NORTE;LJ-017;Trindade;Higiene e Beleza;CARTAO DE DEBITO;2;0;0;8,1;R$ 66,05;4.56;61,49;V;App;2023-11-15;2023-11-16;2023-11-20;2023-11-22;20,79;Correios;Entregue;conferir endereco com o cliente
PA-2023-00975;11/14/2023 02:25 AM;11/14/2023 03:15 AM;pata amiga joinville sul;;Costa e Silva;petisco;Cartao de Credito;4;0;0;4,7;209,42;21.36;188;Sim;App;2023-11-17;2023-11-18;2023-11-19;2023-11-21;R$ 18,97;TransPet Log;Entregue;
PA-2023-00980;11/14/2023 04:00 AM;11/14/2023 07:00 AM;Pata Amiga Tubarão;;Centro;Medicamentos;Boleto;2;0;0;1.3;155.56;13,07;142.49;X;;;;;;;;Retirada na loja;
PA-2023-00974;11/14/2023 02:25 AM;11/14/2023 12:25 PM;PATA AMIGA JOINVILLE SUL;;Boa Vista;Acessório;DINHEIRO;1;0;0;1,2;85.89;R$ 8,76;77,13;S;TELEFONE;2023-11-18;2023-11-19;2023-11-23;2023-11-25;R$ 7,95;Correios;Entregue;
PA-2023-00976;11/14/2023 10:35 AM;11/14/2023 01:35 PM;Pata Amiga Joinville Sul;;Aventureiro;RAÇÃO;pix;;0;0;5.0;627,51;64,01;563.50;SIM;App Pata Amiga;2023-11-15;2023-11-17;2023-11-20;2023-11-22;12,96;Entrega Expressa SC;Entregue;aguardando confirmacao de estoque
PA-2023-00978;11/14/2023 01:07 PM;11/14/2023 01:57 PM;Pata Amiga Itapoá;LJ-016;Balneario Itapoa;brinquedo;Debito;2;0;0;4.2;118,49;12,09;106,40;;Loja Fisica;;;;;;;Retirada na loja;
PA-2023-00977;11/14/2023 04:20 PM;11/14/2023 05:10 PM;PATA AMIGA SAO BENTO DO SUL;;Serra Alta;Hig.;BOLETO;5;0;0;9.4;R$ 313,17;;281,23;Sim;Tel.;2023-11-16;2023-11-17;;;;Logistica Propria;Aguardando despacho;
PA-2023-00973;11/14/2023 03:55 PM;11/14/2023 08:55 PM;Pata Amiga Rio do sul;;Sumare;Acessorios;VALE PET;7;0;0;3.0;R$ 737,62;143,84;593,78;S;WHATSAPP;2023-11-18;2023-11-19;2023-11-24;2023-11-26;10,49;Entrega Expressa SC;Entregue;pedido recorrente
PA-2023-00972;11/14/2023 11:05 PM;11/14/2023 11:55 PM;Pata Amiga Rio Do Sul;;Sumare;Medicamentos;Cartao de Credito;7;0;0;26,2;453,23;88,38;364.85;1;App Pata Amiga;2023-11-17;2023-11-17;2023-11-19;2023-11-20;60,92;Entrega Expressa SC;Entregue;cliente pediu entrega no periodo da tarde
PA-2023-00979;11/14/2023 11:05 PM;11/14/2023 11:55 PM;Pata Amiga Florianopolis Norte;LJ-017;Costeira;Racao Medicamentosa;Cartão de Crédito;1;0;0;1.8;R$ 138,07;0.00;138.07;N;SITE;2023-11-15;2023-11-16;2023-11-20;;;Logistica Propria;Despachado - em transito;conferir endereco com o cliente
PA-2023-01014;11/15/2023 01:15 AM;11/15/2023 01:35 AM;PATA AMIGA SAO BENTO DO SUL;LJ-015;Oxford;HIGIENE;boleto;5;0;2;11,8;257,41;29,60;227.81;sim;site;2023-11-16;2023-11-17;2023-11-23;2023-11-25;36.81;Rapido Catarinense;Entregue;cliente pediu entrega no periodo da tarde
PA-2023-01017;11/15/2023 01:47 AM;11/15/2023 01:57 AM;Pata Amiga Florianopolis Norte;;Saco Grande;RAÇÃO;Cartao de Debito;4;0;0;4,1;R$ 547,78;R$ 225,69;322;SIM;telefone;2023-11-18;2023-11-18;2023-11-21;2023-11-23;15.98;Logistica Propria;Entregue;aguardando confirmacao de estoque
PA-2023-00986;11/15/2023 01:10 AM;11/15/2023 02:00 AM;PATA AMIGA RIO DO SUL;;Sumare;Racao Seca;Cartao de Debito;18;;0;42,5;3.087,62;1.482,06;1.605,56;sim;;;;;;;;Retirada na loja;
PA-2023-00985;11/15/2023 12:55 AM;11/15/2023 02:55 AM; Pata Amiga Rio do Sul;LJ-002;Sumare;RAÇÃO;Pix;17;0;0;27.3;1725;R$ 828,36;897,40;1;SITE;2023-11-18;2023-11-19;2023-11-24;2023-11-26;75;TransPet Log;Entregue;
PA-2023-01007;11/15/2023 12:00 AM;11/15/2023 03:00 AM;PATA AMIGA GASPAR;;Poco Grande;servico;CARTAO DE CREDITO;5;0;1;20.4;395,22;54;340;;LOJA FISICA;;;;;;;Retirada na loja;aguardando confirmacao de estoque
PA-2023-01022;11/15/2023 01:00 AM;11/15/2023 03:00 AM;Pata Amiga Tubarão;LJ-022;Centro;RAÇÃO;Boleto;2;0;0;1.0;430,11;0,00;430,11;0;Site;2023-11-17;2023-11-18;2023-11-20;2023-11-21;R$ 7,89;Logistica Propria;Entregue;embalagem para presente
PA-2023-01011;11/15/2023 01:15 AM;11/15/2023 03:15 AM;Pata Amiga Ituporanga;;Centro;RACAO;Especie;3;n/d;0;9.3;544,25;R$ 261,24;283,01;true;LOJA FISICA;;;;;;;Retirada na loja;
PA-2023-01016;11/15/2023 03:52 AM;11/15/2023 04:27 AM;pata amiga florianopolis norte;LJ-017;Ingleses;Racao Seca;Especie;8;0;0;16.5;773,83;318;455,01;Sim;;2023-11-18;2023-11-19;2023-11-23;2023-11-25;50,30;Rapido Catarinense;Entregue;embalagem para presente
PA-2023-00988;11/15/2023 02:38 AM;11/15/2023 05:38 AM;Pata Amiga Rio do Sul;LJ-002;Laranjeiras;Medicamento;Debito;-;0;0;21.5;1531;735,09;796;V;App;2023-11-19;2023-11-19;2023-11-22;2023-11-23;58.62;Correios;Entregue;pedido recorrente
PA-2023-01009;11/15/2023 03:38 AM;11/15/2023 05:38 AM;Pata Amiga Ituporanga;;Centro;RAÇÃO;Debito;;1;0;33.0;2111;1.013,39;1.097,83;SIM;site;2023-11-19;;;;;Correios;Aguardando nota fiscal;embalagem para presente
PA-2023-01002;11/15/2023 07:07 AM;11/15/2023 07:57 AM;Pata Amiga Brusque;;Aguas Claras;Racao Seca;PIX;3;0;0;3,3;372;75,14;R$ 296,86;SIM;Loja Física;;;;;;;Retirada na loja;pedido recorrente
PA-2023-01006;11/15/2023 09:50 AM;11/15/2023 10:00 AM;PATA AMIGA GASPAR;LJ-007;Figueira;brinquedo;Dinheiro;-;0;0;21.1;R$ 294,78;R$ 40,68;;V;app;2023-11-17;2023-11-19;2023-11-23;2023-11-24;R$ 71,98;Entrega Expressa SC;Entregue;
PA-2023-00996;11/15/2023 05:38 AM;11/15/2023 10:38 AM;Pata Amiga Itajai Praia;;Fazenda;racao;Especie;9;0;;36.3;2.004,77;404;1599;Sim;App Pata Amiga;2023-11-18;2023-11-18;2023-11-19;;;Rapido Catarinense;Despachado - em transito;embalagem para presente
PA-2023-01001;11/15/2023 10:35 AM;11/15/2023 10:45 AM; Pata Amiga Brusque;;Dom Joaquim;petisco;Especie;4;;0;16,7;R$ 156,86;31;125;V;APP;2023-11-18;2023-11-19;2023-11-23;2023-11-25;32,75;Rapido Catarinense;Entregue;
PA-2023-00998;11/15/2023 10:52 AM;11/15/2023 11:12 AM;Pata Amiga Itajai Praia/SC;LJ-003;Itaipava;RAÇÃO;VALE PET;5;0;0;16,4;R$ 1.089,38;220;869,33;Sim;Site;2023-11-18;2023-11-20;2023-11-22;2023-11-24;58;Entrega Expressa SC;Entregue;aguardando confirmacao de estoque
PA-2023-01018;11/15/2023 08:35 AM;11/15/2023 11:35 AM;Pata Amiga Floripa Norte;;Saco Grande;Racao;Credito;-;0;0;2,2;R$ 151,29;R$ 62,33;R$ 88,96;S;App Pata Amiga;2023-11-18;;;;;TransPet Log;Aguardando nota fiscal;conferir endereco com o cliente
PA-2023-01021;11/15/2023 11:45 AM;11/15/2023 12:20 PM;Pata Amiga Palhoça;;Ponte do Imaruim;Brinquedo;Vale Pet;2;0;0;1,9;97,51;R$ 1,37;R$ 96,14;true;TELEFONE;2023-11-18;2023-11-19;2023-11-23;2023-11-25;9;Rapido Catarinense;Entregue;
PA-2023-01008;11/15/2023 12:12 PM;11/15/2023 12:22 PM;PATA AMIGA PRESIDENTE GETULIO;;Centro;Ração;Vale Pet;3;0;2;10,9;R$ 348,44;32,40;316,04;true;Site;2023-11-19;2023-11-19;;;;Entrega Expressa SC;Aguardando despacho;
PA-2023-01005;11/15/2023 12:00 PM;11/15/2023 01:20 PM;pata amiga indaial;LJ-006;Warnow;Servico;PIX;3;0;0;6,5;289;R$ 21,12;268.13;sim;App Pata Amiga;2023-11-19;2023-11-20;;;;Entrega Expressa SC;Aguardando despacho;conferir endereco com o cliente
PA-2023-00994;11/15/2023 01:55 PM;11/15/2023 02:45 PM;Pata Amiga Rio Do Sul;LJ-002;Centro;Petisco;pix;8;0;0;21.8;299.48;143;155,73;S;SITE;2023-11-18;2023-11-20;2023-11-24;2023-11-26;30,85;Rapido Catarinense;Entregue;
PA-2023-01012;11/15/2023 03:00 PM;11/15/2023 03:10 PM;Pata Amiga Ituporanga;LJ-010;Centro;petisco;Cartão de Crédito;10;1;0;21.1;478,06;-;248,59;S;app;2023-11-19;2023-11-19;2023-12-05;2023-12-09;55;Correios;Entregue;
PA-2023-00991;11/15/2023 02:10 PM;11/15/2023 04:10 PM; Pata Amiga Rio do Sul;LJ-002;Sumare;Racao Seca;Pix;12;0;0;21,4;2136;R$ 1.025,51;R$ 1.110,96;sim;;2023-11-17;2023-11-18;2023-11-21;;;Correios;Despachado - em transito;embalagem para presente
PA-2023-00989;11/15/2023 04:15 PM;11/15/2023 04:35 PM;PATA AMIGA RIO DO SUL;LJ-002;Canta Galo;Medicamentos;vale pet;8;0;0;3.8;549.89;263,95;285,94;V;SITE;2023-11-21;2023-11-22;2023-11-26;;;Logistica Propria;Despachado - em transito;
PA-2023-01023;11/15/2023 04:12 PM;11/15/2023 05:02 PM;Pata Amiga Chapeco/SC;;Sao Cristovao;BRINQUEDO;Cartao de Debito;2;0;1;1.3;R$ 91,11;0;R$ 91,11;nao;site;2023-11-19;;;;;Rapido Catarinense;Aguardando nota fiscal;
PA-2023-00983;11/15/2023 03:20 PM;11/15/2023 05:20 PM;Pata Amiga Blumenau Centro;LJ-001;Salto do Norte;Higiene;Pix;4;;0;8.9;R$ 115,35;15.92;99.43;X;loja fisica;;;;;;;Retirada na loja;
PA-2023-00992;11/15/2023 12:30 PM;11/15/2023 05:30 PM;Pata Amiga Rio do Sul;LJ-002;;Ração Medicamentosa;Boleto;21;1;0;64.2;1.646,01;R$ 790,08;855;sim;Loja Física;;;;;;;Retirada na loja;conferir endereco com o cliente
PA-2023-00995;11/15/2023 06:00 PM;11/15/2023 06:10 PM;Pata Amiga Rio do sul;LJ-002;Barragem;racao;Dinheiro;13;0;0;15.6;2.584,41;1.240,52;R$ 1.343,89;X;LOJA FISICA;;;;;;;Retirada na loja;embalagem para presente
PA-2023-00981;11/15/2023 04:12 PM;11/15/2023 06:12 PM;PATA AMIGA BLUMENAU CENTRO;;Progresso;RAÇÃO;Pix;2;0;0;7,8;356;R$ 49,23;307,54;;WhatsApp;2023-11-17;2023-11-17;;;;Correios;Aguardando despacho;
PA-2023-00997;11/15/2023 03:50 PM;11/15/2023 06:50 PM;Pata Amiga Itajaí Praia;;Cabecudas;Petiscos;Especie;7;0;0;11.1;304,92;61;R$ 243,33;X;app;2023-11-18;2023-11-19;2023-11-22;2023-11-25;22,57;Logistica Propria;Entregue;
PA-2023-01019;11/15/2023 06:40 PM;11/15/2023 07:15 PM;pata amiga florianopolis norte;LJ-017;Ingleses;Rac.;CARTAO DE CREDITO;-;0;0;28,2;R$ 1.104,27;R$ 454,96;R$ 649,31;1;site;2023-11-17;2023-11-17;2023-11-21;2023-11-23;47,23;TransPet Log;Entregue;
PA-2023-01020;11/15/2023 07:12 PM;11/15/2023 07:22 PM;Pata Amiga Floripa Norte;LJ-017;Ingleses;racao;Cartao de Debito;10;;1;17.5;R$ 2.175,94;896.49;1.279,45;S;Loja Física;;;;;;;Retirada na loja;
PA-2023-00984;11/15/2023 09:25 AM;11/15/2023 07:25 PM;Pata Amiga Rio do Sul;LJ-002;Sumare;Medicamento;dinheiro;11;;0;45.1;R$ 1.441,56;;749.61;X;site;2023-11-17;2023-11-19;2023-11-23;2023-11-24;R$ 140,69;Logistica Propria;Entregue;
PA-2023-01003;11/15/2023 07:45 PM;11/15/2023 08:35 PM;Pata Amiga Brusque;LJ-004;Limeira;Ração Medicamentosa;Cartao de Debito;9;0;0;23,8;1157.78;R$ 233,87;923.91;V;;2023-11-19;2023-11-21;2023-11-23;2023-11-25;54,91;TransPet Log;Entregue;
PA-2023-00987;11/15/2023 09:15 PM;11/15/2023 09:35 PM;PATA AMIGA RIO DO SUL;LJ-002;Barragem;Hig.;vale pet;8;0;0;28.1;R$ 404,79;194.30;R$ 210,49;true;Loja Fisica;;;;;;;Retirada na loja;produto fora de linha - substituido
PA-2023-00993;11/15/2023 08:50 PM;11/15/2023 10:10 PM;PATA AMIGA RIO DO SUL;LJ-002;Barragem;Ração Medicamentosa;BOLETO;13;1;;50,4;-;R$ 533,03;577,45;S;SITE;2023-11-18;;;;;TransPet Log;Aguardando nota fiscal;
PA-2023-01015;11/15/2023 10:15 PM;11/15/2023 10:25 PM;PATA AMIGA FLORIANOPOLIS NORTE;LJ-017;Saco Grande;Medicamentos;vale pet;7;0;2;2.9;960;395,63;564,63;V;whatsapp;2023-11-18;;;;;Logistica Propria;Aguardando nota fiscal;
PA-2023-00990;11/15/2023 10:35 PM;11/15/2023 11:10 PM;Pata Amiga Rio do Sul;;Sumare;racao;Dinheiro;12;1;0;6.6;R$ 1.796,07;R$ 862,11;R$ 933,96;Sim;App;2023-11-16;2023-11-17;2023-11-18;2023-11-20;R$ 15,72;Correios;Entregue;
PA-2023-01010;11/15/2023 11:23 PM;11/16/2023 12:13 AM;PATA AMIGA ITUPORANGA;LJ-010;Vila Nova;Racao;DINHEIRO;;1;0;38.9;2.658,62;1276.14;1382;S;TELEFONE;2023-11-18;;;;;Logistica Propria;Aguardando nota fiscal;conferir endereco com o cliente
PA-2023-01013;11/15/2023 10:38 PM;11/16/2023 12:38 AM;Pata Amiga Jaraguá do Sul;LJ-014;Jaragua Esquerdo;brinquedo;Boleto;4;0;0;3.8;R$ 186,39;R$ 10,44;175,95;SIM;Loja Física;;;;;;;Retirada na loja;
PA-2023-00999;11/15/2023 11:52 PM;11/16/2023 01:12 AM;PATA AMIGA ITAJAI PRAIA;;Cordeiros;racao;Boleto;5;;0;17,0;808,06;163.23;644,83;Sim;whatsapp;2023-11-19;2023-11-20;2023-11-23;2023-11-25;R$ 47,33;Correios;Entregue;
PA-2023-01058;11/16/2023 12:50 AM;11/16/2023 01:25 AM;Pata Amiga Concórdia;;Petropolis;Ração;PIX;8;0;0;24.2;;287;1.095,15;sim;Loja Física;;;;;;;Retirada na loja;pedido recorrente
PA-2023-01004;11/15/2023 03:45 PM;11/16/2023 01:45 AM;pata amiga brusque;LJ-004;Limeira;Petiscos;VALE PET;1;0;0;0.8;51;R$ 10,32;40;SIM;App Pata Amiga;2023-11-18;2023-11-19;2023-11-22;2023-11-24;5;Rapido Catarinense;Entregue;pedido recorrente
PA-2023-01029;11/16/2023 12:30 AM;11/16/2023 01:50 AM;Pata Amiga Rio do sul;;Budag;racao;Cartão de Crédito;13;2;0;36,4;R$ 1.784,77;856.69;R$ 928,08;V;Loja Fisica;;;;;;;Retirada na loja;conferir endereco com o cliente
PA-2023-01057;11/16/2023 01:10 AM;11/16/2023 03:10 AM;Pata Amiga Concordia;LJ-030;Nacoes;Med.;Credito;6;0;0;5,6;491,79;R$ 102,29;R$ 389,50;S;app;;;;;;;Pedido cancelado;cliente pediu entrega no periodo da tarde
PA-2023-01045;11/16/2023 02:23 AM;11/16/2023 03:13 AM;PATA AMIGA SAO BENTO DO SUL;LJ-015;Centro;Racao;vale pet;9;0;0;24.5;1301.68;R$ 330,63;971.05;sim;Loja Fisica;;;;;;;Retirada na loja;conferir endereco com o cliente
PA-2023-01027;11/16/2023 04:20 AM;11/16/2023 04:30 AM;Pata Amiga Rio do Sul;LJ-002;Canta Galo;petisco;PIX;12;0;N/I;33.1;330,70;R$ 158,74;171,96;sim;App Pata Amiga;2023-11-18;2023-11-19;2023-11-22;2023-11-24;105;Rapido Catarinense;Entregue;embalagem para presente
PA-2023-01034;11/16/2023 04:25 AM;11/16/2023 04:35 AM;PATA AMIGA TIMBO;LJ-005;Araponguinhas;Ração;CARTAO DE DEBITO;3;0;0;11,3;348;64,09;284.22;S;LOJA FISICA;;;;;;;Retirada na loja;
PA-2023-01051;11/16/2023 04:55 AM;11/16/2023 05:05 AM;Pata Amiga Ararangua;LJ-023;;ACESSORIO;pix;2;;0;7.8;R$ 98,24;3,54;R$ 94,70;;App Pata Amiga;2023-11-19;2023-11-21;2023-11-23;2023-11-25;15,95;Entrega Expressa SC;Entregue;aguardando confirmacao de estoque
PA-2023-01060;11/16/2023 06:12 AM;11/16/2023 06:32 AM;Pata Amiga Xanxere;;Centro;Petisco;Boleto;;0;0;16.6;152,27;31,67;120,60;true;App;2023-11-20;2023-11-21;2023-11-27;2023-11-29;R$ 36,18;Rapido Catarinense;Entregue;
PA-2023-00982;11/15/2023 09:15 PM;11/16/2023 07:15 AM;Pata Amiga Blumenau Centro;;Fortaleza;petisco;vale pet;3;0;0;8.8;148,26;R$ 20,46;127,80;sim;LOJA FISICA;;;;;;;Retirada na loja;embalagem para presente
PA-2023-01000;11/15/2023 10:35 PM;11/16/2023 08:35 AM;Pata Amiga Itajaí Praia;;Cordeiros;Ração;Vale Pet;6;0;0;5,1;-;169,54;669,76;X;LOJA FISICA;;;;;;;Retirada na loja;
PA-2023-01030;11/16/2023 06:30 AM;11/16/2023 09:30 AM;Pata Amiga Rio do Sul;;Laranjeiras;petisco;dinheiro;-;0;0;30.8;370,96;178.06;192,90;1;Whatsapp;2023-11-21;2023-11-22;2023-11-24;2023-11-26;R$ 47,74;Entrega Expressa SC;Entregue;
PA-2023-01055;11/16/2023 09:10 AM;11/16/2023 09:45 AM;Pata Amiga Chapeco;;Efapi;Petiscos;vale pet;7;0;0;7,2;337,96;70;R$ 267,66;true;APP;2023-11-20;2023-11-22;;;;TransPet Log;Aguardando despacho;
PA-2023-01025;11/16/2023 09:35 AM;11/16/2023 09:55 AM; Pata Amiga Blumenau Centro;;Salto do Norte;Servico;Dinheiro;7;0;1;15.3;537,94;R$ 101,67;436,27;Sim;TELEFONE;2023-11-19;2023-11-20;;;;Rapido Catarinense;Aguardando despacho;
PA-2023-01054;11/16/2023 10:45 AM;11/16/2023 10:55 AM;Pata Amiga Chapeco;;Passo dos Fortes;MEDICAMENTO;CARTAO DE DEBITO;2;0;1;8,4;;43.85;R$ 166,96;SIM;Site;2023-11-19;;;;;Entrega Expressa SC;Aguardando nota fiscal;embalagem para presente
PA-2023-01028;11/16/2023 10:55 AM;11/16/2023 12:15 PM;Pata Amiga Rio do sul;;Canta Galo;Petisco;Pix;13;0;N/I;38.0;673.85;323,45;R$ 350,40;sim;loja fisica;;;;;;;Retirada na loja;
PA-2023-01037;11/16/2023 12:35 PM;11/16/2023 12:45 PM;PATA AMIGA PRESIDENTE GETULIO;;Alto Dona Luiza;RACAO;BOLETO;10;1;1;21.7;1537;242.96;1294.78;;Site;;;;;;;Pedido cancelado;produto fora de linha - substituido
PA-2023-01062;11/16/2023 12:52 PM;11/16/2023 01:02 PM;PATA AMIGA SAO MIGUEL DO OESTE;;;Ração;pix;5;0;1;18.8;682.05;141,87;540,18;sim;APP;2023-11-19;;;;;Logistica Propria;Aguardando nota fiscal;produto fora de linha - substituido
PA-2023-01035;11/16/2023 03:10 AM;11/16/2023 01:10 PM;PATA AMIGA INDAIAL;LJ-006;Nacoes;petisco;VALE PET;11;1;0;9,8;576.69;R$ 106,11;470.58;Sim;App;2023-11-18;2023-11-18;2023-11-22;2023-11-23;29;Logistica Propria;Entregue;produto fora de linha - substituido
PA-2023-01053;11/16/2023 01:05 PM;11/16/2023 01:15 PM;Pata Amiga Chapeco/SC;;Passo dos Fortes;Ração;vale pet;4;0;0;10.1;R$ 762,36;158.57;603,79;1;SITE;2023-11-19;2023-11-20;2023-11-22;2023-11-24;R$ 31,66;Logistica Propria;Entregue;
PA-2023-01033;11/16/2023 01:40 PM;11/16/2023 01:50 PM;PATA AMIGA BRUSQUE;LJ-004;Dom Joaquim;Serviço;vale pet;5;0;1;14,6;367,09;R$ 51,76;R$ 315,33;X;Loja Física;;;;;;;Retirada na loja;
PA-2023-01049;11/16/2023 12:52 PM;11/16/2023 02:12 PM;Pata Amiga Santo Amaro da Imperatriz;LJ-020;;Racao Seca;Boleto;2;0;0;7,1;395;39,98;R$ 355,89;sim;site;;;;;;;Pedido cancelado;produto fora de linha - substituido
PA-2023-01040;11/16/2023 11:30 AM;11/16/2023 02:30 PM;PATA AMIGA IBIRAMA;;Nossa Senhora de Fatima;ACESSORIO;VALE PET;8;0;0;12.1;R$ 526,29;83;R$ 443,14;true;Loja Fisica;;;;;;;Retirada na loja;cliente pediu entrega no periodo da tarde
PA-2023-01026;11/16/2023 03:30 PM;11/16/2023 04:20 PM;Pata Amiga Rio do Sul;LJ-002;Centro;PETISCO;PIX;10;0;0;11.4;R$ 411,48;197.51;213,97;true;SITE;2023-11-18;;;;;Entrega Expressa SC;Aguardando nota fiscal;produto fora de linha - substituido
PA-2023-01044;11/16/2023 02:38 PM;11/16/2023 04:38 PM;Pata Amiga São Bento do Sul;;Centro;Hig.;PIX;6;0;0;11,9;229,69;58,34;171;1;telefone;2023-11-18;2023-11-18;2023-11-21;2023-11-24;40,20;Rapido Catarinense;Entregue;aguardando confirmacao de estoque
PA-2023-01056;11/16/2023 11:38 AM;11/16/2023 04:38 PM;Pata Amiga Chapeco;LJ-029;Sao Cristovao;RACAO;Especie;6;0;0;11.3;R$ 1.369,49;284.85;1.084,64;V;app;2023-11-18;2023-11-19;2023-11-23;2023-11-26;36.30;Entrega Expressa SC;Entregue;
PA-2023-01047;11/16/2023 02:30 PM;11/16/2023 05:30 PM;Pata Amiga Florianopolis Norte/SC;;Costeira;Medicamentos;boleto;3;0;0;2,7;R$ 433,56;23.85;409;S;App Pata Amiga;2023-11-18;2023-11-19;2023-11-22;2023-11-24;12.25;Entrega Expressa SC;Entregue;
PA-2023-01050;11/16/2023 05:40 PM;11/16/2023 05:50 PM;pata amiga criciuma;LJ-021;Prospera;Brinquedos;boleto;5;0;0;6.0;298,05;29;268,84;sim;app;2023-11-20;2023-11-22;2023-11-26;2023-11-28;17,69;Correios;Entregue;cliente pediu entrega no periodo da tarde
PA-2023-01043;11/16/2023 06:38 PM;11/16/2023 07:28 PM;PATA AMIGA JARAGUA DO SUL;;Ilha da Figueira;Petiscos;Debito;8;1;0;27.8;326.33;55,80;R$ 270,53;sim;Telefone;2023-11-18;2023-11-19;2023-11-20;2023-11-22;61,71;Rapido Catarinense;Entregue;
PA-2023-01052;11/16/2023 07:23 PM;11/16/2023 07:33 PM;PATA AMIGA CHAPECO;LJ-029;Centro;Medicamento;dinheiro;7;0;2;11.9;647,70;-;512,98;V;LOJA FISICA;;;;;;;Retirada na loja;
PA-2023-01031;11/16/2023 05:20 PM;11/16/2023 08:20 PM;pata amiga itajai praia;LJ-003;Itaipava;HIGIENE;dinheiro;2;0;0;1,6;104;14,78;90.06;sim;telefone;2023-11-17;2023-11-19;2023-11-23;2023-11-25;10.24;TransPet Log;Entregue;conferir endereco com o cliente
PA-2023-01061;11/16/2023 08:00 PM;11/16/2023 08:20 PM;PATA AMIGA XANXERE;;Bela Vista;RAÇÃO;DINHEIRO;10;0;0;32,5;1947.87;405.16;R$ 1.542,71;SIM;App Pata Amiga;2023-11-17;2023-11-18;2023-11-22;2023-11-24;100.21;Correios;Entregue;embalagem para presente
PA-2023-01036;11/16/2023 06:50 PM;11/16/2023 09:50 PM; Pata Amiga Gaspar;;Poco Grande;Petiscos;PIX;7;0;0;11,0;R$ 231,99;43,85;188;sim;loja fisica;;;;;;;Retirada na loja;
PA-2023-01042;11/16/2023 08:07 PM;11/16/2023 11:07 PM;Pata Amiga Jaragua Do Sul;LJ-014;Centro;Ração;CARTAO DE DEBITO;1;0;0;3.2;207,96;35.56;R$ 172,40;true;App Pata Amiga;2023-11-17;2023-11-17;2023-11-19;2023-11-21;9,74;TransPet Log;Entregue;
PA-2023-01041;11/16/2023 10:35 PM;11/16/2023 11:10 PM;pata amiga joinville sul;;Boa Vista;Medicamento;PIX;10;1;0;41.9;1.381,76;350,97;R$ 1.030,79;sim;WhatsApp;2023-11-19;2023-11-21;2023-11-25;2023-11-28;60;TransPet Log;Entregue;produto fora de linha - substituido
PA-2023-01048;11/16/2023 10:35 PM;11/16/2023 11:10 PM;Pata Amiga São José Kobrasol;;Real Parque;RAÇÃO;Credito;4;0;0;2,2;R$ 514,54;31,90;482;S;WHATSAPP;2023-11-19;2023-11-19;2023-11-24;2023-11-27;8,10;Entrega Expressa SC;Entregue;
PA-2023-01024;11/16/2023 10:23 PM;11/16/2023 11:13 PM;Pata Amiga Blumenau Centro;LJ-001;Itoupava Norte;PETISCO;Pix;9;N/I;0;19,3;R$ 343,98;;278,97;Sim;app;2023-11-19;2023-11-20;2023-11-24;2023-11-26;R$ 34,88;Correios;Entregue;
PA-2023-01039;11/16/2023 07:38 PM;11/17/2023 12:38 AM;PATA AMIGA ITUPORANGA;LJ-010;Vila Nova;Racao;CARTAO DE DEBITO;6;0;0;5,7;598,01;149.50;448,51;sim;Site;2023-11-21;2023-11-23;2023-12-01;2023-12-06;20.69;Entrega Expressa SC;Entregue;
PA-2023-01071;11/17/2023 12:35 AM;11/17/2023 12:45 AM; Pata Amiga Blumenau Centro;;Salto do Norte;Ração;Especie;11;0;0;26.6;R$ 1.458,33;700,00;R$ 758,33;sim;App;2023-11-22;2023-11-23;2023-11-27;2023-11-29;73,49;Entrega Expressa SC;Entregue;cliente pediu entrega no periodo da tarde
PA-2023-01121;11/17/2023 12:47 AM;11/17/2023 01:07 AM;pata amiga palhoca;;Pagani;Racao;pix;7;1;1;24.9;1.300,25;624,12;676,13;Sim;App Pata Amiga;2023-11-19;2023-11-21;2023-11-22;2023-11-24;R$ 48,80;Rapido Catarinense;Entregue;
PA-2023-01067;11/17/2023 12:12 AM;11/17/2023 01:32 AM;PATA AMIGA BLUMENAU CENTRO;LJ-001;;racao;BOLETO;13;1;0;52,7;R$ 2.675,93;1.284,45;R$ 1.391,48;Sim;app;2023-11-20;2023-11-21;2023-11-24;;;Rapido Catarinense;Despachado - em transito;conferir endereco com o cliente
PA-2023-01125;11/17/2023 02:12 AM;11/17/2023 03:02 AM;Pata Amiga Araranguá;LJ-023;Centro;Acessorios;Cartão de Débito;2;0;0;4.2;226,23;0,00;226,23;N;Tel.;;;;;;;Pedido cancelado;conferir endereco com o cliente
PA-2023-01079;11/17/2023 01:10 AM;11/17/2023 03:10 AM;Pata Amiga Rio do Sul;;Sumare;Medicamento;vale pet;11;1;0;12.4;926,75;444,84;R$ 481,91;S;site;2023-11-20;2023-11-20;2023-11-26;2023-11-28;40,44;Rapido Catarinense;Entregue;
PA-2023-01088;11/17/2023 01:23 AM;11/17/2023 03:23 AM;Pata Amiga Rio do Sul;;Barragem;Petiscos;CARTAO DE CREDITO;15;0;0;21.1;328.64;157,75;170,89;S;app;2023-11-19;2023-11-21;2023-11-24;2023-11-27;33.25;Entrega Expressa SC;Entregue;aguardando confirmacao de estoque
PA-2023-01064;11/17/2023 02:25 AM;11/17/2023 03:45 AM;PATA AMIGA BLUMENAU CENTRO;LJ-001;Garcia;Petisco;CARTAO DE DEBITO;14;0;0;51,8;483;R$ 232,22;R$ 251,58;1;app;2023-11-18;2023-11-18;2023-11-20;2023-11-23;131;Entrega Expressa SC;Entregue;
PA-2023-01038;11/16/2023 05:52 PM;11/17/2023 03:52 AM;Pata Amiga Ituporanga;LJ-010;Vila Nova;RACAO;CARTAO DE DEBITO;4;0;0;6,2;-;112;338,27;V;Loja Fisica;;;;;;;Retirada na loja;cliente pediu entrega no periodo da tarde
PA-2023-01111;11/17/2023 03:10 AM;11/17/2023 04:30 AM;Pata Amiga Jaraguá do Sul;;Jaragua Esquerdo;RAÇÃO;CARTAO DE DEBITO;9;0;0;9,4;1858;892,04;966,38;V;APP;2023-11-19;2023-11-21;2023-11-24;2023-11-25;26.73;Correios;Entregue;
PA-2023-01083;11/17/2023 04:23 AM;11/17/2023 04:33 AM;Pata Amiga Rio do Sul;LJ-002;Barragem;Racao Seca;boleto;4;0;0;8.7;761.45;365,50;395.95;sim;App;2023-11-21;2023-11-22;2023-11-27;2023-11-29;14,64;Logistica Propria;Entregue;
PA-2023-01100;11/17/2023 03:45 AM;11/17/2023 04:35 AM;pata amiga joinville sul;LJ-013;Boa Vista;RACAO;pix;9;0;;16.0;902;208,59;694,38;S;site;2023-11-19;2023-11-20;2023-11-21;;;Logistica Propria;Despachado - em transito;produto fora de linha - substituido
PA-2023-01109;11/17/2023 04:20 AM;11/17/2023 04:40 AM;Pata Amiga Jgua do Sul;;Ilha da Figueira;Petiscos;vale pet;7;0;0;14.8;178,72;85.79;92.93;S;SITE;2023-11-20;2023-11-21;2023-11-25;2023-11-27;39,09;Rapido Catarinense;Entregue;pedido recorrente
PA-2023-01059;11/16/2023 11:47 PM;11/17/2023 04:47 AM;PATA AMIGA CONCORDIA;;Petropolis;HIGIENE;Vale Pet;3;0;0;11.2;103,52;21,53;R$ 81,99;true;Loja Fisica;;;;;;;Retirada na loja;pedido recorrente
PA-2023-01069;11/17/2023 12:00 AM;11/17/2023 05:00 AM;Pata Amiga Blumenau Centro;;Progresso;Medicamento;Cartao de Credito;13;0;1;9,3;1.097,28;526,69;R$ 570,59;X;SITE;2023-11-18;2023-11-19;2023-11-20;2023-11-22;23.75;Rapido Catarinense;Entregue;
PA-2023-01096;11/17/2023 05:07 AM;11/17/2023 05:17 AM;Pata Amiga Ibirama;;Nossa Senhora de Fatima;racao;Cartão de Débito;7;0;N/I;14,1;893.80;159,99;733,81;SIM;site;2023-11-22;2023-11-24;2023-12-03;2023-12-07;R$ 38,58;Correios;Entregue;
PA-2023-01046;11/16/2023 08:38 PM;11/17/2023 06:38 AM;pata amiga itapoa;;Balneario Itapoa;Racao;BOLETO;6;1;0;23.3;1.220,72;310,06;;SIM;App;2023-11-20;2023-11-22;2023-11-28;2023-12-01;R$ 76,46;Correios;Entregue;
PA-2023-01122;11/17/2023 02:15 AM;11/17/2023 07:15 AM;Pata Amiga Palhoca;;Ponte do Imaruim;RAÇÃO;pix;8;1;0;6,0;1544;741,53;R$ 803,32;S;App Pata Amiga;2023-11-20;2023-11-21;2023-11-24;2023-11-27;19.75;Correios;Entregue;pedido recorrente
PA-2023-01076;11/17/2023 05:10 AM;11/17/2023 08:10 AM;Pata Amiga Blumenau Centro;LJ-001;Itoupava Norte;Racao;BOLETO;;;0;36.1;1.554,50;746,16;808;S;APP;2023-11-20;2023-11-21;2023-11-25;2023-11-27;125,77;Entrega Expressa SC;Entregue;aguardando confirmacao de estoque
PA-2023-01090;11/17/2023 08:20 AM;11/17/2023 08:55 AM;Pata Amiga Rio do Sul;;Canta Galo;Racao;Boleto;10;;0;26,2;1192;572;620,09;X;site;2023-11-20;2023-11-21;;;;Rapido Catarinense;Aguardando despacho;
PA-2023-01032;11/16/2023 11:05 PM;11/17/2023 09:05 AM;PATA AMIGA BRUSQUE;;Limeira;servico;Especie;2;0;0;7.5;R$ 223,15;31,46;;S;App Pata Amiga;2023-11-21;;;;;Logistica Propria;Aguardando nota fiscal;cliente pediu entrega no periodo da tarde
PA-2023-01107;11/17/2023 09:00 AM;11/17/2023 09:10 AM;Pata Amiga Jaragua Do Sul;;Barra do Rio Cerro;Hig.;Debito;10;0;0;36,8;R$ 537,12;257;R$ 279,30;1;Whatsapp;2023-11-20;2023-11-22;2023-11-25;2023-11-26;R$ 72,84;Rapido Catarinense;Entregue;produto fora de linha - substituido
PA-2023-01084;11/17/2023 04:25 AM;11/17/2023 09:25 AM;Pata Amiga Rio do Sul;;Barragem;Ração;Cartao de Debito;12;0;0;5,2;1.208,95;R$ 580,30;628,65;SIM;Site;2023-11-18;2023-11-19;2023-11-22;2023-11-24;21,15;Logistica Propria;Entregue;
PA-2023-01087;11/17/2023 12:00 AM;11/17/2023 10:00 AM;Pata Amiga Rio do sul;;Laranjeiras;Med.;CARTAO DE DEBITO;17;0;0;21,2;2359;1132.36;1.226,73;X;loja fisica;;;;;;;Retirada na loja;
PA-2023-01117;11/17/2023 05:12 AM;11/17/2023 10:12 AM;Pata Amiga São Jose Kobrasol;LJ-018;Forquilhinhas;HIGIENE;BOLETO;11;1;0;28.8;694.72;333,47;R$ 361,25;SIM;app;2023-11-21;2023-11-22;2023-11-24;2023-11-25;R$ 40,51;Rapido Catarinense;Entregue;
PA-2023-01126;11/17/2023 12:52 AM;11/17/2023 10:52 AM;Pata Amiga Chapeco;LJ-029;Centro;SERVICO;Boleto;3;0;2;1,8;R$ 456,70;R$ 6,39;R$ 450,31;Sim;whatsapp;2023-11-19;2023-11-21;2023-11-24;2023-11-25;9;TransPet Log;Entregue;
PA-2023-01098;11/17/2023 11:30 AM;11/17/2023 11:40 AM;PATA AMIGA JOINVILLE SUL;;Jarivatuba;Higiene e Beleza;Cartao de Credito;6;0;0;12.9;351,90;81;270,61;Sim;app;2023-11-21;2023-11-22;2023-11-27;2023-11-29;34,68;Entrega Expressa SC;Entregue;pedido recorrente
PA-2023-01120;11/17/2023 11:40 AM;11/17/2023 11:50 AM;pata amiga palhoca;LJ-019;Pagani;Ração;BOLETO;13;;0;46,6;2.424,53;1.163,77;1.260,76;X;SITE;2023-11-20;2023-11-21;2023-11-25;2023-11-26;128;Correios;Entregue;produto fora de linha - substituido
PA-2023-01086;11/17/2023 11:35 AM;11/17/2023 12:10 PM;Pata Amiga Rio do sul;LJ-002;Laranjeiras;Ração;DINHEIRO;8;0;;33.2;R$ 1.087,49;522,00;565,49;true;site;2023-11-18;2023-11-19;2023-11-22;2023-11-24;-;Correios;Entregue;embalagem para presente
PA-2023-01073;11/17/2023 11:00 AM;11/17/2023 12:20 PM; Pata Amiga Blumenau Centro;;Salto do Norte;Racao Medicamentosa;BOLETO;13;1;0;7.0;1.876,98;R$ 900,95;R$ 976,03;Sim;Site;2023-11-21;2023-11-21;2023-11-25;2023-11-27;18,32;Correios;Entregue;cliente pediu entrega no periodo da tarde
PA-2023-01099;11/17/2023 12:52 PM;11/17/2023 01:02 PM;Pata Amiga Joinville Sul/SC;LJ-013;Aventureiro;petisco;Pix;6;0;0;7.0;R$ 187,93;43,41;144;S;site;2023-11-19;2023-11-19;2023-11-23;2023-11-25;20.69;Entrega Expressa SC;Entregue;embalagem para presente
PA-2023-01105;11/17/2023 10:20 AM;11/17/2023 01:20 PM;Pata Amiga Jaragua do Sul;LJ-014;Centro;Ração Medicamentosa;Debito;15;0;0;61.7;1.069,67;513,44;556,23;V;;;;;;;;Retirada na loja;produto fora de linha - substituido
PA-2023-01089;11/17/2023 12:47 PM;11/17/2023 01:22 PM;PATA AMIGA RIO DO SUL;;Canta Galo;Racao;DINHEIRO;4;0;0;6,1;619,49;R$ 297,36;R$ 322,13;V;SITE;2023-11-20;2023-11-21;2023-11-25;2023-11-27;21.23;Entrega Expressa SC;Entregue;
PA-2023-01075;11/17/2023 12:25 PM;11/17/2023 01:45 PM;Pata Amiga Blumenau Centro;LJ-001;Itoupava Norte;Racao Medicamentosa;Especie;13;0;0;45,1;R$ 1.276,34;612.64;R$ 663,70;Sim;Site;2023-11-20;2023-11-21;;;;Entrega Expressa SC;Aguardando despacho;conferir endereco com o cliente
PA-2023-01082;11/17/2023 11:47 AM;11/17/2023 01:47 PM; Pata Amiga Rio do Sul;LJ-002;Laranjeiras;racao;Credito;15;0;0;9.8;1.441,17;691;749;S;site;2023-11-20;2023-11-22;2023-11-25;2023-11-28;33,37;Entrega Expressa SC;Entregue;
PA-2023-01104;11/17/2023 03:50 AM;11/17/2023 01:50 PM;Pata Amiga Joinville Sul/SC;LJ-013;Boa Vista;RAÇÃO;Vale Pet;9;1;0;26.6;939;217;R$ 722,55;1;APP;2023-11-22;2023-11-24;2023-11-28;2023-12-01;R$ 41,91;Correios;Entregue;
PA-2023-01095;11/17/2023 09:15 AM;11/17/2023 02:15 PM;pata amiga ituporanga;;;RAÇÃO;CARTAO DE CREDITO;24;1;0;24,6;3.972,18;1906.65;R$ 2.065,53;1;Site;2023-11-22;2023-11-23;2023-12-06;2023-12-09;75,56;Rapido Catarinense;Entregue;
PA-2023-01066;11/17/2023 02:05 PM;11/17/2023 02:40 PM; Pata Amiga Blumenau Centro;LJ-001;Velha;Rac.;DINHEIRO;12;1;0;14,5;1416.67;680,00;736,67;V;app;;;;;;;Pedido cancelado;aguardando confirmacao de estoque
PA-2023-01115;11/17/2023 01:55 PM;11/17/2023 02:45 PM;Pata Amiga São José Kobrasol;LJ-018;Forquilhinhas;MEDICAMENTO;VALE PET;7;1;0;5,5;713,99;342,72;371.27;true;app;2023-11-19;2023-11-19;2023-11-21;2023-11-23;18.63;Correios;Entregue;conferir endereco com o cliente
PA-2023-01072;11/17/2023 02:47 PM;11/17/2023 03:22 PM; Pata Amiga Blumenau Centro;LJ-001;Fortaleza;Racao Seca;PIX;19;;1;53.1;4.337,64;2.082,07;2.255,57;SIM;SITE;2023-11-19;2023-11-20;2023-11-23;2023-11-25;128,47;TransPet Log;Entregue;embalagem para presente
PA-2023-01080;11/17/2023 02:52 PM;11/17/2023 03:27 PM;Pata Amiga Rio do sul;LJ-002;;Rac.;Cartao de Credito;5;0;0;18,5;820;393,66;426,47;V;Loja Fisica;;;;;;;Retirada na loja;
PA-2023-01110;11/17/2023 02:40 PM;11/17/2023 03:30 PM;Pata Amiga Jgua do Sul;LJ-014;Centro;Medicamentos;Cartao de Debito;14;1;0;34.0;2.017,96;R$ 968,62;1.049,34;X;App Pata Amiga;2023-11-21;2023-11-23;2023-11-26;;;Correios;Despachado - em transito;
PA-2023-01078;11/17/2023 12:47 PM;11/17/2023 03:47 PM;pata amiga blumenau centro;LJ-001;Velha;Hig.;CARTAO DE DEBITO;;0;0;8,7;404.36;194,09;210,27;Sim;Site;2023-11-20;2023-11-22;2023-11-25;2023-11-26;R$ 24,38;Rapido Catarinense;Entregue;aguardando confirmacao de estoque
PA-2023-01116;11/17/2023 02:30 PM;11/17/2023 03:50 PM;Pata Amiga São José Kobrasol;;Real Parque;Petiscos;boleto;15;2;1;6.5;567,49;R$ 272,40;295.09;Sim;;;;;;;;Pedido cancelado;
PA-2023-01119;11/17/2023 03:05 PM;11/17/2023 03:55 PM;PATA AMIGA SAO JOSE KOBRASOL;LJ-018;Forquilhinhas;racao;Cartão de Crédito;13;2;0;41.4;2.869,91;1377.56;1.492,35;Sim;APP;2023-11-19;2023-11-19;2023-11-23;2023-11-26;102,22;TransPet Log;Entregue;conferir endereco com o cliente
PA-2023-01123;11/17/2023 02:25 PM;11/17/2023 04:25 PM;Pata Amiga Palhoça;LJ-019;Ponte do Imaruim;RAÇÃO;Dinheiro;10;;0;6,3;2095.23;1005;R$ 1.089,52;1;;;;;;;;Retirada na loja;embalagem para presente
PA-2023-01113;11/17/2023 03:12 PM;11/17/2023 04:32 PM;PATA AMIGA SAO BENTO DO SUL;LJ-015;Serra Alta;Racao Medicamentosa;VALE PET;4;0;0;4.0;432.94;100.01;332.93;1;WhatsApp;2023-11-20;2023-11-20;2023-11-23;2023-11-25;R$ 10,40;Logistica Propria;Entregue;
PA-2023-01114;11/17/2023 04:05 PM;11/17/2023 04:40 PM;Pata Amiga Itapoá;;Figueira do Pontal;Medicamentos;Vale Pet;8;0;0;14,8;490,70;113.35;R$ 377,35;V;LOJA FISICA;;;;;;;Retirada na loja;
PA-2023-01063;11/17/2023 04:30 PM;11/17/2023 05:20 PM;PATA AMIGA BLUMENAU CENTRO;;Vorstadt;Ração;Cartao de Credito;10;0;2;9,6;1927.03;R$ 924,97;1.002,06;X;APP;2023-11-18;2023-11-20;2023-11-21;2023-11-23;23,48;Entrega Expressa SC;Entregue;
PA-2023-01065;11/17/2023 04:55 PM;11/17/2023 05:45 PM;PATA AMIGA BLUMENAU CENTRO;;Vorstadt;Medicamentos;CARTAO DE CREDITO;17;2;0;52.2;1168;R$ 560,65;607.38;V;LOJA FISICA;;;;;;;Retirada na loja;
PA-2023-01093;11/17/2023 12:55 PM;11/17/2023 05:55 PM;PATA AMIGA INDAIAL;;Warnow;medicamento;Cartão de Débito;;0;0;18.6;367.83;;281,76;Sim;site;2023-11-20;2023-11-21;2023-11-25;2023-11-27;38.16;Correios;Entregue;
PA-2023-01085;11/17/2023 01:40 PM;11/17/2023 06:40 PM;Pata Amiga Rio do Sul;LJ-002;Budag;Racao Seca;boleto;12;0;0;49.1;1312.54;630,02;R$ 682,52;;Telefone;2023-11-19;2023-11-20;;;;Correios;Aguardando despacho;conferir endereco com o cliente
PA-2023-01094;11/17/2023 06:25 PM;11/17/2023 06:45 PM;PATA AMIGA PRESIDENTE GETULIO;LJ-008;Alto Dona Luiza;Acessório;Debito;7;1;;7,6;788;141,05;646,95;1;app;2023-11-20;2023-11-21;;;;Correios;Aguardando despacho;
PA-2023-01097;11/17/2023 06:55 PM;11/17/2023 07:05 PM;Pata Amiga Rio dos Cedros;LJ-012;Centro;Higiene e Beleza;Debito;11;1;1;23.4;684.07;160.07;R$ 524,00;V;Site;2023-11-21;2023-11-21;;;;Correios;Aguardando despacho;
PA-2023-01092;11/17/2023 07:47 PM;11/17/2023 07:57 PM;Pata Amiga Indaial;;Encano;RACAO;Cartão de Crédito;10;0;0;39.3;1.792,49;419,44;R$ 1.373,05;Sim;Telefone;2023-11-19;2023-11-21;2023-11-22;2023-11-24;54.19;Logistica Propria;Entregue;
PA-2023-01108;11/17/2023 07:07 PM;11/17/2023 07:57 PM;PATA AMIGA JARAGUA DO SUL;LJ-014;Ilha da Figueira;PETISCO;CARTAO DE DEBITO;4;0;0;15,8;208,71;100,18;108,53;1;TELEFONE;2023-11-18;2023-11-19;2023-11-24;2023-11-26;28,29;Logistica Propria;Entregue;pedido recorrente
PA-2023-01074;11/17/2023 08:00 PM;11/17/2023 08:10 PM;pata amiga blumenau centro;LJ-001;Vorstadt;RACAO;Cartão de Débito;10;0;0;12.2;1.752,82;841.35;911.47;Sim;Telefone;2023-11-19;2023-11-20;2023-11-23;2023-11-24;R$ 21,36;Rapido Catarinense;Entregue;cliente pediu entrega no periodo da tarde
PA-2023-01077;11/17/2023 07:38 PM;11/17/2023 08:13 PM;Pata Amiga Blumenau Centro;LJ-001;Velha;racao;Cartão de Débito;15;0;2;43.8;1838.75;882,60;956.15;S;Site;;;;;;;Pedido cancelado;embalagem para presente
PA-2023-01091;11/17/2023 10:35 AM;11/17/2023 08:35 PM;pata amiga indaial;;Warnow;PETISCO;Vale Pet;4;N/I;0;6.7;130,68;30.58;-;S;WHATSAPP;2023-11-20;2023-11-20;2023-11-23;2023-11-26;R$ 24,10;Logistica Propria;Entregue;
PA-2023-01112;11/17/2023 08:38 PM;11/17/2023 08:58 PM;PATA AMIGA SAO BENTO DO SUL;LJ-015;Serra Alta;Medicamento;PIX;7;0;0;23,2;1.017,65;235,08;R$ 782,57;1;App;2023-11-20;2023-11-20;2023-11-26;2023-11-27;R$ 43,88;Correios;Entregue;
PA-2023-01102;11/17/2023 08:35 PM;11/17/2023 09:25 PM;Pata Amiga Joinville Sul/SC;LJ-013;Boa Vista;Ração Medicamentosa;PIX;4;0;0;14,2;R$ 240,19;R$ 55,48;;S;App Pata Amiga;2023-11-19;2023-11-21;2023-11-25;2023-11-28;30.02;Correios;Entregue;cliente pediu entrega no periodo da tarde
PA-2023-01106;11/17/2023 09:47 PM;11/17/2023 09:57 PM;Pata Amiga Jgua do Sul;LJ-014;Centro;Petisco;Pix;16;2;0;41.8;747,30;358,70;388.60;true;app;2023-11-20;2023-11-20;2023-11-21;2023-11-23;R$ 127,35;Correios;Entregue;embalagem para presente
PA-2023-01068;11/17/2023 09:52 PM;11/17/2023 10:12 PM;Pata Amiga Blumenau Centro/SC;LJ-001;Velha;Rac.;dinheiro;15;1;0;41,4;R$ 1.479,09;709.96;769.13;Sim;Telefone;2023-11-18;;;;;Rapido Catarinense;Aguardando nota fiscal;pedido recorrente
PA-2023-01070;11/17/2023 07:40 PM;11/17/2023 10:40 PM;Pata Amiga Blumenau Centro/SC;LJ-001;Velha;medicamento;CARTAO DE CREDITO;17;;0;69.7;1.088,01;522,24;565,77;X;SITE;2023-11-20;2023-11-21;2023-11-25;2023-11-26;189.16;Rapido Catarinense;Entregue;produto fora de linha - substituido
PA-2023-01103;11/17/2023 10:47 PM;11/17/2023 10:57 PM;Pata Amiga Joinville Sul/SC;;Costa e Silva;Rac.;dinheiro;-;0;0;12,5;R$ 559,38;129,22;430,16;Sim;LOJA FISICA;;;;;;;Retirada na loja;
PA-2023-01131;11/18/2023 12:38 AM;11/18/2023 12:58 AM;Pata Amiga Blumenau Centro/SC;LJ-001;Itoupava Norte;RAÇÃO;Vale Pet;9;1;1;8.3;1.419,40;681,31;738.09;Sim;Site;2023-11-21;;;;;Rapido Catarinense;Aguardando nota fiscal;
PA-2023-01124;11/17/2023 08:00 PM;11/18/2023 01:00 AM;pata amiga palhoca;LJ-019;Ponte do Imaruim;higiene;CARTAO DE DEBITO;13;0;0;22.6;556,92;267;289.60;sim;app;2023-11-21;2023-11-22;2023-11-25;2023-11-26;35,55;TransPet Log;Entregue;
PA-2023-01189;11/18/2023 12:25 AM;11/18/2023 01:15 AM;Pata Amiga Florianopolis Norte;LJ-017;Saco Grande;HIGIENE;Credito;12;1;;9.7;R$ 517,97;177,66;340,31;S;WhatsApp;;;;;;;Pedido cancelado;produto fora de linha - substituido
PA-2023-01145;11/18/2023 01:10 AM;11/18/2023 01:20 AM;Pata Amiga Blumenau Centro/SC;;Itoupava Norte;Higiene;Pix;5;0;0;9.5;313,51;150,48;R$ 163,03;S;whatsapp;2023-11-21;2023-11-23;2023-11-27;2023-11-29;23,93;Correios;Entregue;pedido recorrente
PA-2023-01118;11/17/2023 09:07 PM;11/18/2023 02:07 AM;Pata Amiga São José Kobrasol;LJ-018;Kobrasol;Medicamentos;pix;23;1;0;25,6;R$ 3.132,72;1.503,71;1.629,01;sim;Loja Física;;;;;;;Retirada na loja;produto fora de linha - substituido
PA-2023-01101;11/17/2023 09:25 PM;11/18/2023 02:25 AM;Pata Amiga Joinville Sul;LJ-013;Boa Vista;petisco;Vale Pet;9;0;0;36.3;311,09;71,86;239,23;X;WhatsApp;2023-11-19;2023-11-20;2023-11-24;2023-11-26;89;Logistica Propria;Entregue;cliente pediu entrega no periodo da tarde
PA-2023-01081;11/17/2023 11:35 PM;11/18/2023 02:35 AM;Pata Amiga Rio Do Sul;LJ-002;Sumare;racao;Vale Pet;14;0;2;24,1;1675;804,22;871.24;sim;Site;2023-11-21;2023-11-23;;;;Correios;Aguardando despacho;
PA-2023-01136;11/18/2023 12:10 AM;11/18/2023 03:10 AM;PATA AMIGA BLUMENAU CENTRO;;Vorstadt;Ração Medicamentosa;Cartão de Débito;9;;2;15,5;R$ 869,70;417,46;452.24;V;WHATSAPP;;;;;;;Pedido cancelado;
PA-2023-01149;11/18/2023 02:38 AM;11/18/2023 03:28 AM;Pata Amiga Rio do sul;LJ-002;Barragem;Ração;DINHEIRO;10;1;0;24.8;2.112,67;R$ 616,90;1.495,77;X;;2023-11-21;2023-11-23;2023-11-25;2023-11-28;;Logistica Propria;Entregue;produto fora de linha - substituido
PA-2023-01196;11/18/2023 01:05 AM;11/18/2023 04:05 AM;Pata Amiga Florianopolis Norte/SC;LJ-017;Rio Vermelho;medicamento;Cartão de Débito;8;;0;32.4;487,14;167.09;320;S;loja fisica;;;;;;;Retirada na loja;embalagem para presente
PA-2023-01210;11/18/2023 02:15 AM;11/18/2023 04:15 AM;pata amiga palhoca;LJ-019;Guarda do Cubatao;petisco;Especie;8;0;0;26,2;401;137,24;;Sim;Loja Física;;;;;;;Retirada na loja;pedido recorrente
PA-2023-01127;11/17/2023 07:07 PM;11/18/2023 05:07 AM;PATA AMIGA SAO MIGUEL DO OESTE;LJ-032;;brinquedo;Pix;4;;0;16.1;192.26;2,69;R$ 189,57;sim;telefone;2023-11-21;2023-11-23;2023-11-27;2023-11-29;47,15;TransPet Log;Entregue;embalagem para presente
PA-2023-01167;11/18/2023 12:15 AM;11/18/2023 05:15 AM;Pata Amiga Ibirama;;Centro;RAÇÃO;PIX;7;0;0;13.0;1045.09;501;543,45;S;WHATSAPP;2023-11-21;2023-11-23;2023-12-01;2023-12-05;40,15;Entrega Expressa SC;Entregue;aguardando confirmacao de estoque
PA-2023-01161;11/18/2023 05:23 AM;11/18/2023 06:13 AM;Pata Amiga Taio;LJ-009;Alto Santa Rosa;Rac.;Pix;8;1;0;20.3;891,64;297.81;R$ 593,83;Sim;Loja Física;;;;;;;Retirada na loja;
PA-2023-01203;11/18/2023 05:25 AM;11/18/2023 06:15 AM;Pata Amiga Florianopolis Norte;LJ-017;;Racao;CARTAO DE CREDITO;14;1;0;41.1;2.028,14;695,65;1.332,49;sim;APP;2023-11-21;2023-11-22;2023-11-25;2023-11-27;R$ 134,44;Entrega Expressa SC;Entregue;
PA-2023-01216;11/18/2023 04:38 AM;11/18/2023 06:38 AM;pata amiga lages;LJ-025;Guarujal;Servicos;VALE PET;9;0;0;31,9;841.69;105,21;736.48;Sim;WHATSAPP;2023-11-21;2023-11-22;2023-11-24;2023-11-25;53.67;Entrega Expressa SC;Entregue;
PA-2023-01186;11/18/2023 06:10 AM;11/18/2023 07:00 AM;PATA AMIGA FLORIANOPOLIS NORTE;LJ-017;Ingleses;Ração;Cartao de Debito;16;;0;60.7;R$ 3.481,12;1.194,02;R$ 2.287,10;true;LOJA FISICA;;;;;;;Retirada na loja;conferir endereco com o cliente
PA-2023-01152;11/18/2023 06:45 AM;11/18/2023 07:35 AM;Pata Amiga Timbo;;Centro;Brinquedos;vale pet;3;;0;10.8;153;R$ 24,72;R$ 128,85;V;;2023-11-21;;;;;Rapido Catarinense;Aguardando nota fiscal;
PA-2023-01137;11/18/2023 05:40 AM;11/18/2023 07:40 AM; Pata Amiga Blumenau Centro;LJ-001;Vorstadt;RACAO;PIX;4;0;;13.0;R$ 629,73;302,27;327,46;S;SITE;2023-11-21;2023-11-22;2023-11-23;2023-11-26;33.23;Correios;Entregue;pedido recorrente
PA-2023-01211;11/18/2023 06:50 AM;11/18/2023 07:40 AM;pata amiga palhoca;LJ-019;Guarda do Cubatao;Hig.;dinheiro;8;0;;18,2;315,73;107,98;R$ 207,75;sim;site;2023-11-21;2023-11-22;2023-11-24;2023-11-26;26,87;Rapido Catarinense;Entregue;aguardando confirmacao de estoque
PA-2023-01205;11/18/2023 02:52 AM;11/18/2023 07:52 AM;Pata Amiga São José Kobrasol;LJ-018;Forquilhinhas;Petisco;VALE PET;7;;0;6.9;;R$ 111,19;213;SIM;Tel.;2023-11-20;2023-11-21;2023-11-27;2023-11-30;22,05;Rapido Catarinense;Entregue;
PA-2023-01164;11/18/2023 03:20 AM;11/18/2023 08:20 AM;Pata Amiga Ituporanga;;Centro;medicamento;Pix;11;1;0;27.3;799,74;267,11;R$ 532,63;V;APP;2023-11-23;2023-11-23;2023-12-04;;;Rapido Catarinense;Despachado - em transito;cliente pediu entrega no periodo da tarde
PA-2023-01176;11/18/2023 03:23 AM;11/18/2023 08:23 AM;Pata Amiga Jaragua Do Sul;;Barra do Rio Cerro;BRINQUEDO;PIX;3;0;0;9.7;R$ 229,42;32,35;R$ 197,07;true;Loja Fisica;;;;;;;Retirada na loja;cliente pediu entrega no periodo da tarde
PA-2023-01159;11/18/2023 03:30 AM;11/18/2023 08:30 AM;pata amiga taio;LJ-009;Centro;Rac.;dinheiro;6;0;;14.0;;R$ 376,64;751,02;X;LOJA FISICA;;;;;;;Retirada na loja;
PA-2023-01183;11/18/2023 06:40 AM;11/18/2023 08:40 AM;Pata Amiga Itapoa;;Figueira do Pontal;Medicamentos;Debito;1;0;n/d;1.1;118;57;61,79;SIM;Site;2023-11-22;2023-11-23;2023-12-01;2023-12-05;R$ 8,50;TransPet Log;Entregue;embalagem para presente
PA-2023-01198;11/18/2023 06:47 AM;11/18/2023 08:47 AM;Pata Amiga Florianopolis Norte;LJ-017;Trindade;Ração;Dinheiro;6;0;0;21.4;R$ 863,12;296,05;567.07;V;Whatsapp;2023-11-21;2023-11-22;2023-11-26;2023-11-28;67,84;Entrega Expressa SC;Entregue;embalagem para presente
PA-2023-01156;11/18/2023 09:40 AM;11/18/2023 10:00 AM; Pata Amiga Gaspar;LJ-007;Gasparinho;Racao Seca;Cartão de Crédito;11;1;;20.5;2.337,52;1.122,01;R$ 1.215,51;S;loja fisica;;;;;;;Retirada na loja;
PA-2023-01138;11/18/2023 09:35 AM;11/18/2023 10:10 AM; Pata Amiga Blumenau Centro;;Velha;Racao Seca;vale pet;7;0;;26.7;839,06;R$ 402,75;436.31;1;Loja Fisica;;;;;;;Retirada na loja;pedido recorrente
PA-2023-01154;11/18/2023 08:50 AM;11/18/2023 10:10 AM;Pata Amiga Gaspar;;Gasparinho;RACAO;BOLETO;;0;0;11.6;1636.97;785,75;R$ 851,22;SIM;Telefone;2023-11-21;2023-11-22;2023-11-23;2023-11-25;22,80;Entrega Expressa SC;Entregue;
PA-2023-01187;11/18/2023 09:38 AM;11/18/2023 10:13 AM;Pata Amiga Floripa Norte;;Rio Vermelho;racao;PIX;8;1;0;5.4;1.298,44;R$ 445,36;R$ 853,08;sim;whatsapp;;;;;;;Pedido cancelado;
PA-2023-01175;11/18/2023 09:52 AM;11/18/2023 10:42 AM;Pata Amiga Joinville Sul/SC;LJ-013;Vila Nova;RACAO;Pix;;1;0;14.6;2.142,22;R$ 1.028,27;R$ 1.113,95;Sim;loja fisica;;;;;;;Retirada na loja;
PA-2023-01147;11/18/2023 09:38 AM;11/18/2023 10:58 AM;PATA AMIGA BLUMENAU CENTRO;;Ribeirao Fresco;MEDICAMENTO;Dinheiro;9;0;0;12.6;1.275,88;612,42;663,46;sim;Loja Fisica;;;;;;;Retirada na loja;
PA-2023-01129;11/18/2023 10:10 AM;11/18/2023 11:00 AM;pata amiga blumenau centro;;Garcia;racao;Especie;7;0;0;3,9;R$ 936,59;-;487,03;V;site;2023-11-20;2023-11-21;2023-11-26;2023-11-29;9;Logistica Propria;Entregue;
PA-2023-01133;11/18/2023 06:00 AM;11/18/2023 11:00 AM;PATA AMIGA BLUMENAU CENTRO;LJ-001;;racao;Cartao de Credito;18;0;0;29,0;3.827,31;R$ 1.837,11;1.990,20;Sim;;;;;;;;Retirada na loja;conferir endereco com o cliente
PA-2023-01165;11/18/2023 10:50 AM;11/18/2023 11:00 AM;Pata Amiga Ituporanga;LJ-010;Vila Nova;Racao;Pix;8;0;0;21.6;1171;391;780,15;1;Whatsapp;2023-11-22;2023-11-24;2023-12-07;2023-12-10;R$ 46,40;Logistica Propria;Entregue;aguardando confirmacao de estoque
PA-2023-01191;11/18/2023 10:00 AM;11/18/2023 11:20 AM;Pata Amiga Florianopolis Norte;LJ-017;Ingleses;racao;DINHEIRO;7;0;0;22.4;998,85;342,61;656,24;SIM;APP;2023-11-21;2023-11-21;2023-11-26;2023-11-27;48,98;Entrega Expressa SC;Entregue;conferir endereco com o cliente
PA-2023-01141;11/18/2023 09:25 AM;11/18/2023 11:25 AM;PATA AMIGA BLUMENAU CENTRO;LJ-001;Salto do Norte;Ração;Credito;12;1;0;49,5;1302;624;677;V;site;2023-11-23;;;;;TransPet Log;Aguardando nota fiscal;conferir endereco com o cliente
PA-2023-01209;11/18/2023 11:15 AM;11/18/2023 11:25 AM;PATA AMIGA SAO JOSE KOBRASOL;LJ-018;Kobrasol;racao;Cartão de Débito;10;0;0;16.8;1824;623,85;1.200,26;1;;2023-11-21;2023-11-21;2023-11-25;2023-11-26;55,73;Rapido Catarinense;Entregue;
PA-2023-01163;11/18/2023 11:23 AM;11/18/2023 11:43 AM;Pata Amiga Ituporanga;LJ-010;Centro;RACAO;CARTAO DE DEBITO;4;0;0;7,8;738,69;;491,97;SIM;SITE;2023-11-22;2023-11-23;;;;TransPet Log;Aguardando despacho;produto fora de linha - substituido
PA-2023-01195;11/18/2023 11:05 AM;11/18/2023 11:55 AM;PATA AMIGA FLORIANOPOLIS NORTE;;Costeira;RAÇÃO;Cartao de Debito;3;0;0;6.7;R$ 379,92;130,31;249,61;1;Loja Física;;;;;;;Retirada na loja;
PA-2023-01144;11/18/2023 11:15 AM;11/18/2023 12:05 PM;Pata Amiga Blumenau Centro/SC;;Itoupava Norte;Rac.;DINHEIRO;18;0;0;31.7;2.604,29;1.250,06;R$ 1.354,23;V;;;;;;;;Retirada na loja;
PA-2023-01148;11/18/2023 10:50 AM;11/18/2023 12:10 PM;Pata Amiga Rio do Sul;LJ-002;;MEDICAMENTO;Cartao de Debito;6;0;0;13.6;R$ 759,65;R$ 221,82;R$ 537,83;V;Site;;;;;;;Pedido cancelado;
PA-2023-01168;11/18/2023 11:23 AM;11/18/2023 12:13 PM;pata amiga ibirama;LJ-011;Centro;HIGIENE;PIX;;1;0;20,4;366,97;R$ 176,15;R$ 190,82;V;Whatsapp;2023-11-21;2023-11-22;2023-11-26;2023-11-29;R$ 54,57;TransPet Log;Entregue;aguardando confirmacao de estoque
PA-2023-01155;11/18/2023 10:20 AM;11/18/2023 12:20 PM;Pata Amiga Gaspar;;Figueira;petisco;Credito;12;0;0;14,6;R$ 524,09;251,56;R$ 272,53;V;whatsapp;2023-11-20;2023-11-22;2023-11-26;2023-11-28;51;Logistica Propria;Entregue;
PA-2023-01182;11/18/2023 07:47 AM;11/18/2023 12:47 PM;PATA AMIGA ITAPOA;LJ-016;Figueira do Pontal;Racao Seca;Especie;11;1;0;22.4;1.124,13;539,58;584,55;sim;App Pata Amiga;;;;;;;Pedido cancelado;
PA-2023-01134;11/18/2023 03:15 AM;11/18/2023 01:15 PM;Pata Amiga Blumenau Centro/SC;LJ-001;Ribeirao Fresco;Racao Seca;Cartão de Crédito;16;0;0;48.9;2335.23;1.120,91;-;1;SITE;2023-11-22;2023-11-24;2023-11-26;2023-11-28;93;Rapido Catarinense;Entregue;
PA-2023-01153;11/18/2023 01:25 PM;11/18/2023 01:45 PM;Pata Amiga Indaial;LJ-006;;racao;Vale Pet;6;0;0;22.7;R$ 1.333,30;R$ 214,66;1118;Sim;site;2023-11-20;2023-11-20;2023-11-23;2023-11-24;R$ 78,81;Rapido Catarinense;Entregue;
PA-2023-01180;11/18/2023 12:50 PM;11/18/2023 02:10 PM;Pata Amiga Sao Bento do Sul;LJ-015;Centro;Petisco;BOLETO;;;0;6.8;R$ 311,10;R$ 149,33;161.77;X;SITE;2023-11-21;2023-11-23;2023-11-26;2023-11-29;24,20;Correios;Entregue;
PA-2023-01142;11/18/2023 12:35 PM;11/18/2023 02:35 PM;PATA AMIGA BLUMENAU CENTRO;LJ-001;Progresso;Ração;pix;18;;0;38,0;R$ 2.495,68;1197.93;1.297,75;true;App Pata Amiga;2023-11-21;;;;;Logistica Propria;Aguardando nota fiscal;
PA-2023-01184;11/18/2023 01:47 PM;11/18/2023 03:47 PM;Pata Amiga Florianopolis Norte/SC;LJ-017;Ingleses;RAÇÃO;pix;7;0;2;16,0;1.351,54;R$ 463,58;R$ 887,96;S;SITE;2023-11-22;2023-11-22;2023-11-25;2023-11-28;43,86;Correios;Entregue;
PA-2023-01173;11/18/2023 01:55 PM;11/18/2023 03:55 PM;pata amiga joinville sul;;Jarivatuba;Racao Seca;boleto;;0;-;29,8;R$ 1.448,41;695.24;753,17;1;App Pata Amiga;2023-11-22;2023-11-23;2023-11-27;2023-11-29;86,58;Correios;Entregue;pedido recorrente
PA-2023-01157;11/18/2023 03:40 PM;11/18/2023 04:00 PM;Pata Amiga Gaspar;;Gasparinho;medicamento;Cartão de Débito;8;;0;15,4;799,91;383;415,95;SIM;;;;;;;;Pedido cancelado;
PA-2023-01128;11/18/2023 03:52 PM;11/18/2023 04:12 PM;PATA AMIGA BLUMENAU CENTRO;LJ-001;Velha;RACAO;Cartao de Credito;12;;0;37.1;1.970,69;945;1024.76;Sim;APP;2023-11-20;2023-11-21;2023-11-24;2023-11-26;86.36;Correios;Entregue;
PA-2023-01172;11/18/2023 05:10 PM;11/18/2023 05:30 PM;PATA AMIGA RIO DOS CEDROS;LJ-012;Palmeiras;HIGIENE;Boleto;6;0;0;3,6;211;34;177.56;sim;Telefone;2023-11-22;2023-11-22;2023-11-29;;;Rapido Catarinense;Despachado - em transito;aguardando confirmacao de estoque
PA-2023-01166;11/18/2023 05:30 PM;11/18/2023 05:40 PM;Pata Amiga Ibirama/SC;LJ-011;Nossa Senhora de Fatima;RAÇÃO;Cartão de Crédito;6;1;0;8.5;R$ 760,20;364,90;;X;SITE;2023-11-20;2023-11-22;2023-11-28;2023-12-01;20,98;TransPet Log;Entregue;
PA-2023-01139;11/18/2023 02:47 PM;11/18/2023 05:47 PM;Pata Amiga Blumenau Centro;LJ-001;Itoupava Norte;Rac.;CARTAO DE CREDITO;14;1;2;28.2;R$ 3.123,17;1499.12;1.624,05;X;app;2023-11-19;2023-11-20;;;;Rapido Catarinense;Aguardando despacho;produto fora de linha - substituido
PA-2023-01214;11/18/2023 03:47 PM;11/18/2023 05:47 PM;Pata Amiga Santo Amaro da Imperatriz;LJ-020;Sul do Rio;Medicamento;Cartao de Credito;7;0;0;16.2;647,70;R$ 157,39;490,31;S;APP;2023-11-24;2023-11-24;2023-12-01;;;Rapido Catarinense;Despachado - em transito;embalagem para presente
PA-2023-01160;11/18/2023 04:23 PM;11/18/2023 06:23 PM;Pata Amiga Taio;;Centro;RACAO;Boleto;8;0;0;14,0;1.320,73;441,12;R$ 879,61;true;Tel.;2023-11-23;2023-11-23;;;;Correios;Aguardando despacho;
PA-2023-01177;11/18/2023 05:40 PM;11/18/2023 06:30 PM;Pata Amiga Jaragua Do Sul;;Barra do Rio Cerro;Ração;CARTAO DE CREDITO;6;0;0;10.4;1358.86;191.60;1.167,26;sim;APP;2023-11-21;2023-11-22;2023-11-24;;;Correios;Despachado - em transito;embalagem para presente
PA-2023-01140;11/18/2023 05:12 PM;11/18/2023 06:32 PM;Pata Amiga Blumenal Centro;LJ-001;Progresso;medicamento;CARTAO DE CREDITO;11;1;0;31.4;-;367,42;398.04;true;APP;2023-11-20;2023-11-21;;;;Rapido Catarinense;Aguardando despacho;
PA-2023-01200;11/18/2023 09:23 AM;11/18/2023 07:23 PM;Pata Amiga Floripa Norte;LJ-017;Costeira;RAÇÃO;CARTAO DE DEBITO;7;0;0;27.5;896,05;R$ 307,35;588.70;Sim;WhatsApp;2023-11-22;;;;;TransPet Log;Aguardando nota fiscal;
PA-2023-01199;11/18/2023 07:35 PM;11/18/2023 07:55 PM;Pata Amiga Florianopolis Norte/SC;;Saco Grande;Racao Medicamentosa;Cartão de Débito;6;0;0;12.2;631,15;216.48;414.67;SIM;SITE;2023-11-21;2023-11-23;2023-11-26;2023-11-27;;Correios;Entregue;
PA-2023-01178;11/18/2023 07:38 PM;11/18/2023 07:58 PM;PATA AMIGA SAO BENTO DO SUL;LJ-015;Centro;Higiene e Beleza;Vale Pet;5;0;0;4,4;150,93;R$ 72,45;R$ 78,48;Sim;Site;2023-11-19;2023-11-20;2023-11-23;;;Entrega Expressa SC;Despachado - em transito;conferir endereco com o cliente
PA-2023-01150;11/18/2023 10:05 AM;11/18/2023 08:05 PM;Pata Amiga Rio Do Sul;LJ-002;Sumare;Higiene;Dinheiro;9;1;0;5.2;283,17;82;R$ 200,48;Sim;App;2023-11-22;;;;;Rapido Catarinense;Aguardando nota fiscal;conferir endereco com o cliente
PA-2023-01143;11/18/2023 07:35 PM;11/18/2023 08:10 PM;Pata Amiga Blumenau Centro/SC;LJ-001;Velha;Racao Seca;Pix;2;0;0;1,8;327.44;R$ 157,17;170,27;sim;loja fisica;;;;;;;Retirada na loja;cliente pediu entrega no periodo da tarde
PA-2023-01207;11/18/2023 06:10 PM;11/18/2023 08:10 PM;Pata Amiga Sao Jose Kobrasol/SC;;Campinas;Ração Medicamentosa;Pix;9;;n/d;21,5;R$ 1.124,61;384;R$ 739,99;X;;2023-11-22;2023-11-23;2023-11-26;2023-11-28;41.33;Correios;Entregue;
PA-2023-01213;11/18/2023 07:20 PM;11/18/2023 08:10 PM;Pata Amiga Santo Amaro da Imperatriz;LJ-020;Braco Sao Joao;higiene;Credito;5;0;0;17,6;R$ 195,83;47,59;R$ 148,24;X;site;2023-11-21;2023-11-22;2023-11-27;2023-11-30;31,87;Entrega Expressa SC;Entregue;
PA-2023-01215;11/18/2023 06:52 PM;11/18/2023 08:12 PM;pata amiga lages;LJ-025;;medicamento;PIX;3;0;2;5,9;395,01;R$ 49,38;R$ 345,63;Sim;Whatsapp;2023-11-20;;;;;Correios;Aguardando nota fiscal;embalagem para presente
PA-2023-01206;11/18/2023 06:30 PM;11/18/2023 08:30 PM;Pata Amiga São Jose Kobrasol;;Kobrasol;petisco;CARTAO DE CREDITO;10;0;0;12.9;397,45;135,93;261,52;V;WhatsApp;2023-11-20;2023-11-21;2023-11-25;2023-11-26;R$ 37,98;Entrega Expressa SC;Entregue;
PA-2023-01181;11/18/2023 03:47 PM;11/18/2023 08:47 PM;Pata Amiga São Bento do Sul;LJ-015;Serra Alta;Racao Medicamentosa;CARTAO DE CREDITO;10;0;0;23.0;;R$ 666,54;722.09;SIM;site;2023-11-21;2023-11-23;2023-11-28;2023-11-30;62,99;TransPet Log;Entregue;pedido recorrente
PA-2023-01130;11/18/2023 08:38 PM;11/18/2023 08:48 PM;Pata Amiga Blumenal Centro;;Ribeirao Fresco;Racao;Boleto;;0;0;31.7;;R$ 917,86;994,35;S;Site;2023-11-22;2023-11-22;2023-11-26;2023-11-29;R$ 85,80;Entrega Expressa SC;Entregue;embalagem para presente
PA-2023-01201;11/18/2023 05:50 PM;11/18/2023 08:50 PM;PATA AMIGA FLORIANOPOLIS NORTE;LJ-017;Costeira;petisco;BOLETO;14;0;0;16.7;430,90;147,80;283.10;X;Tel.;2023-11-22;2023-11-23;2023-11-26;2023-11-28;;Logistica Propria;Entregue;
PA-2023-01217;11/18/2023 08:10 PM;11/18/2023 09:00 PM;Pata Amiga Otacílio Costa;;Centro;Acessorios;vale pet;3;0;0;6.3;R$ 277,50;34,69;242.81;sim;whatsapp;2023-11-20;2023-11-22;2023-12-01;2023-12-04;21;Entrega Expressa SC;Entregue;
PA-2023-01188;11/18/2023 06:20 PM;11/18/2023 09:20 PM;Pata Amiga Florianopolis Norte;;Ingleses;Racao Seca;Cartão de Crédito;14;1;0;42.1;1834;629.18;1.205,15;;APP;2023-11-21;2023-11-22;2023-11-26;2023-11-28;R$ 126,02;Correios;Entregue;
PA-2023-01135;11/18/2023 08:52 PM;11/18/2023 10:12 PM;Pata Amiga Blumenal Centro;LJ-001;Velha;Medicamentos;Cartao de Debito;14;1;n/d;51,8;2064;991,14;1073;1;Telefone;2023-11-21;2023-11-21;;;;Rapido Catarinense;Aguardando despacho;embalagem para presente
PA-2023-01185;11/18/2023 09:12 PM;11/18/2023 10:32 PM;Pata Amiga Florianopolis Norte;LJ-017;Ingleses;higiene;boleto;6;0;0;11,4;277,66;95,24;182,42;Sim;;2023-11-20;2023-11-21;2023-11-23;2023-11-25;31;Logistica Propria;Entregue;
PA-2023-01158;11/18/2023 09:47 PM;11/18/2023 10:37 PM;Pata Amiga Presidente Getulio;;Centro;Petisco;Dinheiro;13;;0;9,4;442,76;R$ 212,52;R$ 230,24;sim;Site;2023-11-21;2023-11-22;2023-11-24;2023-11-26;R$ 27,00;Entrega Expressa SC;Entregue;
PA-2023-01190;11/18/2023 10:05 PM;11/18/2023 10:40 PM;Pata Amiga Floripa Norte;LJ-017;Saco Grande;Med.;Vale Pet;9;0;0;22.5;1170;401.56;769;1;App;2023-11-20;2023-11-21;2023-11-23;2023-11-26;76,20;Logistica Propria;Entregue;produto fora de linha - substituido
PA-2023-01151;11/18/2023 10:38 PM;11/18/2023 10:48 PM;Pata Amiga Rio do Sul;LJ-002;Laranjeiras;Petisco;Credito;6;0;2;16,5;179,56;52.43;127,13;V;site;2023-11-22;2023-11-24;2023-11-29;2023-12-01;50.24;Correios;Entregue;
PA-2023-01193;11/18/2023 07:52 PM;11/18/2023 10:52 PM;Pata Amiga Florianópolis Norte;;Ingleses;racao;pix;6;0;0;9.8;996,66;R$ 341,85;654,81;X;App Pata Amiga;2023-11-21;2023-11-23;;;;Correios;Aguardando despacho;produto fora de linha - substituido
PA-2023-01146;11/18/2023 05:55 PM;11/18/2023 10:55 PM;PATA AMIGA BLUMENAU CENTRO;LJ-001;Velha;Racao Seca;dinheiro;17;;0;58,3;R$ 2.035,84;R$ 977,20;1058;V;Loja Física;;;;;;;Retirada na loja;conferir endereco com o cliente
PA-2023-01192;11/18/2023 10:07 PM;11/18/2023 10:57 PM;Pata Amiga Floripa Norte;LJ-017;Costeira;Hig.;VALE PET;8;0;0;32,6;499,35;171;328,07;V;telefone;2023-11-19;2023-11-19;;;;Correios;Aguardando despacho;
PA-2023-01212;11/18/2023 10:52 PM;11/18/2023 11:02 PM;Pata Amiga Palhoça;;Passa Vinte;PETISCO;Especie;8;0;0;28.1;R$ 341,72;116.87;224;Sim;SITE;2023-11-20;2023-11-21;2023-11-22;2023-11-25;52;Entrega Expressa SC;Entregue;
PA-2023-01194;11/18/2023 10:15 PM;11/18/2023 11:05 PM;Pata Amiga Florianopolis Norte;LJ-017;Rio Vermelho;Ração;dinheiro;10;0;0;9.1;1.120,07;R$ 384,18;735.89;Sim;LOJA FISICA;;;;;;;Retirada na loja;aguardando confirmacao de estoque
PA-2023-01162;11/18/2023 11:05 PM;11/18/2023 11:25 PM;PATA AMIGA TAIO;;Alto Santa Rosa;PETISCO;Cartao de Credito;10;1;;35.7;522,59;R$ 174,55;R$ 348,04;Sim;Site;2023-11-23;2023-11-25;2023-12-02;2023-12-06;84,39;Entrega Expressa SC;Entregue;
PA-2023-01132;11/18/2023 09:55 PM;11/18/2023 11:55 PM;pata amiga blumenau centro;;Garcia;medicamento;boleto;11;;0;37,6;1593.49;R$ 764,88;828,61;;SITE;2023-11-19;2023-11-20;2023-11-24;2023-11-27;52,54;Entrega Expressa SC;Entregue;aguardando confirmacao de estoque
PA-2023-01208;11/18/2023 11:52 PM;11/19/2023 12:12 AM;Pata Amiga Sao Jose Kobrasol/SC;LJ-018;;Ração;BOLETO;7;0;0;16.6;R$ 966,90;330,68;R$ 636,22;V;SITE;2023-11-20;2023-11-21;2023-11-22;;;TransPet Log;Despachado - em transito;cliente pediu entrega no periodo da tarde
PA-2023-01238;11/19/2023 12:05 AM;11/19/2023 12:15 AM;Pata Amiga Presidente Getúlio;LJ-008;Alto Dona Luiza;Ração;CARTAO DE DEBITO;13;2;0;27,7;R$ 2.715,63;1.303,50;R$ 1.412,13;true;loja fisica;;;;;;;Retirada na loja;
PA-2023-01202;11/18/2023 10:05 PM;11/19/2023 01:05 AM;Pata Amiga Floripa Norte;LJ-017;Ingleses;Hig.;Cartao de Credito;8;0;0;6.8;R$ 380,65;130,56;250,09;1;loja fisica;;;;;;;Retirada na loja;pedido recorrente
PA-2023-01171;11/18/2023 08:12 PM;11/19/2023 01:12 AM;pata amiga ibirama;LJ-011;;Petiscos;Credito;-;-;0;30,0;R$ 306,27;R$ 147,01;159,26;sim;Site;2023-11-24;2023-11-25;;;;TransPet Log;Aguardando despacho;conferir endereco com o cliente
PA-2023-01290;11/19/2023 12:38 AM;11/19/2023 01:13 AM;PATA AMIGA PALHOCA;LJ-019;Ponte do Imaruim;RAÇÃO;pix;18;1;0;61.3;-;1762.62;1909;X;WhatsApp;2023-11-22;2023-11-24;2023-11-28;2023-12-01;R$ 140,43;Correios;Entregue;
PA-2023-01257;11/19/2023 12:00 AM;11/19/2023 02:00 AM;Pata Amiga Rio dos Cedros;;;HIGIENE;VALE PET;12;1;0;10.6;458;219;238,31;1;App;2023-11-24;2023-11-27;2023-12-04;2023-12-06;R$ 21,56;Correios;Entregue;pedido recorrente
PA-2023-01228;11/19/2023 12:15 AM;11/19/2023 02:15 AM;Pata Amiga Timbo;LJ-005;;petisco;PIX;22;;0;44.3;R$ 539,88;259,14;280.74;X;Loja Física;;;;;;;Retirada na loja;
PA-2023-01304;11/19/2023 02:25 AM;11/19/2023 02:35 AM;PATA AMIGA LAGES;LJ-025;Centro;Petisco;Cartao de Credito;8;0;0;26.0;173,00;57,26;115,74;X;SITE;2023-11-20;2023-11-21;2023-11-23;2023-11-25;85,75;Logistica Propria;Entregue;produto fora de linha - substituido
PA-2023-01169;11/18/2023 09:47 PM;11/19/2023 02:47 AM;Pata Amiga Ibirama/SC;LJ-011;Centro;Racao Seca;PIX;15;2;0;12.7;2790;1339.38;1451;V;Whatsapp;2023-11-23;2023-11-24;2023-12-06;2023-12-09;30,36;Logistica Propria;Entregue;pedido recorrente
PA-2023-01248;11/19/2023 12:52 AM;11/19/2023 02:52 AM;Pata Amiga Ibirama/SC;;Centro;Petisco;pix;2;0;0;2.2;63,91;30,68;R$ 33,23;Sim;Site;2023-11-25;2023-11-26;2023-12-08;2023-12-11;11,80;Correios;Entregue;
PA-2023-01237;11/19/2023 02:23 AM;11/19/2023 02:58 AM;PATA AMIGA PRESIDENTE GETULIO;;Fundo Canoas;Hig.;Debito;21;1;0;69,9;1.143,31;R$ 548,79;R$ 594,52;SIM;SITE;2023-11-23;2023-11-25;;;;Logistica Propria;Aguardando despacho;embalagem para presente
PA-2023-01309;11/19/2023 02:45 AM;11/19/2023 03:05 AM;Pata Amiga Otacílio Costa;LJ-027;Bela Vista;HIGIENE;Pix;5;;1;15.7;137,74;45,59;92,15;sim;SITE;2023-11-22;2023-11-23;2023-11-29;2023-11-30;26,91;Entrega Expressa SC;Entregue;aguardando confirmacao de estoque
PA-2023-01281;11/19/2023 02:20 AM;11/19/2023 03:10 AM;PATA AMIGA ITAPOA;;Balneario Itapoa;higiene;PIX;14;0;0;46,0;R$ 589,78;219,99;R$ 369,79;true;whatsapp;2023-11-25;2023-11-26;2023-12-09;2023-12-12;131,33;Entrega Expressa SC;Entregue;conferir endereco com o cliente
PA-2023-01197;11/18/2023 05:20 PM;11/19/2023 03:20 AM;Pata Amiga Florianópolis Norte;LJ-017;Rio Vermelho;Higiene;CARTAO DE CREDITO;10;;0;22.5;364,79;125.12;239;sim;app;2023-11-22;2023-11-23;2023-11-29;2023-11-30;29.89;Rapido Catarinense;Entregue;conferir endereco com o cliente
PA-2023-01306;11/19/2023 12:35 AM;11/19/2023 03:35 AM;PATA AMIGA SAO JOAQUIM;;Centro;petisco;PIX;11;0;0;19,2;370,29;R$ 122,57;247.72;V;Site;2023-11-23;2023-11-24;2023-12-05;2023-12-07;60.24;Correios;Entregue;
PA-2023-01266;11/19/2023 02:30 AM;11/19/2023 03:50 AM;Pata Amiga Jaragua do Sul;LJ-014;Jaragua Esquerdo;Rac.;Boleto;8;0;;14.6;R$ 1.731,29;564,40;1166.89;1;SITE;2023-11-21;2023-11-21;2023-11-23;;;Entrega Expressa SC;Despachado - em transito;
PA-2023-01219;11/19/2023 03:45 AM;11/19/2023 04:05 AM;Pata Amiga Blumenau Centro;LJ-001;Garcia;Racao;boleto;5;0;0;20,8;R$ 924,12;112,74;811.38;sim;;;;;;;;Retirada na loja;embalagem para presente
PA-2023-01294;11/19/2023 02:07 AM;11/19/2023 04:07 AM;Pata Amiga Tubarao;LJ-022;Oficinas;Racao;VALE PET;;0;0;21,6;1.210,90;193,74;1.017,16;;WHATSAPP;2023-11-21;2023-11-23;2023-11-28;2023-11-29;R$ 47,39;Entrega Expressa SC;Entregue;
PA-2023-01286;11/19/2023 01:45 AM;11/19/2023 04:45 AM;Pata Amiga São José Kobrasol;;Real Parque;Ração;Debito;5;0;0;4.3;804,98;386,39;;V;app;2023-11-21;2023-11-23;;;;TransPet Log;Aguardando despacho;produto fora de linha - substituido
PA-2023-01300;11/19/2023 04:40 AM;11/19/2023 05:30 AM;pata amiga lages;LJ-025;Habitacao;racao;pix;11;0;0;17.5;R$ 2.130,60;R$ 705,23;1.425,37;sim;App;2023-11-21;2023-11-22;;;;Correios;Aguardando despacho;conferir endereco com o cliente
PA-2023-01296;11/19/2023 12:38 AM;11/19/2023 05:38 AM;Pata Amiga Lages;;Habitacao;Higiene e Beleza;PIX;11;1;0;26.1;421,29;R$ 139,45;R$ 281,84;S;app;2023-11-23;2023-11-24;2023-11-26;2023-11-27;70,22;Logistica Propria;Entregue;cliente pediu entrega no periodo da tarde
PA-2023-01278;11/19/2023 04:55 AM;11/19/2023 05:45 AM;PATA AMIGA SAO BENTO DO SUL;;;Medicamentos;DINHEIRO;;0;0;20.7;745,83;278,19;R$ 467,64;Sim;telefone;2023-11-23;2023-11-24;2023-11-27;2023-11-28;R$ 30,33;Rapido Catarinense;Entregue;conferir endereco com o cliente
PA-2023-01265;11/19/2023 04:35 AM;11/19/2023 05:55 AM;Pata Amiga Jgua do Sul;LJ-014;Jaragua Esquerdo;Medicamento;Cartão de Débito;10;1;0;10,1;826;R$ 269,31;556;sim;App Pata Amiga;2023-11-22;2023-11-24;2023-11-27;2023-11-29;36,45;Rapido Catarinense;Entregue;embalagem para presente
PA-2023-01288;11/19/2023 05:00 AM;11/19/2023 06:20 AM;Pata Amiga São José Kobrasol;;Campinas;Petisco;Debito;15;1;0;33.3;778,00;R$ 373,44;404;SIM;APP;2023-11-21;2023-11-21;2023-11-24;2023-11-26;108,78;Correios;Entregue;
PA-2023-01242;11/19/2023 03:25 AM;11/19/2023 06:25 AM;pata amiga taio;LJ-009;Alto Santa Rosa;PETISCO;pix;18;2;0;26.1;392,10;R$ 188,21;203,89;V;;2023-11-22;2023-11-24;2023-12-03;2023-12-06;64,77;Logistica Propria;Entregue;
PA-2023-01311;11/19/2023 03:52 AM;11/19/2023 06:52 AM;pata amiga curitibanos;LJ-028;Centro;Higiene;dinheiro;9;1;0;10.4;R$ 452,25;149,69;302.56;X;LOJA FISICA;;;;;;;Retirada na loja;pedido recorrente
PA-2023-01262;11/19/2023 06:38 AM;11/19/2023 06:58 AM;Pata Amiga Jaragua Do Sul;LJ-014;Barra do Rio Cerro;Racao Seca;Dinheiro;7;0;0;24.9;;341,44;705,91;S;Loja Fisica;;;;;;;Retirada na loja;aguardando confirmacao de estoque
PA-2023-01268;11/19/2023 07:00 AM;11/19/2023 07:10 AM;Pata Amiga Jaraguá do Sul;LJ-014;Barra do Rio Cerro;Racao;CARTAO DE DEBITO;6;0;0;3.7;R$ 587,27;191;395;S;SITE;2023-11-22;2023-11-25;2023-11-30;2023-12-02;14,49;Correios;Entregue;
PA-2023-01276;11/19/2023 06:38 AM;11/19/2023 07:28 AM;Pata Amiga Sao Bento do Sul;LJ-015;Serra Alta;RAÇÃO;Cartao de Credito;14;0;0;36,9;R$ 2.524,12;941,50;R$ 1.582,62;sim;Site;2023-11-23;2023-11-24;2023-11-28;2023-11-29;111.41;Rapido Catarinense;Entregue;
PA-2023-01308;11/19/2023 07:20 AM;11/19/2023 07:30 AM;Pata Amiga Sao Joaquim;;Centro;petisco;Cartao de Credito;15;2;0;33.8;453,85;150.22;303,63;sim;Whatsapp;2023-11-21;2023-11-22;2023-11-28;2023-11-30;43,93;Entrega Expressa SC;Entregue;
PA-2023-01174;11/18/2023 09:45 PM;11/19/2023 07:45 AM;Pata Amiga Joinville Sul;LJ-013;;petisco;Especie;16;1;0;37,8;;320,02;346,69;V;Site;2023-11-23;2023-11-25;2023-12-01;2023-12-04;R$ 49,92;Rapido Catarinense;Entregue;conferir endereco com o cliente
PA-2023-01305;11/19/2023 05:52 AM;11/19/2023 07:52 AM;PATA AMIGA LAGES;LJ-025;;Racao;dinheiro;3;0;0;6.1;558,45;184.85;373,60;X;APP;2023-11-22;2023-11-23;;;;Entrega Expressa SC;Aguardando despacho;conferir endereco com o cliente
PA-2023-01179;11/18/2023 10:05 PM;11/19/2023 08:05 AM;Pata Amiga São Bento do Sul;LJ-015;Centro;racao;dinheiro;11;0;0;40.4;R$ 2.101,28;1008;1.092,67;Sim;App;2023-11-21;2023-11-22;2023-11-26;2023-11-28;101.17;Correios;Entregue;cliente pediu entrega no periodo da tarde
PA-2023-01263;11/19/2023 05:05 AM;11/19/2023 08:05 AM;Pata Amiga Jaraguá do Sul;LJ-014;Barra do Rio Cerro;Medicamentos;dinheiro;11;0;0;26,3;1.265,06;R$ 412,41;852,65;true;WHATSAPP;2023-11-21;2023-11-22;;;;Entrega Expressa SC;Aguardando despacho;
PA-2023-01279;11/19/2023 07:10 AM;11/19/2023 08:30 AM;Pata Amiga Itapoá;;Figueira do Pontal;Higiene;PIX;13;0;0;48,4;369,18;137;231,48;true;LOJA FISICA;;;;;;;Retirada na loja;
PA-2023-01204;11/18/2023 10:45 PM;11/19/2023 08:45 AM;PATA AMIGA SAO JOSE KOBRASOL;;Kobrasol;Medicamento;BOLETO;4;0;0;10.7;265.23;R$ 90,71;174;true;SITE;2023-11-23;2023-11-24;2023-11-27;2023-11-30;R$ 31,55;Correios;Entregue;
PA-2023-01226;11/19/2023 03:55 AM;11/19/2023 08:55 AM;Pata Amiga Timbo;LJ-005;Centro;MEDICAMENTO;boleto;10;1;0;18,7;1.430,52;686,65;743,87;true;App Pata Amiga;;;;;;;Pedido cancelado;pedido recorrente
PA-2023-01264;11/19/2023 06:12 AM;11/19/2023 09:12 AM;Pata Amiga Jaragua do Sul;;Centro;Petiscos;Dinheiro;13;0;;13.8;543;177,08;366.11;V;LOJA FISICA;;;;;;;Retirada na loja;produto fora de linha - substituido
PA-2023-01314;11/19/2023 07:15 AM;11/19/2023 09:15 AM;pata amiga curitibanos;;Centro;Racao Seca;Cartão de Débito;6;0;0;19,2;834.50;276,22;558,28;V;SITE;2023-11-22;;;;;Logistica Propria;Aguardando nota fiscal;conferir endereco com o cliente
PA-2023-01254;11/19/2023 09:20 AM;11/19/2023 09:40 AM;Pata Amiga Ibirama/SC;;Centro;Petiscos;Boleto;12;0;0;26.9;R$ 588,24;282,36;R$ 305,88;V;Site;2023-11-25;2023-11-26;2023-12-04;2023-12-06;84,48;Rapido Catarinense;Entregue;embalagem para presente
PA-2023-01170;11/18/2023 11:47 PM;11/19/2023 09:47 AM;PATA AMIGA IBIRAMA;LJ-011;Centro;Rac.;Boleto;11;1;0;33,0;1.635,93;785,25;850.68;Sim;loja fisica;;;;;;;Retirada na loja;aguardando confirmacao de estoque
PA-2023-01259;11/19/2023 09:45 AM;11/19/2023 10:20 AM;Pata Amiga Joinville Sul;;Costa e Silva;Ração Medicamentosa;vale pet;10;0;1;20.4;1.297,28;483,89;R$ 813,39;Sim;Telefone;2023-11-21;2023-11-23;2023-11-29;2023-12-01;45,91;TransPet Log;Entregue;
PA-2023-01245;11/19/2023 09:47 AM;11/19/2023 10:22 AM;PATA AMIGA ITUPORANGA;LJ-010;Centro;Hig.;VALE PET;10;1;0;17,9;313.87;150,66;R$ 163,21;SIM;app;2023-11-22;2023-11-23;2023-12-08;2023-12-10;;Entrega Expressa SC;Entregue;cliente pediu entrega no periodo da tarde
PA-2023-01243;11/19/2023 05:25 AM;11/19/2023 10:25 AM;pata amiga ituporanga;;Centro;Higiene e Beleza;Dinheiro;12;1;0;37,9;R$ 522,28;250,69;R$ 271,59;V;App Pata Amiga;2023-11-21;2023-11-23;2023-12-02;2023-12-05;R$ 70,32;Rapido Catarinense;Entregue;cliente pediu entrega no periodo da tarde
PA-2023-01272;11/19/2023 12:45 AM;11/19/2023 10:45 AM;PATA AMIGA JARAGUA DO SUL;LJ-014;Barra do Rio Cerro;Racao;pix;9;1;0;27.9;1.500,55;489;1011;V;APP;2023-11-23;;;;;Correios;Aguardando nota fiscal;cliente pediu entrega no periodo da tarde
PA-2023-01239;11/19/2023 10:20 AM;11/19/2023 11:10 AM;Pata Amiga Taió;LJ-009;Alto Santa Rosa;Petisco;dinheiro;16;0;0;16.4;735,23;352.91;382.32;X;SITE;2023-11-23;2023-11-24;2023-12-05;2023-12-09;35,13;Logistica Propria;Entregue;embalagem para presente
PA-2023-01273;11/19/2023 10:20 AM;11/19/2023 11:10 AM;Pata Amiga Sao Bento do Sul;;Oxford;Ração;BOLETO;15;1;0;24,6;1.889,08;704,63;1184;SIM;SITE;2023-11-21;2023-11-23;2023-11-26;2023-11-27;R$ 57,76;TransPet Log;Entregue;
PA-2023-01261;11/19/2023 08:15 AM;11/19/2023 11:15 AM;PATA AMIGA JARAGUA DO SUL;LJ-014;Centro;petisco;Cartao de Debito;11;1;0;41.1;437.20;142,53;R$ 294,67;X;Loja Física;;;;;;;Retirada na loja;pedido recorrente
PA-2023-01302;11/19/2023 08:40 AM;11/19/2023 11:40 AM;pata amiga lages;LJ-025;Centro;RACAO;vale pet;10;N/I;0;15.1;2236;R$ 740,15;1495.95;true;Loja Física;;;;;;;Retirada na loja;
PA-2023-01249;11/19/2023 09:45 AM;11/19/2023 11:45 AM;Pata Amiga Ibirama/SC;LJ-011;Nossa Senhora de Fatima;Rac.;Vale Pet;2;0;0;5.5;449,76;R$ 215,88;233,88;S;SITE;2023-11-23;2023-11-23;2023-12-05;2023-12-08;14;TransPet Log;Entregue;
PA-2023-01312;11/19/2023 09:47 AM;11/19/2023 11:47 AM;pata amiga curitibanos;LJ-028;Santa Cruz;Rac.;Boleto;12;1;0;20,3;R$ 2.105,21;696;1.408,39;1;app;2023-11-22;2023-11-22;;;;Entrega Expressa SC;Aguardando despacho;produto fora de linha - substituido
PA-2023-01289;11/19/2023 11:30 AM;11/19/2023 11:50 AM;Pata Amiga Palhoça;;Pagani;Med.;Pix;9;1;-;24.5;1.005,43;482,61;522,82;;loja fisica;;;;;;;Retirada na loja;
PA-2023-01298;11/19/2023 11:05 AM;11/19/2023 11:55 AM;Pata Amiga Lages;LJ-025;;Petisco;CARTAO DE CREDITO;6;0;0;5.6;167,09;55,31;R$ 111,78;S;APP;2023-11-22;2023-11-23;2023-11-25;;;Rapido Catarinense;Despachado - em transito;
PA-2023-01253;11/19/2023 02:20 AM;11/19/2023 12:20 PM;pata amiga ibirama;LJ-011;Nossa Senhora de Fatima;petisco;pix;8;0;0;10.9;224,06;107.55;116,51;sim;LOJA FISICA;;;;;;;Retirada na loja;
PA-2023-01231;11/19/2023 12:07 PM;11/19/2023 12:27 PM;PATA AMIGA INDAIAL;LJ-006;Nacoes;Medicamento;Boleto;10;1;0;24,0;653,06;R$ 313,47;R$ 339,59;SIM;App;2023-11-21;2023-11-22;2023-11-25;2023-11-28;R$ 52,00;TransPet Log;Entregue;pedido recorrente
PA-2023-01235;11/19/2023 12:25 PM;11/19/2023 12:35 PM;Pata Amiga Presidente Getulio;LJ-008;Alto Dona Luiza;RACAO;Cartão de Crédito;12;0;0;12.7;1244.87;597.54;R$ 647,33;1;app;2023-11-23;2023-11-24;2023-12-01;2023-12-06;R$ 22,29;Logistica Propria;Entregue;
PA-2023-01247;11/19/2023 11:35 AM;11/19/2023 01:35 PM;Pata Amiga Ituporanga;;Vila Nova;Medicamentos;PIX;14;0;2;58.4;1.303,07;625.47;677,60;true;loja fisica;;;;;;;Retirada na loja;pedido recorrente
PA-2023-01310;11/19/2023 11:35 AM;11/19/2023 01:35 PM;Pata Amiga Otacílio Costa;LJ-027;Bela Vista;Ração;CARTAO DE CREDITO;13;0;0;12.6;R$ 2.480,32;R$ 820,99;1659.33;1;;2023-11-23;2023-11-24;2023-12-01;2023-12-06;39;Rapido Catarinense;Entregue;
PA-2023-01250;11/19/2023 01:12 PM;11/19/2023 01:47 PM;Pata Amiga Ibirama/SC;LJ-011;Bela Alianca;RAÇÃO;Pix;6;n/d;0;18,2;737,05;-;383,27;Sim;App Pata Amiga;2023-11-24;2023-11-24;2023-12-03;2023-12-07;31,11;Correios;Entregue;cliente pediu entrega no periodo da tarde
PA-2023-01282;11/19/2023 01:47 PM;11/19/2023 02:07 PM;pata amiga itapoa;;Figueira do Pontal;Med.;VALE PET;8;0;-;30.6;819.68;305;R$ 513,94;Sim;WHATSAPP;2023-11-26;2023-11-26;2023-12-09;2023-12-11;R$ 104,07;Entrega Expressa SC;Entregue;
PA-2023-01256;11/19/2023 11:35 AM;11/19/2023 02:35 PM;PATA AMIGA RIO DOS CEDROS;;Centro;Hig.;Cartão de Débito;11;1;0;27.6;R$ 449,43;215,73;233;S;App;2023-11-22;2023-11-22;2023-11-25;2023-11-29;93,99;Correios;Entregue;pedido recorrente
PA-2023-01251;11/19/2023 02:05 PM;11/19/2023 02:55 PM;Pata Amiga Ibirama/SC;;Bela Alianca;Ração;boleto;-;n/d;0;18,8;3.181,89;R$ 1.527,31;1654.58;V;App Pata Amiga;2023-11-23;2023-11-25;2023-12-04;2023-12-08;R$ 49,88;Correios;Entregue;
PA-2023-01297;11/19/2023 01:15 PM;11/19/2023 03:15 PM;pata amiga lages;LJ-025;Guarujal;Racao Seca;Cartao de Debito;6;0;0;21.0;R$ 574,48;190,15;R$ 384,33;Sim;APP;2023-11-21;2023-11-22;2023-11-27;2023-11-29;66,02;Entrega Expressa SC;Entregue;
PA-2023-01287;11/19/2023 05:25 AM;11/19/2023 03:25 PM;Pata Amiga Sao Jose Kobrasol;LJ-018;Forquilhinhas;racao;Pix;18;2;2;43.4;R$ 3.070,99;1.474,08;R$ 1.596,91;1;Loja Física;;;;;;;Retirada na loja;conferir endereco com o cliente
PA-2023-01269;11/19/2023 03:12 PM;11/19/2023 03:32 PM;PATA AMIGA JARAGUA DO SUL;LJ-014;Ilha da Figueira;higiene;CARTAO DE DEBITO;14;1;0;10.3;422;137,67;R$ 284,63;sim;APP;2023-11-21;2023-11-21;;;;Correios;Aguardando despacho;
PA-2023-01267;11/19/2023 03:30 PM;11/19/2023 03:50 PM;Pata Amiga Jaragua do Sul;;Ilha da Figueira;medicamento;Vale Pet;-;0;0;11.9;992.11;323;668,68;sim;Site;2023-11-20;2023-11-21;2023-11-25;2023-11-27;42,13;Entrega Expressa SC;Entregue;
PA-2023-01284;11/19/2023 03:52 PM;11/19/2023 04:02 PM;Pata Amiga São José Kobrasol;;Kobrasol;Racao;vale pet;;1;1;24.6;1131.58;543,16;588;;Loja Física;;;;;;;Retirada na loja;embalagem para presente
PA-2023-01280;11/19/2023 04:00 PM;11/19/2023 04:20 PM;Pata Amiga Itapoa;LJ-016;Figueira do Pontal;RACAO;Cartão de Débito;3;;0;9.9;393.53;146,79;246.74;;SITE;2023-11-23;2023-11-24;2023-12-04;2023-12-07;22;Entrega Expressa SC;Entregue;conferir endereco com o cliente
PA-2023-01274;11/19/2023 02:25 PM;11/19/2023 04:25 PM;PATA AMIGA SAO BENTO DO SUL;LJ-015;Centro;RAÇÃO;Dinheiro;11;1;1;7.5;1.626,61;606.73;1019.88;true;WHATSAPP;;;;;;;Pedido cancelado;embalagem para presente
PA-2023-01252;11/19/2023 04:07 PM;11/19/2023 04:27 PM;Pata Amiga Ibirama/SC;;Nossa Senhora de Fatima;Ração;Pix;12;1;0;33.4;1.317,64;632,47;685.17;SIM;WHATSAPP;2023-11-24;2023-11-26;2023-12-09;2023-12-12;R$ 89,07;Entrega Expressa SC;Entregue;
PA-2023-01291;11/19/2023 02:30 PM;11/19/2023 04:30 PM;Pata Amiga Palhoça;LJ-019;Pagani;petisco;Cartao de Debito;12;0;0;49,1;R$ 256,34;123,04;133.30;true;Site;2023-11-21;2023-11-21;;;;Entrega Expressa SC;Aguardando despacho;aguardando confirmacao de estoque
PA-2023-01283;11/19/2023 03:45 PM;11/19/2023 04:35 PM;pata amiga itapoa;LJ-016;Figueira do Pontal;Racao Seca;Vale Pet;3;0;0;4.5;649,20;242,15;407.05;true;LOJA FISICA;;;;;;;Retirada na loja;
PA-2023-01234;11/19/2023 07:07 AM;11/19/2023 05:07 PM;Pata Amiga Presidente Getúlio;;Centro;Racao Medicamentosa;Pix;14;0;0;58.7;2055;986.64;;1;site;2023-11-25;2023-11-26;2023-12-04;2023-12-08;;Entrega Expressa SC;Entregue;aguardando confirmacao de estoque
PA-2023-01293;11/19/2023 03:47 PM;11/19/2023 05:07 PM;pata amiga tubarao;;Oficinas;Higiene e Beleza;CARTAO DE CREDITO;4;0;0;15.8;147.44;23,59;123,85;X;Loja Física;;;;;;;Retirada na loja;cliente pediu entrega no periodo da tarde
PA-2023-01233;11/19/2023 05:05 PM;11/19/2023 05:25 PM;Pata Amiga Presidente Getúlio;;Centro;Hig.;Cartao de Credito;15;2;0;10.7;676.33;324.64;351;1;Site;2023-11-23;2023-11-24;2023-12-11;2023-12-14;32,17;Rapido Catarinense;Entregue;
PA-2023-01224;11/19/2023 07:45 AM;11/19/2023 05:45 PM;Pata Amiga Timbo;LJ-005;;petisco;PIX;10;0;1;40.8;455,88;R$ 218,82;R$ 237,06;S;Site;2023-11-23;2023-11-24;;;;Correios;Aguardando despacho;produto fora de linha - substituido
PA-2023-01225;11/19/2023 03:47 PM;11/19/2023 05:47 PM;Pata Amiga Timbo;LJ-005;Centro;Ração;Pix;;2;0;48,2;2.071,12;994.14;1076.98;1;whatsapp;2023-11-24;2023-11-25;2023-11-26;2023-11-28;168,50;Rapido Catarinense;Entregue;pedido recorrente
PA-2023-01232;11/19/2023 07:47 AM;11/19/2023 05:47 PM; Pata Amiga Gaspar;LJ-007;Gasparinho;Rac.;Cartão de Débito;5;0;0;15,7;990,94;;R$ 870,05;SIM;Telefone;2023-11-21;2023-11-22;2023-11-26;2023-11-28;52,91;Logistica Propria;Entregue;
PA-2023-01258;11/19/2023 05:15 PM;11/19/2023 05:50 PM;Pata Amiga Rio dos cedros;LJ-012;Centro;racao;Debito;15;2;0;43.2;2687.82;R$ 1.290,15;1.397,67;true;app;;;;;;;Pedido cancelado;
PA-2023-01303;11/19/2023 12:52 PM;11/19/2023 05:52 PM;PATA AMIGA LAGES;LJ-025;Centro;RACAO;BOLETO;14;0;0;34.7;2.097,32;694.21;1.403,11;Sim;Site;2023-11-21;2023-11-23;2023-11-24;2023-11-26;R$ 69,41;Correios;Entregue;
PA-2023-01260;11/19/2023 04:40 PM;11/19/2023 06:00 PM;Pata Amiga Joinville Sul;LJ-013;Costa e Silva;Ração Medicamentosa;boleto;12;2;2;10.5;R$ 1.561,05;582,27;978,78;1;Loja Fisica;;;;;;;Retirada na loja;cliente pediu entrega no periodo da tarde
PA-2023-01275;11/19/2023 08:10 AM;11/19/2023 06:10 PM;PATA AMIGA SAO BENTO DO SUL;LJ-015;Oxford;Med.;Vale Pet;;0;0;30.7;778,36;290,33;488;1;LOJA FISICA;;;;;;;Retirada na loja;pedido recorrente
PA-2023-01246;11/19/2023 06:23 PM;11/19/2023 06:43 PM;pata amiga ituporanga;LJ-010;;Racao Seca;boleto;7;0;;11.8;R$ 1.004,52;482,17;R$ 522,35;S;;2023-11-25;;;;;Correios;Aguardando nota fiscal;produto fora de linha - substituido
PA-2023-01313;11/19/2023 01:55 PM;11/19/2023 06:55 PM;PATA AMIGA CURITIBANOS;;Santa Cruz;Hig.;VALE PET;8;0;2;21.0;361,70;R$ 119,72;;SIM;SITE;2023-11-21;2023-11-21;;;;Entrega Expressa SC;Aguardando despacho;pedido recorrente
PA-2023-01223;11/19/2023 05:38 PM;11/19/2023 06:58 PM;PATA AMIGA BRUSQUE;LJ-004;Santa Terezinha;acessorio;Debito;3;0;0;1.5;191.64;15,33;R$ 176,31;X;App Pata Amiga;;;;;;;Pedido cancelado;produto fora de linha - substituido
PA-2023-01307;11/19/2023 02:07 PM;11/19/2023 07:07 PM;Pata Amiga São Joaquim;;Santa Terezinha;Ração;CARTAO DE CREDITO;9;0;0;29.9;1.150,65;380,87;769,78;X;App;2023-11-21;2023-11-23;2023-11-30;2023-12-05;;Entrega Expressa SC;Entregue;
PA-2023-01218;11/19/2023 06:07 PM;11/19/2023 07:27 PM; Pata Amiga Blumenau Centro;LJ-001;Vorstadt;Brinquedos;dinheiro;5;0;0;11.1;265,47;R$ 32,39;233,08;true;Site;2023-11-22;2023-11-23;2023-11-27;;;Rapido Catarinense;Despachado - em transito;
PA-2023-01271;11/19/2023 06:10 PM;11/19/2023 07:30 PM;PATA AMIGA JARAGUA DO SUL;LJ-014;Barra do Rio Cerro;petisco;Pix;14;0;1;31,7;444.07;R$ 144,77;299.30;true;APP;2023-11-21;2023-11-22;;;;Logistica Propria;Aguardando despacho;
PA-2023-01244;11/19/2023 07:47 PM;11/19/2023 07:57 PM;Pata Amiga Ituporanga;;Centro;RAÇÃO;Pix;6;0;0;10,7;1.094,50;525.36;R$ 569,14;sim;App Pata Amiga;2023-11-23;2023-11-25;;;;Correios;Aguardando despacho;
PA-2023-01220;11/19/2023 07:52 PM;11/19/2023 08:02 PM; Pata Amiga Blumenau Centro;LJ-001;Velha;ACESSORIO;dinheiro;5;0;;10,1;472,82;57,68;415;sim;Loja Fisica;;;;;;;Retirada na loja;embalagem para presente
PA-2023-01230;11/19/2023 07:50 PM;11/19/2023 08:10 PM;PATA AMIGA TIMBO;LJ-005;Capitais;Petiscos;Pix;6;0;0;14.7;223;R$ 107,14;116,07;X;SITE;2023-11-21;2023-11-22;;;;Entrega Expressa SC;Aguardando despacho;produto fora de linha - substituido
PA-2023-01222;11/19/2023 03:52 PM;11/19/2023 08:52 PM;Pata Amiga Itajai Praia;LJ-003;Cabecudas;higiene;Cartao de Debito;4;0;0;16.0;247,32;-;227,53;1;Loja Fisica;;;;;;;Retirada na loja;
PA-2023-01295;11/19/2023 09:20 PM;11/19/2023 09:30 PM;Pata Amiga Lages;LJ-025;Habitacao;Petiscos;Cartao de Credito;14;2;0;21.3;320,03;105,93;R$ 214,10;sim;Loja Fisica;;;;;;;Retirada na loja;aguardando confirmacao de estoque
PA-2023-01227;11/19/2023 07:45 PM;11/19/2023 09:45 PM;Pata Amiga Timbó;;Capitais;RACAO;Vale Pet;12;N/I;0;39.2;2518.41;1.208,84;R$ 1.309,57;sim;SITE;;;;;;;Pedido cancelado;
PA-2023-01270;11/19/2023 11:55 AM;11/19/2023 09:55 PM;Pata Amiga Jaragua Do Sul;LJ-014;Barra do Rio Cerro;Racao Medicamentosa;Cartao de Credito;9;0;0;22.0;847,82;276,39;R$ 571,43;V;Loja Física;;;;;;;Retirada na loja;
PA-2023-01292;11/19/2023 10:45 PM;11/19/2023 10:55 PM;PATA AMIGA SANTO AMARO DA IMPERATRIZ;LJ-020;Centro;petisco;Debito;3;0;0;8.4;85,07;12,93;72.14;sim;App;2023-11-23;2023-11-25;2023-11-28;2023-12-02;R$ 20,22;Entrega Expressa SC;Entregue;produto fora de linha - substituido
PA-2023-01255;11/19/2023 08:20 PM;11/19/2023 11:20 PM;PATA AMIGA RIO DOS CEDROS;;Centro;Higiene;Cartao de Debito;11;1;0;12,8;391.65;R$ 187,99;203;1;site;2023-11-22;2023-11-24;2023-12-05;2023-12-09;33.87;Rapido Catarinense;Entregue;
PA-2023-01240;11/19/2023 10:55 PM;11/19/2023 11:45 PM;pata amiga taio;;;Ração;PIX;9;1;0;30.3;R$ 1.350,70;648,34;702,36;V;Tel.;2023-11-21;2023-11-22;2023-11-29;2023-12-02;57,29;Logistica Propria;Entregue;produto fora de linha - substituido
PA-2023-01229;11/19/2023 09:05 PM;11/20/2023 12:05 AM;Pata Amiga Timbo;;;medicamento;BOLETO;14;2;0;15,2;R$ 871,95;R$ 418,54;R$ 453,41;S;APP;2023-11-22;2023-11-23;2023-11-28;2023-11-29;R$ 49,20;Correios;Entregue;aguardando confirmacao de estoque
PA-2023-01241;11/19/2023 07:15 PM;11/20/2023 12:15 AM;Pata Amiga Taio;;Centro;PETISCO;Cartão de Crédito;10;0;0;41.3;418.62;200,94;217;sim;site;2023-11-25;2023-11-25;2023-12-02;2023-12-04;115.48;Entrega Expressa SC;Entregue;
PA-2023-01236;11/19/2023 10:30 PM;11/20/2023 01:30 AM;Pata Amiga Presidente Getúlio;LJ-008;Alto Dona Luiza;Racao Seca;DINHEIRO;8;0;0;30.2;1.399,72;671,87;727.85;Sim;;2023-11-22;2023-11-22;2023-12-02;2023-12-04;80.24;Entrega Expressa SC;Entregue;produto fora de linha - substituido
PA-2023-01221;11/19/2023 03:35 PM;11/20/2023 01:35 AM;pata amiga blumenau centro;;Itoupava Norte;servico;CARTAO DE DEBITO;2;0;0;1,5;R$ 246,54;30,08;R$ 216,46;SIM;App Pata Amiga;;;;;;;Pedido cancelado;produto fora de linha - substituido
PA-2023-01315;11/20/2023 01:35 AM;11/20/2023 01:55 AM;Pata Amiga Blumenau Centro/SC;;Ribeirao Fresco;Higiene e Beleza;CARTAO DE DEBITO;15;1;0;49.7;-;-;492;S;;2023-11-21;2023-11-22;2023-11-25;2023-11-27;R$ 163,69;Logistica Propria;Entregue;cliente pediu entrega no periodo da tarde
PA-2023-01299;11/19/2023 04:07 PM;11/20/2023 02:07 AM;PATA AMIGA LAGES;;Habitacao;RAÇÃO;CARTAO DE CREDITO;15;1;0;20,0;1.680,48;R$ 556,24;R$ 1.124,24;Sim;TELEFONE;2023-11-24;2023-11-25;2023-11-27;;;TransPet Log;Despachado - em transito;produto fora de linha - substituido
PA-2023-01381;11/20/2023 01:38 AM;11/20/2023 02:13 AM;Pata Amiga Palhoca;LJ-019;;racao;Cartao de Debito;6;0;1;12,3;1.058,54;R$ 386,37;672,17;true;App;2023-11-22;2023-11-23;2023-11-25;2023-11-27;38;Logistica Propria;Entregue;
PA-2023-01323;11/20/2023 12:23 AM;11/20/2023 02:23 AM;PATA AMIGA RIO DOS CEDROS;LJ-012;Centro;Medicamentos;boleto;5;0;0;2,4;539,63;86.88;452.75;1;LOJA FISICA;;;;;;;Retirada na loja;conferir endereco com o cliente
PA-2023-01359;11/20/2023 12:40 AM;11/20/2023 02:40 AM;Pata Amiga São Bento do Sul;;Oxford;Petisco;VALE PET;7;0;0;4.2;354,42;R$ 170,12;184.30;1;telefone;2023-11-22;2023-11-22;2023-11-24;2023-11-26;16.86;TransPet Log;Entregue;aguardando confirmacao de estoque
PA-2023-01341;11/20/2023 03:47 AM;11/20/2023 03:57 AM;Pata Amiga Joinville Sul;LJ-013;Vila Nova;Racao Seca;Vale Pet;15;1;0;25.6;3.269,97;1.569,59;1700.38;X;site;2023-11-21;2023-11-22;2023-11-24;2023-11-26;77,31;Entrega Expressa SC;Entregue;pedido recorrente
PA-2023-01277;11/19/2023 06:00 PM;11/20/2023 04:00 AM;Pata Amiga Sao Bento do Sul;;Centro;PETISCO;PIX;5;0;2;4,5;114,93;-;R$ 72,06;sim;loja fisica;;;;;;;Retirada na loja;
PA-2023-01379;11/20/2023 02:55 AM;11/20/2023 04:15 AM;Pata Amiga São Jose Kobrasol;;Real Parque;medicamento;Cartão de Crédito;8;0;0;22,5;1160.92;423;R$ 737,18;true;Loja Fisica;;;;;;;Retirada na loja;conferir endereco com o cliente
PA-2023-01352;11/20/2023 04:23 AM;11/20/2023 04:43 AM;Pata Amiga Jaragua do Sul;LJ-014;Centro;Ração;Cartão de Débito;;1;0;42,3;1697;814,64;882,52;X;Loja Fisica;;;;;;;Retirada na loja;aguardando confirmacao de estoque
PA-2023-01369;11/20/2023 02:45 AM;11/20/2023 04:45 AM;PATA AMIGA SAO JOSE KOBRASOL;;Campinas;Higiene e Beleza;Boleto;9;0;;10.8;R$ 235,73;86,04;149,69;sim;Whatsapp;2023-11-22;2023-11-22;2023-11-26;;;Logistica Propria;Despachado - em transito;
PA-2023-01327;11/20/2023 04:47 AM;11/20/2023 05:22 AM;Pata Amiga Joinville Sul/SC;LJ-013;Aventureiro;Ração;pix;13;0;;13.1;2.873,57;1379.31;R$ 1.494,26;X;site;2023-11-21;2023-11-22;;;;Logistica Propria;Aguardando despacho;pedido recorrente
PA-2023-01285;11/19/2023 07:38 PM;11/20/2023 05:38 AM;PATA AMIGA SAO JOSE KOBRASOL;;Forquilhinhas;medicamento;DINHEIRO;16;;0;65.7;1906.49;915,12;991,37;S;WhatsApp;2023-11-23;2023-11-24;2023-11-25;2023-11-27;188,05;TransPet Log;Entregue;conferir endereco com o cliente
PA-2023-01324;11/20/2023 02:45 AM;11/20/2023 05:45 AM;Pata Amiga Joinville Sul/SC;LJ-013;Costa e Silva;higiene;Vale Pet;6;;2;23.5;R$ 370,37;177,78;192.59;SIM;site;2023-11-21;2023-11-22;2023-11-24;2023-11-25;53,56;Rapido Catarinense;Entregue;
PA-2023-01326;11/20/2023 05:45 AM;11/20/2023 05:55 AM;pata amiga joinville sul;LJ-013;Vila Nova;petisco;CARTAO DE CREDITO;6;0;0;18.1;R$ 291,89;140.11;151,78;X;Loja Física;;;;;;;Retirada na loja;
PA-2023-01383;11/20/2023 05:47 AM;11/20/2023 06:07 AM;Pata Amiga Palhoca;;Passa Vinte;Ração;Cartão de Crédito;;1;0;20.5;1.338,89;488.69;850,20;Sim;site;2023-11-22;2023-11-23;2023-11-27;2023-11-28;31;Entrega Expressa SC;Entregue;cliente pediu entrega no periodo da tarde
PA-2023-01377;11/20/2023 01:15 AM;11/20/2023 06:15 AM;PATA AMIGA SAO JOSE KOBRASOL;;Real Parque;Petisco;Boleto;8;1;2;16,5;176,35;64,37;R$ 111,98;SIM;;2023-11-21;2023-11-21;2023-11-24;2023-11-26;R$ 54,58;TransPet Log;Entregue;
PA-2023-01378;11/20/2023 06:05 AM;11/20/2023 06:25 AM;Pata Amiga Sao Jose Kobrasol/SC;;;Rac.;vale pet;10;0;0;34.2;R$ 1.428,47;521.39;907,08;V;SITE;2023-11-23;2023-11-24;2023-11-25;;;Entrega Expressa SC;Despachado - em transito;
PA-2023-01333;11/20/2023 08:15 AM;11/20/2023 08:35 AM;Pata Amiga Joinville Sul;LJ-013;Jarivatuba;PETISCO;Credito;11;1;0;39,1;R$ 433,85;208,25;225,60;sim;SITE;2023-11-22;2023-11-23;2023-11-26;2023-11-28;84;Entrega Expressa SC;Entregue;
PA-2023-01364;11/20/2023 08:12 AM;11/20/2023 08:47 AM;Pata Amiga Itapoa;LJ-016;Figueira do Pontal;Medicamento;CARTAO DE CREDITO;10;1;0;24.1;632,89;303.79;329,10;true;Loja Fisica;;;;;;;Retirada na loja;
PA-2023-01351;11/20/2023 08:40 AM;11/20/2023 08:50 AM;Pata Amiga Jaraguá do Sul;LJ-014;Centro;Ração;boleto;18;1;;53.8;1977.49;R$ 949,20;R$ 1.028,29;X;App;2023-11-22;2023-11-22;2023-11-25;2023-11-27;100,47;Entrega Expressa SC;Entregue;pedido recorrente
PA-2023-01301;11/19/2023 11:23 PM;11/20/2023 09:23 AM;pata amiga lages;;Centro;Racao Medicamentosa;vale pet;11;0;0;25.8;994.25;329,10;665;X;APP;2023-11-23;2023-11-23;2023-11-26;2023-11-27;R$ 75,52;Correios;Entregue;aguardando confirmacao de estoque
PA-2023-01384;11/20/2023 09:40 AM;11/20/2023 10:00 AM;Pata Amiga Palhoça;LJ-019;Ponte do Imaruim;Ração;Cartao de Credito;13;0;0;20.3;1349;;856,83;SIM;App;2023-11-22;2023-11-22;2023-11-23;2023-11-25;35.37;Correios;Entregue;pedido recorrente
PA-2023-01329;11/20/2023 08:45 AM;11/20/2023 10:05 AM;pata amiga joinville sul;LJ-013;Costa e Silva;Medicamentos;pix;6;0;1;15.1;R$ 566,92;;294;X;APP;;;;;;;Pedido cancelado;embalagem para presente
PA-2023-01336;11/20/2023 09:45 AM;11/20/2023 10:05 AM;Pata Amiga Joinville Sul/SC;;Costa e Silva;racao;Debito;12;0;0;33.9;2264;1.086,77;1.177,33;S;loja fisica;;;;;;;Retirada na loja;pedido recorrente
PA-2023-01374;11/20/2023 09:55 AM;11/20/2023 10:30 AM;Pata Amiga São Jose Kobrasol;LJ-018;Kobrasol;Ração Medicamentosa;Vale Pet;10;;0;27.9;1149.04;419,40;729,64;S;APP;2023-11-22;2023-11-23;2023-11-27;2023-11-29;53,86;Entrega Expressa SC;Entregue;cliente pediu entrega no periodo da tarde
PA-2023-01363;11/20/2023 09:45 AM;11/20/2023 11:05 AM;Pata Amiga Itapoá;LJ-016;Figueira do Pontal;medicamento;CARTAO DE CREDITO;13;0;0;45.0;R$ 797,01;382;414,45;sim;WHATSAPP;2023-11-24;2023-11-24;2023-12-05;2023-12-07;R$ 82,32;TransPet Log;Entregue;aguardando confirmacao de estoque
PA-2023-01334;11/20/2023 06:20 AM;11/20/2023 11:20 AM;Pata Amiga Joinville Sul;;Aventureiro;Med.;Cartão de Crédito;19;0;0;61.0;2.585,18;1240.89;1.344,29;X;WHATSAPP;2023-11-21;2023-11-22;2023-11-28;2023-11-30;R$ 151,00;TransPet Log;Entregue;aguardando confirmacao de estoque
PA-2023-01330;11/20/2023 06:25 AM;11/20/2023 11:25 AM;Pata Amiga Joinville Sul/SC;;Aventureiro;racao;Especie;8;0;;9.8;1.208,37;R$ 580,02;R$ 628,35;SIM;App;2023-11-23;2023-11-23;2023-11-26;2023-11-27;R$ 37,24;Rapido Catarinense;Entregue;
PA-2023-01375;11/20/2023 10:35 AM;11/20/2023 11:25 AM;Pata Amiga São José Kobrasol;LJ-018;Campinas;RAÇÃO;BOLETO;9;0;0;16.6;1.358,02;R$ 495,68;R$ 862,34;X;Loja Fisica;;;;;;;Retirada na loja;pedido recorrente
PA-2023-01337;11/20/2023 08:35 AM;11/20/2023 11:35 AM;Pata Amiga Joinville Sul/SC;LJ-013;;higiene;vale pet;13;1;0;47.1;454.24;R$ 218,04;236,20;1;whatsapp;2023-11-23;2023-11-24;;;;Correios;Aguardando despacho;pedido recorrente
PA-2023-01362;11/20/2023 11:07 AM;11/20/2023 11:42 AM;Pata Amiga Itapoa;LJ-016;Figueira do Pontal;Hig.;Debito;12;0;0;26,5;599.94;R$ 287,97;311,97;Sim;app;2023-11-24;2023-11-25;;;;Logistica Propria;Aguardando despacho;
PA-2023-01331;11/20/2023 10:25 AM;11/20/2023 11:45 AM;Pata Amiga Joinville Sul/SC;LJ-013;Jarivatuba;Higiene e Beleza;CARTAO DE CREDITO;6;0;0;7.3;308,61;148;160;Sim;LOJA FISICA;;;;;;;Retirada na loja;
PA-2023-01325;11/20/2023 10:07 AM;11/20/2023 12:07 PM;pata amiga joinville sul;LJ-013;Boa Vista;medicamento;Vale Pet;16;2;0;15.1;1.903,43;913;989,78;SIM;site;2023-11-23;2023-11-24;2023-11-26;2023-11-28;51.86;Logistica Propria;Entregue;
PA-2023-01322;11/20/2023 12:00 PM;11/20/2023 12:10 PM;Pata Amiga Ituporanga;;Vila Nova;Brinquedo;vale pet;5;0;0;12,8;239,06;12,19;R$ 226,87;sim;Loja Fisica;;;;;;;Retirada na loja;produto fora de linha - substituido
PA-2023-01354;11/20/2023 10:52 AM;11/20/2023 12:12 PM;Pata Amiga Jaragua do Sul;;Centro;Higiene e Beleza;CARTAO DE CREDITO;17;2;;48,8;1039;499,04;540,62;V;SITE;;;;;;;Pedido cancelado;cliente pediu entrega no periodo da tarde
PA-2023-01328;11/20/2023 12:25 PM;11/20/2023 12:35 PM;Pata Amiga Joinville Sul/SC;LJ-013;;RACAO;Credito;14;2;0;46.5;2763.48;R$ 1.326,47;1437;V;Tel.;2023-11-21;;;;;Logistica Propria;Aguardando nota fiscal;aguardando confirmacao de estoque
PA-2023-01357;11/20/2023 02:47 AM;11/20/2023 12:47 PM;Pata Amiga Sao Bento do Sul;LJ-015;Oxford;PETISCO;Debito;6;0;0;18,2;260,79;125;R$ 135,61;1;SITE;2023-11-23;2023-11-24;2023-11-29;;;Correios;Despachado - em transito;embalagem para presente
PA-2023-01342;11/20/2023 12:25 PM;11/20/2023 01:00 PM;pata amiga joinville sul;LJ-013;Aventureiro;RACAO;vale pet;14;1;;25.5;;781,01;846,10;X;loja fisica;;;;;;;Retirada na loja;embalagem para presente
PA-2023-01372;11/20/2023 03:10 AM;11/20/2023 01:10 PM;PATA AMIGA SAO JOSE KOBRASOL;LJ-018;Campinas;PETISCO;boleto;5;0;0;4.1;162;59,35;103,25;SIM;App;2023-11-22;2023-11-23;2023-11-27;2023-11-29;10,78;Rapido Catarinense;Entregue;pedido recorrente
PA-2023-01344;11/20/2023 12:12 PM;11/20/2023 01:32 PM;Pata Amiga Joinville Sul/SC;LJ-013;Costa e Silva;Racao Seca;CARTAO DE CREDITO;10;0;0;22.5;R$ 926,44;R$ 444,69;481,75;Sim;LOJA FISICA;;;;;;;Retirada na loja;pedido recorrente
PA-2023-01349;11/20/2023 11:38 AM;11/20/2023 01:38 PM;Pata Amiga Jaragua do Sul;;Jaragua Esquerdo;Rac.;pix;12;0;0;40.6;1893;R$ 908,75;984;S;Site;2023-11-22;2023-11-23;2023-11-24;2023-11-27;;TransPet Log;Entregue;
PA-2023-01370;11/20/2023 10:55 AM;11/20/2023 01:55 PM;Pata Amiga São José Kobrasol;LJ-018;;petisco;boleto;10;0;0;17.9;R$ 433,81;R$ 158,34;275.47;1;WhatsApp;2023-11-22;2023-11-24;2023-11-26;2023-11-28;R$ 30,97;Entrega Expressa SC;Entregue;
PA-2023-01365;11/20/2023 11:15 AM;11/20/2023 02:15 PM;Pata Amiga Itapoá;;Balneario Itapoa;Ração;Cartão de Débito;6;0;0;3.0;1203;577.73;R$ 625,87;SIM;app;2023-11-21;2023-11-23;2023-12-07;2023-12-09;R$ 13,60;Entrega Expressa SC;Entregue;conferir endereco com o cliente
PA-2023-01373;11/20/2023 01:07 PM;11/20/2023 02:27 PM;Pata Amiga Sao Jose Kobrasol/SC;;Forquilhinhas;higiene;DINHEIRO;8;0;0;28.1;331;121,06;210,61;Sim;App;2023-11-23;2023-11-24;2023-11-27;2023-11-28;83,97;Rapido Catarinense;Entregue;
PA-2023-01332;11/20/2023 11:38 AM;11/20/2023 02:38 PM;Pata Amiga Joinville Sul;LJ-013;Costa e Silva;HIGIENE;Debito;16;1;0;42.6;R$ 733,18;351,93;R$ 381,25;V;Site;2023-11-21;2023-11-21;2023-11-25;2023-11-28;65,15;Rapido Catarinense;Entregue;aguardando confirmacao de estoque
PA-2023-01350;11/20/2023 11:50 AM;11/20/2023 02:50 PM;Pata Amiga Jaragua Do Sul;;Ilha da Figueira;RACAO;Cartão de Débito;15;1;0;45.7;2.689,06;1290;R$ 1.398,31;true;Site;2023-11-21;2023-11-21;2023-11-26;2023-11-28;R$ 117,16;TransPet Log;Entregue;
PA-2023-01367;11/20/2023 12:07 PM;11/20/2023 03:07 PM;Pata Amiga Sao Jose Kobrasol;;Real Parque;Ração Medicamentosa;VALE PET;-;0;0;19,3;875,44;319,54;R$ 555,90;true;Tel.;2023-11-22;2023-11-22;2023-11-25;;;TransPet Log;Despachado - em transito;
PA-2023-01339;11/20/2023 06:07 AM;11/20/2023 04:07 PM;pata amiga joinville sul;LJ-013;Aventureiro;Petisco;PIX;2;0;;4.1;46.06;22,11;23;1;site;2023-11-21;2023-11-21;2023-11-24;2023-11-26;12,39;Logistica Propria;Entregue;aguardando confirmacao de estoque
PA-2023-01356;11/20/2023 03:50 PM;11/20/2023 04:10 PM;PATA AMIGA SAO BENTO DO SUL;;Oxford;RACAO;Vale Pet;9;;0;23.2;1087;521.84;R$ 565,33;Sim;APP;2023-11-23;2023-11-24;;;;Correios;Aguardando despacho;aguardando confirmacao de estoque
PA-2023-01335;11/20/2023 06:15 AM;11/20/2023 04:15 PM;PATA AMIGA JOINVILLE SUL;LJ-013;Vila Nova;PETISCO;Boleto;12;0;0;39.3;R$ 613,30;294,38;318,92;S;loja fisica;;;;;;;Retirada na loja;
PA-2023-01371;11/20/2023 03:50 PM;11/20/2023 04:25 PM;Pata Amiga São Jose Kobrasol;;Real Parque;Petisco;Cartao de Debito;11;1;0;45.3;355;129.62;R$ 225,50;Sim;Site;2023-11-21;2023-11-22;2023-11-24;;;Correios;Despachado - em transito;cliente pediu entrega no periodo da tarde
PA-2023-01321;11/20/2023 04:15 PM;11/20/2023 05:05 PM;pata amiga gaspar;;Poco Grande;RACAO;PIX;14;0;0;10.7;R$ 1.649,40;;857,69;SIM;Tel.;2023-11-23;2023-11-24;2023-11-28;2023-11-29;31.62;Logistica Propria;Entregue;embalagem para presente
PA-2023-01360;11/20/2023 04:07 PM;11/20/2023 05:27 PM;PATA AMIGA SAO BENTO DO SUL;;Serra Alta;MEDICAMENTO;Cartão de Crédito;6;0;0;24.4;R$ 545,24;261,72;283;Sim;Loja Fisica;;;;;;;Retirada na loja;conferir endereco com o cliente
PA-2023-01338;11/20/2023 07:55 AM;11/20/2023 05:55 PM;pata amiga joinville sul;;Jarivatuba;higiene;Pix;10;0;0;33.4;R$ 456,63;219,18;237,45;S;Loja Fisica;;;;;;;Retirada na loja;
PA-2023-01346;11/20/2023 05:10 PM;11/20/2023 06:00 PM;Pata Amiga Jaraguá do Sul;LJ-014;Ilha da Figueira;Rac.;Vale Pet;11;0;0;6.5;2259;1084.35;1174.71;Sim;SITE;2023-11-22;2023-11-23;2023-11-28;2023-11-30;R$ 14,94;Entrega Expressa SC;Entregue;embalagem para presente
PA-2023-01345;11/20/2023 03:12 PM;11/20/2023 06:12 PM;PATA AMIGA JARAGUA DO SUL;LJ-014;Ilha da Figueira;Higiene e Beleza;vale pet;5;0;0;10,3;250.53;120;130.28;sim;site;2023-11-22;2023-11-23;2023-11-26;2023-11-28;25;Rapido Catarinense;Entregue;
PA-2023-01366;11/20/2023 03:12 PM;11/20/2023 06:12 PM;PATA AMIGA FLORIANOPOLIS NORTE;LJ-017;Rio Vermelho;petisco;Vale Pet;4;0;0;11.4;R$ 169,66;27,82;141,84;;Site;2023-11-23;2023-11-24;2023-11-27;2023-11-29;32,42;Correios;Entregue;
PA-2023-01317;11/20/2023 08:45 AM;11/20/2023 06:45 PM;Pata Amiga Rio do sul;LJ-002;Budag;medicamento;Cartao de Credito;4;0;0;13.3;522,54;60,61;R$ 461,93;V;whatsapp;2023-11-21;2023-11-22;2023-11-25;2023-11-28;R$ 34,71;TransPet Log;Entregue;
PA-2023-01318;11/20/2023 01:55 PM;11/20/2023 06:55 PM; Pata Amiga Rio do Sul;;Canta Galo;Petisco;VALE PET;6;0;0;4.1;263,05;;232,54;true;Tel.;2023-11-21;2023-11-21;2023-11-25;2023-11-28;15.63;Correios;Entregue;embalagem para presente
PA-2023-01320;11/20/2023 07:45 PM;11/20/2023 07:55 PM;pata amiga indaial;;Nacoes;ACESSORIO;Debito;5;0;0;8.3;317,35;51.09;266.26;Sim;app;2023-11-23;2023-11-23;2023-11-26;2023-11-29;R$ 16,54;Logistica Propria;Entregue;
PA-2023-01376;11/20/2023 05:55 PM;11/20/2023 07:55 PM;PATA AMIGA SAO JOSE KOBRASOL;LJ-018;Campinas;petisco;Vale Pet;13;1;0;49.8;618,37;225.71;392,66;1;WhatsApp;2023-11-22;2023-11-23;2023-11-27;2023-11-29;107.13;Correios;Entregue;aguardando confirmacao de estoque
PA-2023-01380;11/20/2023 07:20 PM;11/20/2023 07:55 PM;Pata Amiga São Jose Kobrasol;;Kobrasol;Ração;Dinheiro;13;1;0;39,8;R$ 1.992,83;R$ 727,38;1.265,45;S;Telefone;2023-11-21;2023-11-22;2023-11-25;2023-11-26;111.70;Entrega Expressa SC;Entregue;
PA-2023-01382;11/20/2023 07:07 PM;11/20/2023 07:57 PM;PATA AMIGA PALHOCA;;Pagani;Racao Seca;vale pet;1;0;1;0,8;R$ 190,43;69,51;R$ 120,92;sim;SITE;2023-11-22;2023-11-22;2023-11-23;2023-11-27;6,97;TransPet Log;Entregue;aguardando confirmacao de estoque
PA-2023-01353;11/20/2023 08:05 PM;11/20/2023 08:25 PM;Pata Amiga Jaragua Do Sul;LJ-014;Ilha da Figueira;RAÇÃO;CARTAO DE CREDITO;8;0;0;30,5;;768.62;R$ 832,68;sim;loja fisica;;;;;;;Retirada na loja;embalagem para presente
PA-2023-01347;11/20/2023 06:40 PM;11/20/2023 09:40 PM;Pata Amiga Jaragua Do Sul;;Centro;Ração Medicamentosa;boleto;5;0;0;19,3;332;159,81;R$ 173,13;sim;whatsapp;2023-11-22;2023-11-23;2023-11-25;2023-11-26;;Entrega Expressa SC;Entregue;conferir endereco com o cliente
PA-2023-01355;11/20/2023 09:30 PM;11/20/2023 09:50 PM;Pata Amiga Jaragua do Sul;LJ-014;Centro;Rac.;Cartao de Credito;7;1;0;28,5;-;671;727,90;Sim;App;2023-11-22;2023-11-23;2023-11-28;2023-11-30;82,62;Logistica Propria;Entregue;embalagem para presente
PA-2023-01385;11/20/2023 09:52 PM;11/20/2023 10:12 PM;Pata Amiga Palhoça;;Passa Vinte;Higiene;Cartao de Debito;9;0;0;27.4;R$ 442,63;161.56;281,07;1;Site;;;;;;;Pedido cancelado;cliente pediu entrega no periodo da tarde
PA-2023-01343;11/20/2023 09:00 PM;11/20/2023 10:20 PM;pata amiga joinville sul;LJ-013;Aventureiro;Rac.;boleto;13;0;0;5,8;R$ 2.267,03;R$ 1.088,17;1178.86;sim;Site;2023-11-23;;;;;Entrega Expressa SC;Aguardando nota fiscal;
PA-2023-01358;11/20/2023 10:00 PM;11/20/2023 11:20 PM;Pata Amiga Sao Bento do Sul;LJ-015;Serra Alta;racao;CARTAO DE DEBITO;14;0;0;46.7;2.303,37;R$ 1.105,62;R$ 1.197,75;SIM;loja fisica;;;;;;;Retirada na loja;
PA-2023-01368;11/20/2023 11:15 PM;11/20/2023 11:35 PM;Pata Amiga Sao Jose Kobrasol;;Forquilhinhas;Racao Seca;Cartao de Credito;14;0;0;34.1;2075;757.65;1318;Sim;site;2023-11-21;2023-11-22;2023-11-26;2023-11-29;51,60;Rapido Catarinense;Entregue;
PA-2023-01419;11/21/2023 12:20 AM;11/21/2023 12:40 AM;Pata Amiga Rio dos cedros;LJ-012;Centro;higiene;CARTAO DE CREDITO;;0;0;15,3;467,96;R$ 224,62;243,34;sim;loja fisica;;;;;;;Retirada na loja;
PA-2023-01319;11/20/2023 11:52 PM;11/21/2023 12:42 AM;Pata Amiga Timbó;;;Racao;boleto;3;0;0;9.3;595;95;499,48;S;SITE;2023-11-24;;;;;TransPet Log;Aguardando nota fiscal;
PA-2023-01340;11/20/2023 03:55 PM;11/21/2023 01:55 AM;PATA AMIGA JOINVILLE SUL;LJ-013;Vila Nova;HIGIENE;Debito;10;1;0;32.5;R$ 584,76;R$ 280,68;304;;Site;2023-11-23;2023-11-23;2023-11-27;2023-11-28;75,97;Correios;Entregue;
PA-2023-01316;11/20/2023 04:30 PM;11/21/2023 02:30 AM;Pata Amiga Blumenau Centro/SC;LJ-001;Velha;petisco;Debito;8;0;1;19.0;351,43;168,69;182,74;S;APP;2023-11-24;2023-11-26;2023-11-30;2023-12-02;51.38;TransPet Log;Entregue;conferir endereco com o cliente
PA-2023-01348;11/20/2023 10:12 PM;11/21/2023 03:12 AM;Pata Amiga Jaragua do Sul;LJ-014;Jaragua Esquerdo;Racao Seca;Boleto;19;;n/d;77.0;2.901,76;1392;R$ 1.508,92;V;APP;2023-11-24;2023-11-25;2023-11-26;2023-11-30;242,68;Correios;Entregue;
PA-2023-01438;11/21/2023 03:12 AM;11/21/2023 03:22 AM;pata amiga florianopolis norte;LJ-017;Saco Grande;acessorio;Vale Pet;3;0;0;5.3;R$ 164,90;5.28;R$ 159,62;1;site;2023-11-23;2023-11-24;2023-11-29;;;Rapido Catarinense;Despachado - em transito;pedido recorrente
PA-2023-01361;11/20/2023 11:52 PM;11/21/2023 04:52 AM;PATA AMIGA ITAPOA;;Balneario Itapoa;HIGIENE;VALE PET;14;1;0;18.4;448,19;215,13;233,06;SIM;Site;2023-11-25;2023-11-26;2023-12-10;2023-12-11;67,00;Rapido Catarinense;Entregue;cliente pediu entrega no periodo da tarde
PA-2023-01441;11/21/2023 05:15 AM;11/21/2023 05:35 AM;Pata Amiga Santo Amaro da Imperatriz;LJ-020;Braco Sao Joao;Ração Medicamentosa;pix;5;0;0;12.5;R$ 332,54;30.26;302.28;;;2023-11-23;2023-11-24;;;;Entrega Expressa SC;Aguardando despacho;
PA-2023-01392;11/21/2023 05:07 AM;11/21/2023 05:57 AM;pata amiga blumenau centro;;Progresso;Petisco;vale pet;9;0;0;16,2;400.89;192.43;208;sim;app;2023-11-23;2023-11-24;2023-11-28;2023-12-01;55.84;Correios;Entregue;
PA-2023-01388;11/21/2023 05:50 AM;11/21/2023 06:00 AM; Pata Amiga Blumenau Centro;LJ-001;Vorstadt;Petisco;Vale Pet;;0;0;5.7;R$ 99,41;47,72;51.69;V;site;2023-11-23;2023-11-24;2023-11-26;2023-11-29;12,54;Rapido Catarinense;Entregue;
PA-2023-01437;11/21/2023 03:25 AM;11/21/2023 06:25 AM;PATA AMIGA ITAPOA;;Balneario Itapoa;RACAO;pix;7;1;0;18.1;1.490,96;R$ 311,61;R$ 1.179,35;S;APP;2023-11-25;2023-11-26;2023-12-04;;;Logistica Propria;Despachado - em transito;embalagem para presente
PA-2023-01386;11/21/2023 06:12 AM;11/21/2023 06:47 AM;pata amiga blumenau centro;LJ-001;Ribeirao Fresco;Racao;Cartao de Credito;16;2;0;21.1;R$ 1.886,82;905.67;981,15;X;App Pata Amiga;2023-11-23;;;;;Entrega Expressa SC;Aguardando nota fiscal;pedido recorrente
PA-2023-01394;11/21/2023 02:12 AM;11/21/2023 07:12 AM; Pata Amiga Rio do Sul;LJ-002;Canta Galo;RACAO;PIX;6;0;0;22.0;1.116,58;R$ 330,51;786,07;S;App Pata Amiga;2023-11-22;2023-11-23;2023-11-29;2023-12-01;44,55;Logistica Propria;Entregue;
PA-2023-01435;11/21/2023 02:20 AM;11/21/2023 07:20 AM;PATA AMIGA SAO BENTO DO SUL;;Oxford;petisco;pix;7;0;0;22.1;297.36;62.15;R$ 235,21;V;Site;2023-11-23;2023-11-24;;;;Entrega Expressa SC;Aguardando despacho;
PA-2023-01436;11/21/2023 06:10 AM;11/21/2023 07:30 AM;Pata Amiga Itapoá;;Figueira do Pontal;RACAO;VALE PET;;;0;6,4;331,63;R$ 69,31;262.32;SIM;app;2023-11-23;2023-11-24;2023-12-10;2023-12-11;;TransPet Log;Entregue;
PA-2023-01433;11/21/2023 07:30 AM;11/21/2023 07:50 AM;Pata Amiga Jaraguá do Sul;LJ-014;Jaragua Esquerdo;Petisco;vale pet;8;0;0;10.0;256.80;52.90;203.90;X;App;2023-11-23;2023-11-24;2023-11-25;;;Rapido Catarinense;Despachado - em transito;
PA-2023-01402;11/21/2023 03:05 AM;11/21/2023 08:05 AM;Pata Amiga Indaial;LJ-006;Nacoes;Higiene;boleto;4;0;0;10,4;111.65;53.59;58,06;V;app;2023-11-22;2023-11-22;2023-11-26;;;TransPet Log;Despachado - em transito;cliente pediu entrega no periodo da tarde
PA-2023-01400;11/21/2023 07:30 AM;11/21/2023 08:20 AM;pata amiga indaial;LJ-006;Nacoes;Ração Medicamentosa;Credito;7;0;2;15.3;1018;488,81;529,54;true;App;2023-11-23;2023-11-23;2023-11-27;2023-11-30;52;Logistica Propria;Entregue;
PA-2023-01398;11/21/2023 03:23 AM;11/21/2023 08:23 AM;Pata Amiga Timbo;LJ-005;Centro;Racao;PIX;10;;0;4.2;1.170,76;R$ 561,96;R$ 608,80;X;App;2023-11-23;2023-11-24;2023-11-30;2023-12-02;11.07;Logistica Propria;Entregue;produto fora de linha - substituido
PA-2023-01403;11/21/2023 07:45 AM;11/21/2023 08:35 AM;Pata Amiga Indaial;LJ-006;Nacoes;RAÇÃO;dinheiro;-;;0;18.5;1.439,12;690;748,34;SIM;WHATSAPP;2023-11-22;2023-11-22;2023-11-24;2023-11-26;R$ 38,44;Logistica Propria;Entregue;
PA-2023-01444;11/21/2023 08:20 AM;11/21/2023 08:55 AM;Pata Amiga Criciuma;;Rio Maina;Medicamento;vale pet;13;1;0;20.2;R$ 910,57;345,11;565.46;X;whatsapp;2023-11-23;2023-11-24;2023-11-27;2023-11-29;R$ 72,59;Correios;Entregue;
PA-2023-01447;11/21/2023 08:47 AM;11/21/2023 09:07 AM;Pata Amiga Criciuma;LJ-021;Centro;Higiene;Pix;5;0;0;12.2;R$ 261,07;98,95;162,12;sim;app;2023-11-23;2023-11-25;2023-11-26;2023-11-28;28;Entrega Expressa SC;Entregue;aguardando confirmacao de estoque
PA-2023-01416;11/21/2023 12:25 AM;11/21/2023 10:25 AM; Pata Amiga Gaspar;LJ-007;;Ração;Cartão de Débito;15;0;0;33.5;R$ 2.819,41;R$ 1.353,32;1.466,09;true;app;2023-11-23;2023-11-24;;;;Rapido Catarinense;Aguardando despacho;pedido recorrente
PA-2023-01399;11/21/2023 10:07 AM;11/21/2023 10:42 AM;PATA AMIGA INDAIAL;;Encano;Medicamento;DINHEIRO;17;0;0;7,9;1472.93;R$ 707,01;765,92;X;WHATSAPP;2023-11-23;;;;;Correios;Aguardando nota fiscal;
PA-2023-01449;11/21/2023 10:15 AM;11/21/2023 10:50 AM;pata amiga lages;;Guarujal;petisco;Cartao de Debito;3;0;0;6.3;R$ 156,83;R$ 26,35;R$ 130,48;V;site;2023-11-22;2023-11-22;2023-11-26;2023-11-29;12;Entrega Expressa SC;Entregue;cliente pediu entrega no periodo da tarde
PA-2023-01423;11/21/2023 06:23 AM;11/21/2023 11:23 AM;pata amiga joinville sul;LJ-013;Costa e Silva;medicamento;Boleto;3;0;0;7,9;261;54;206;1;Site;2023-11-22;2023-11-23;2023-11-26;2023-11-28;R$ 29,97;Entrega Expressa SC;Entregue;conferir endereco com o cliente
PA-2023-01424;11/21/2023 10:05 AM;11/21/2023 11:25 AM;PATA AMIGA JOINVILLE SUL;;Boa Vista;RACAO;Especie;3;0;0;3.0;440.18;92.00;348.18;S;loja fisica;;;;;;;Retirada na loja;aguardando confirmacao de estoque
PA-2023-01439;11/21/2023 11:23 AM;11/21/2023 11:43 AM;PATA AMIGA SAO JOSE KOBRASOL;LJ-018;Forquilhinhas;servico;Cartao de Credito;1;0;0;2.9;133,35;R$ 0,80;132,55;true;App;2023-11-24;2023-11-25;2023-11-29;2023-12-01;14,00;Entrega Expressa SC;Entregue;aguardando confirmacao de estoque
PA-2023-01391;11/21/2023 06:50 AM;11/21/2023 11:50 AM;pata amiga blumenau centro;LJ-001;Garcia;Racao Seca;dinheiro;11;1;0;37.6;R$ 1.512,54;726.02;786,52;Sim;whatsapp;2023-11-23;2023-11-23;2023-11-27;2023-11-29;107,94;Entrega Expressa SC;Entregue;conferir endereco com o cliente
PA-2023-01427;11/21/2023 11:47 AM;11/21/2023 12:22 PM;pata amiga joinville sul;LJ-013;Vila Nova;RACAO;CARTAO DE CREDITO;7;0;0;18,8;R$ 1.294,68;270.59;R$ 1.024,09;;telefone;2023-11-22;2023-11-22;2023-11-24;2023-11-26;51;Correios;Entregue;
PA-2023-01429;11/21/2023 08:05 AM;11/21/2023 01:05 PM;pata amiga joinville sul;LJ-013;Boa Vista;RAÇÃO;PIX;4;0;0;7.0;786,76;164.43;622.33;true;LOJA FISICA;;;;;;;Retirada na loja;pedido recorrente
PA-2023-01432;11/21/2023 11:50 AM;11/21/2023 01:10 PM;Pata Amiga Jaragua do Sul;LJ-014;Ilha da Figueira;RACAO;BOLETO;-;0;0;24.4;800,77;164,96;635,81;sim;Tel.;2023-11-25;2023-11-26;2023-11-29;2023-11-30;R$ 41,46;Rapido Catarinense;Entregue;
PA-2023-01442;11/21/2023 12:20 PM;11/21/2023 01:10 PM;Pata Amiga Criciuma;LJ-021;Rio Maina;Medicamentos;pix;4;0;0;9.9;339.58;128,70;R$ 210,88;S;LOJA FISICA;;;;;;;Retirada na loja;
PA-2023-01396;11/21/2023 10:12 AM;11/21/2023 01:12 PM;Pata Amiga Rio do Sul;LJ-002;Sumare;medicamento;Debito;13;0;1;37.7;1931;571.80;;V;App Pata Amiga;2023-11-24;2023-11-25;2023-11-29;;;Correios;Despachado - em transito;
PA-2023-01411;11/21/2023 03:35 AM;11/21/2023 01:35 PM; Pata Amiga Gaspar;LJ-007;Figueira;Medicamentos;Credito;6;0;0;11,5;671,47;322,31;349.16;sim;telefone;2023-11-23;2023-11-24;2023-11-26;;;Entrega Expressa SC;Despachado - em transito;cliente pediu entrega no periodo da tarde
PA-2023-01422;11/21/2023 10:52 AM;11/21/2023 01:52 PM;Pata Amiga Rio dos Cedros;LJ-012;Centro;Ração;boleto;4;0;0;12,4;775,01;372,00;403,01;true;site;2023-11-24;2023-11-25;2023-12-05;2023-12-08;;Rapido Catarinense;Entregue;
PA-2023-01417;11/21/2023 12:47 PM;11/21/2023 02:07 PM;PATA AMIGA GASPAR;;Poco Grande;racao;Vale Pet;6;0;0;7.8;R$ 1.222,99;587,04;635,95;X;WhatsApp;2023-11-23;2023-11-23;2023-11-27;;;TransPet Log;Despachado - em transito;
PA-2023-01395;11/21/2023 01:23 PM;11/21/2023 02:13 PM;Pata Amiga Rio do Sul;;Centro;MEDICAMENTO;Vale Pet;2;0;;3,4;209,25;61,94;R$ 147,31;X;APP;2023-11-23;2023-11-23;2023-11-27;2023-11-29;13.20;Rapido Catarinense;Entregue;pedido recorrente
PA-2023-01443;11/21/2023 01:10 PM;11/21/2023 02:30 PM;Pata Amiga Criciuma;;Centro;Rac.;vale pet;14;1;0;17.7;1.751,10;R$ 663,67;;true;SITE;2023-11-22;2023-11-23;2023-11-27;2023-11-29;44;Correios;Entregue;conferir endereco com o cliente
PA-2023-01401;11/21/2023 01:35 PM;11/21/2023 02:55 PM;PATA AMIGA INDAIAL;LJ-006;Nacoes;Racao Seca;CARTAO DE CREDITO;16;2;0;66,1;2.994,77;1.437,49;1.557,28;true;SITE;2023-11-22;;;;;TransPet Log;Aguardando nota fiscal;
PA-2023-01428;11/21/2023 02:15 PM;11/21/2023 03:05 PM;Pata Amiga Joinville Sul;;Vila Nova;Med.;VALE PET;7;0;0;16.1;740,56;R$ 154,78;R$ 585,78;X;whatsapp;2023-11-23;2023-11-23;2023-11-27;2023-11-29;46,74;Correios;Entregue;cliente pediu entrega no periodo da tarde
PA-2023-01440;11/21/2023 02:45 PM;11/21/2023 03:05 PM;Pata Amiga Palhoca;LJ-019;Pagani;servico;VALE PET;1;0;0;2.0;115,34;0,69;114,65;S;APP;2023-11-24;2023-11-25;2023-11-28;2023-11-30;11.29;Logistica Propria;Entregue;
PA-2023-01448;11/21/2023 05:25 AM;11/21/2023 03:25 PM;pata amiga criciuma;;Rio Maina;racao;Dinheiro;13;1;n/d;46.5;2.572,88;975,12;R$ 1.597,76;sim;APP;2023-11-23;2023-11-24;2023-11-25;2023-11-27;87,47;Correios;Entregue;
PA-2023-01407;11/21/2023 03:38 PM;11/21/2023 03:58 PM;Pata Amiga Gaspar;;Figueira;petisco;Credito;13;0;0;31.7;516.13;R$ 247,74;268,39;SIM;LOJA FISICA;;;;;;;Retirada na loja;
PA-2023-01415;11/21/2023 01:12 PM;11/21/2023 04:12 PM;PATA AMIGA GASPAR;LJ-007;Gasparinho;Med.;Especie;7;0;0;12.5;R$ 952,08;R$ 457,00;R$ 495,08;V;APP;2023-11-24;2023-11-24;2023-11-27;;;Logistica Propria;Despachado - em transito;
PA-2023-01431;11/21/2023 03:40 PM;11/21/2023 04:30 PM;PATA AMIGA JARAGUA DO SUL;LJ-014;Centro;Racao Seca;CARTAO DE CREDITO;7;0;0;15.0;R$ 849,84;175.07;674;sim;loja fisica;;;;;;;Retirada na loja;
PA-2023-01406;11/21/2023 04:40 PM;11/21/2023 04:50 PM;pata amiga gaspar;LJ-007;Gasparinho;Rac.;dinheiro;14;0;0;50.8;R$ 1.658,34;796.00;862.34;X;Loja Física;;;;;;;Retirada na loja;pedido recorrente
PA-2023-01445;11/21/2023 04:40 PM;11/21/2023 04:50 PM;Pata Amiga Criciuma;LJ-021;Rio Maina;Ração;Cartão de Débito;7;0;0;12.8;956,35;;593,89;S;Tel.;;;;;;;Pedido cancelado;aguardando confirmacao de estoque
PA-2023-01426;11/21/2023 04:35 PM;11/21/2023 05:10 PM;Pata Amiga Joinville Sul/SC;LJ-013;Jarivatuba;racao;vale pet;4;0;0;7.7;795;R$ 166,33;R$ 629,51;S;App Pata Amiga;2023-11-24;2023-11-25;2023-11-27;2023-11-28;24,88;Rapido Catarinense;Entregue;
PA-2023-01425;11/21/2023 07:30 AM;11/21/2023 05:30 PM;Pata Amiga Joinville Sul/SC;LJ-013;Aventureiro;racao;Cartao de Credito;5;0;0;8.8;956.06;199,82;;X;site;2023-11-23;2023-11-24;2023-11-28;2023-11-30;R$ 30,99;TransPet Log;Entregue;
PA-2023-01390;11/21/2023 04:47 PM;11/21/2023 05:37 PM;Pata Amiga Blumenal Centro;LJ-001;Velha;higiene;Cartão de Débito;14;0;0;45,2;410,70;R$ 197,14;213,56;sim;loja fisica;;;;;;;Retirada na loja;conferir endereco com o cliente
PA-2023-01430;11/21/2023 03:00 PM;11/21/2023 06:00 PM;Pata Amiga Joinville Sul;;;RACAO;Especie;;0;0;8.3;R$ 617,86;R$ 129,13;R$ 488,73;V;Loja Física;;;;;;;Retirada na loja;produto fora de linha - substituido
PA-2023-01446;11/21/2023 01:05 PM;11/21/2023 06:05 PM;PATA AMIGA CRICIUMA;LJ-021;Prospera;Ração;pix;9;0;0;36,4;1.654,40;627;1027.38;1;LOJA FISICA;;;;;;;Retirada na loja;produto fora de linha - substituido
PA-2023-01409;11/21/2023 06:05 PM;11/21/2023 06:55 PM;pata amiga gaspar;LJ-007;Bela Vista;HIGIENE;Cartao de Debito;9;0;0;29,9;234,16;112,40;121;SIM;App;2023-11-22;2023-11-24;2023-11-29;2023-12-01;93;Correios;Entregue;conferir endereco com o cliente
PA-2023-01389;11/21/2023 06:30 PM;11/21/2023 07:20 PM;pata amiga blumenau centro;;;Ração;Boleto;9;1;0;12.3;;R$ 598,02;647;true;Loja Física;;;;;;;Retirada na loja;cliente pediu entrega no periodo da tarde
PA-2023-01450;11/21/2023 06:47 PM;11/21/2023 07:37 PM;Pata Amiga Sao Joaquim;;Santa Terezinha;RACAO;vale pet;1;0;0;1,0;153,65;R$ 25,81;127.84;S;Site;2023-11-23;2023-11-24;2023-12-06;2023-12-08;7,99;Logistica Propria;Entregue;cliente pediu entrega no periodo da tarde
PA-2023-01421;11/21/2023 07:23 PM;11/21/2023 07:58 PM;PATA AMIGA RIO DOS CEDROS;LJ-012;Palmeiras;PETISCO;Boleto;12;2;0;32.9;392;188.41;204,11;sim;LOJA FISICA;;;;;;;Retirada na loja;
PA-2023-01397;11/21/2023 04:20 PM;11/21/2023 09:20 PM;Pata Amiga Rio do Sul;;Canta Galo;racao;Credito;7;0;0;7.5;1.117,35;-;786,61;;Telefone;;;;;;;Pedido cancelado;aguardando confirmacao de estoque
PA-2023-01420;11/21/2023 08:12 PM;11/21/2023 09:32 PM;Pata Amiga Rio dos Cedros;LJ-012;Centro;RAÇÃO;Especie;11;1;0;30.5;1176.38;R$ 564,66;R$ 611,72;Sim;APP;2023-11-23;2023-11-25;2023-12-02;;;Correios;Despachado - em transito;
PA-2023-01410;11/21/2023 08:55 PM;11/21/2023 09:45 PM;pata amiga gaspar;LJ-007;Bela Vista;Racao;Dinheiro;13;;0;18.2;R$ 1.942,22;932.27;R$ 1.009,95;sim;Site;2023-11-23;2023-11-24;2023-11-28;2023-11-30;39,47;Entrega Expressa SC;Entregue;
PA-2023-01413;11/21/2023 09:12 PM;11/21/2023 09:47 PM;PATA AMIGA GASPAR;;Figueira;racao;vale pet;17;1;0;34.8;R$ 1.850,81;888.39;962,42;V;site;2023-11-24;2023-11-24;2023-11-27;2023-11-29;53,66;TransPet Log;Entregue;
PA-2023-01408;11/21/2023 08:25 PM;11/21/2023 10:25 PM; Pata Amiga Gaspar;;Gasparinho;MEDICAMENTO;CARTAO DE CREDITO;14;;0;48,1;R$ 1.940,53;931,45;R$ 1.009,08;Sim;APP;2023-11-23;2023-11-24;2023-11-25;2023-11-27;80.32;TransPet Log;Entregue;aguardando confirmacao de estoque
PA-2023-01387;11/21/2023 08:30 PM;11/21/2023 10:30 PM;Pata Amiga Blumenau Centro;;Itoupava Norte;RAÇÃO;pix;11;1;0;13,3;R$ 1.760,60;845,09;R$ 915,51;1;App;2023-11-22;2023-11-23;2023-11-28;2023-12-01;31,64;Correios;Entregue;aguardando confirmacao de estoque
PA-2023-01404;11/21/2023 10:25 PM;11/21/2023 11:15 PM;PATA AMIGA INDAIAL;;Encano;Petisco;boleto;25;;0;101.7;R$ 1.165,35;559;605.98;1;APP;2023-11-23;2023-11-25;2023-11-29;2023-12-01;272,12;Entrega Expressa SC;Entregue;aguardando confirmacao de estoque
PA-2023-01434;11/21/2023 07:25 PM;11/22/2023 12:25 AM;Pata Amiga São Bento do Sul;;;RAÇÃO;Pix;2;0;0;1,5;258,22;53,97;204,25;sim;App;2023-11-25;2023-11-26;;;;Correios;Aguardando despacho;produto fora de linha - substituido
PA-2023-01393;11/21/2023 11:47 PM;11/22/2023 02:47 AM;PATA AMIGA BLUMENAU CENTRO;;Velha;Hig.;Cartao de Debito;17;2;0;47.2;526.28;R$ 252,61;273,67;S;App Pata Amiga;2023-11-24;2023-11-25;2023-11-27;2023-11-29;81,29;Correios;Entregue;
PA-2023-01414;11/21/2023 10:12 PM;11/22/2023 03:12 AM;Pata Amiga Gaspar;;Bela Vista;Medicamentos;Pix;11;0;0;8.1;1233.20;591,94;641,26;SIM;site;;;;;;;Pedido cancelado;
PA-2023-01405;11/21/2023 05:50 PM;11/22/2023 03:50 AM;Pata Amiga Indaial;;Warnow;Ração;Cartão de Débito;12;1;0;47.5;2595;1.245,62;R$ 1.349,43;true;;2023-11-24;2023-11-24;2023-11-27;2023-11-29;R$ 117,64;Correios;Entregue;
PA-2023-01418;11/21/2023 05:52 PM;11/22/2023 03:52 AM;pata amiga ibirama;LJ-011;Nossa Senhora de Fatima;Medicamento;Dinheiro;1;0;0;4,1;R$ 79,41;5,32;74;true;LOJA FISICA;;;;;;;Retirada na loja;
PA-2023-01461;11/22/2023 04:15 AM;11/22/2023 05:35 AM;Pata Amiga Criciúma;;Centro;higiene;DINHEIRO;1;0;0;4.0;R$ 28,65;R$ 0,00;28.65;N;Loja Fisica;;;;;;;Retirada na loja;
PA-2023-01412;11/21/2023 08:20 PM;11/22/2023 06:20 AM;pata amiga gaspar;LJ-007;Figueira;HIGIENE;Cartão de Crédito;13;1;0;48,8;R$ 520,71;R$ 249,94;270.77;S;loja fisica;;;;;;;Retirada na loja;
PA-2023-01452;11/22/2023 07:52 AM;11/22/2023 08:02 AM;Pata Amiga Rio do sul;;Laranjeiras;Petisco;Boleto;9;;0;12,6;272;33;R$ 239,40;true;SITE;2023-11-24;2023-11-25;;;;Entrega Expressa SC;Aguardando despacho;conferir endereco com o cliente
PA-2023-01459;11/22/2023 07:52 AM;11/22/2023 10:52 AM;Pata Amiga Sao Jose Kobrasol/SC;;Kobrasol;ACESSORIO;VALE PET;1;0;0;3,5;R$ 87,60;0,00;87.60;0;Loja Física;;;;;;;Retirada na loja;
PA-2023-01460;11/22/2023 11:38 AM;11/22/2023 01:38 PM;pata amiga palhoca;LJ-019;Pagani;medicamento;Cartão de Crédito;1;0;0;3.5;75,38;;75,38;F;app;2023-11-24;2023-11-25;;;;Entrega Expressa SC;Aguardando despacho;pedido recorrente
PA-2023-01456;11/22/2023 01:25 PM;11/22/2023 01:45 PM;pata amiga joinville sul;;Costa e Silva;Rac.;Cartao de Credito;2;0;0;4,7;189.88;R$ 37,03;152;true;site;2023-11-24;2023-11-25;2023-11-27;2023-11-29;R$ 17,88;Entrega Expressa SC;Entregue;embalagem para presente
PA-2023-01457;11/22/2023 12:20 PM;11/22/2023 05:20 PM;PATA AMIGA SAO BENTO DO SUL;LJ-015;;Medicamentos;Vale Pet;9;1;0;14.6;R$ 1.192,38;R$ 232,51;;true;APP;2023-11-24;;;;;Correios;Aguardando nota fiscal;
PA-2023-01458;11/22/2023 05:23 PM;11/22/2023 06:43 PM;pata amiga itapoa;LJ-016;Balneario Itapoa;acessorio;vale pet;8;0;0;12,0;R$ 398,17;R$ 77,64;320,53;sim;app;2023-11-25;2023-11-25;;;;Rapido Catarinense;Aguardando despacho;
PA-2023-01451;11/22/2023 08:40 PM;11/22/2023 08:50 PM;Pata Amiga Blumenau Centro;LJ-001;;petisco;BOLETO;1;0;0;3.9;21.46;0.11;21,35;SIM;App;2023-11-24;2023-11-26;2023-11-29;;;TransPet Log;Despachado - em transito;aguardando confirmacao de estoque
PA-2023-01455;11/22/2023 06:52 PM;11/22/2023 09:52 PM;Pata Amiga Joinville Sul;;Jarivatuba;Hig.;PIX;6;0;0;6.5;268,03;R$ 52,27;215.76;S;SITE;2023-11-24;2023-11-24;2023-11-27;2023-11-28;17,91;TransPet Log;Entregue;pedido recorrente
PA-2023-01454;11/22/2023 10:52 PM;11/22/2023 11:12 PM;Pata Amiga Joinville Sul;LJ-013;Vila Nova;Racao;Cartão de Débito;6;0;;9,4;R$ 1.082,57;211,10;871;X;site;2023-11-24;2023-11-25;;;;Logistica Propria;Aguardando despacho;aguardando confirmacao de estoque
PA-2023-01453;11/22/2023 11:07 PM;11/22/2023 11:17 PM;pata amiga gaspar;LJ-007;Bela Vista;Servico;Cartão de Débito;1;;0;1.0;R$ 113,97;R$ 0,57;R$ 113,40;sim;app;2023-11-24;2023-11-25;2023-11-30;2023-12-01;6.01;Entrega Expressa SC;Entregue;
PA-2023-01462;11/22/2023 10:38 PM;11/23/2023 01:38 AM;PATA AMIGA TUBARAO;LJ-022;Humaita;Servico;boleto;4;0;0;12.5;546,74;R$ 39,91;506,83;X;App;2023-11-24;2023-11-25;2023-11-27;2023-11-30;29,28;TransPet Log;Entregue;
PA-2023-01464;11/23/2023 02:15 AM;11/23/2023 02:50 AM;PATA AMIGA ITAJAI PRAIA;;Sao Vicente;Acessorios;DINHEIRO;4;0;0;10,0;438;35.94;R$ 402,33;X;App Pata Amiga;2023-11-26;2023-11-26;2023-11-30;2023-12-03;R$ 37,45;Rapido Catarinense;Entregue;
PA-2023-01467;11/23/2023 08:12 AM;11/23/2023 09:02 AM;Pata Amiga Florianopolis Norte/SC;;Rio Vermelho;acessorio;Especie;1;0;0;3.8;76,96;5,93;71,03;X;APP;2023-11-25;2023-11-26;;;;Logistica Propria;Aguardando despacho;aguardando confirmacao de estoque
PA-2023-01469;11/23/2023 12:30 PM;11/23/2023 12:50 PM;Pata Amiga Criciuma;;Centro;Acessório;vale pet;1;N/I;0;2,3;120,40;15,53;104.87;X;App;2023-11-25;2023-11-26;;;;Logistica Propria;Aguardando despacho;embalagem para presente
PA-2023-01463;11/23/2023 03:12 PM;11/23/2023 03:22 PM;Pata Amiga Rio do sul;;Laranjeiras;racao;pix;2;0;0;3,3;193.20;R$ 2,51;R$ 190,69;V;TELEFONE;2023-11-24;2023-11-26;2023-11-27;2023-11-29;9.13;Rapido Catarinense;Entregue;
PA-2023-01470;11/23/2023 12:50 PM;11/23/2023 03:50 PM;Pata Amiga Araranguá;;Centro;acessorio;Pix;5;0;0;6.6;525,30;102,96;R$ 422,34;X;SITE;2023-11-25;;;;;Rapido Catarinense;Aguardando nota fiscal;
PA-2023-01466;11/23/2023 06:12 AM;11/23/2023 04:12 PM;PATA AMIGA TIMBO;;Araponguinhas;Hig.;CARTAO DE CREDITO;4;0;2;4.4;R$ 159,18;3,18;156,00;Sim;site;2023-11-25;2023-11-25;2023-11-28;2023-11-30;13.92;TransPet Log;Entregue;embalagem para presente
PA-2023-01465;11/23/2023 03:38 PM;11/23/2023 06:38 PM;pata amiga brusque;LJ-004;Aguas Claras;Petiscos;Vale Pet;4;0;0;12.6;118.80;9,74;109.06;sim;WHATSAPP;2023-11-24;2023-11-25;;;;Logistica Propria;Aguardando despacho;embalagem para presente
PA-2023-01468;11/23/2023 08:47 AM;11/23/2023 06:47 PM;Pata Amiga Criciuma;LJ-021;Prospera;racao;DINHEIRO;4;0;0;15.2;472,54;60.96;411.58;SIM;whatsapp;2023-11-25;2023-11-25;2023-11-29;2023-12-01;45.02;Logistica Propria;Entregue;embalagem para presente
PA-2023-01472;11/24/2023 11:20 AM;11/24/2023 11:55 AM;PATA AMIGA JOINVILLE SUL;;Vila Nova;Racao Seca;Cartão de Crédito;1;0;0;3.6;119,68;0;119,68;F;Site;2023-11-25;2023-11-26;2023-11-28;2023-11-29;8,92;Correios;Entregue;cliente pediu entrega no periodo da tarde
PA-2023-01473;11/24/2023 01:15 PM;11/24/2023 03:15 PM;Pata Amiga Tubarao;LJ-022;Humaita;Racao;Debito;2;0;1;5.9;R$ 366,15;0,00;R$ 366,15;F;;;;;;;;Retirada na loja;pedido recorrente
PA-2023-01471;11/24/2023 02:20 PM;11/24/2023 07:20 PM;Pata Amiga Itajaí Praia;LJ-003;;PETISCO;Pix;1;0;0;0.4;38,45;R$ 2,92;35,53;Sim;Whatsapp;2023-11-26;2023-11-27;;;;Entrega Expressa SC;Aguardando despacho;
PA-2023-01474;11/24/2023 10:05 PM;11/24/2023 10:25 PM;PATA AMIGA CHAPECO;;Sao Cristovao;brinquedo;Cartao de Debito;1;0;0;3.5;50,88;0;50,88;F;App;2023-11-26;2023-11-27;2023-12-02;2023-12-05;R$ 16,48;Correios;Entregue;
PA-2023-01482;11/25/2023 03:47 AM;11/25/2023 04:22 AM;Pata Amiga Chapeco;LJ-029;Centro;higiene;DINHEIRO;3;;0;10.4;177,02;0,00;177,02;F;App;2023-11-27;2023-11-28;2023-11-30;2023-12-03;18.52;Logistica Propria;Entregue;conferir endereco com o cliente
PA-2023-01478;11/25/2023 06:45 AM;11/25/2023 08:45 AM;pata amiga florianopolis norte;;Centro;Brinquedos;Debito;5;0;0;5,9;R$ 326,96;-;309.96;true;App Pata Amiga;2023-11-26;2023-11-26;2023-11-30;2023-12-03;R$ 14,87;Correios;Entregue;
PA-2023-01477;11/25/2023 09:07 AM;11/25/2023 09:17 AM;Pata Amiga Timbo;LJ-005;Capitais;Racao;CARTAO DE DEBITO;2;0;;5,5;323,83;32;291.77;X;loja fisica;;;;;;;Retirada na loja;
PA-2023-01481;11/25/2023 06:15 AM;11/25/2023 04:15 PM;PATA AMIGA LAGES;LJ-025;;Higiene;CARTAO DE CREDITO;2;0;0;4.9;60.54;0;R$ 60,18;S;App;2023-11-27;2023-11-28;2023-12-02;2023-12-05;R$ 16,74;Logistica Propria;Entregue;pedido recorrente
PA-2023-01475;11/25/2023 01:50 PM;11/25/2023 04:50 PM;Pata Amiga Blumenau Centro;;Progresso;Racao Seca;Debito;2;0;0;7.2;224,83;R$ 20,01;204,82;;APP;;;;;;;Pedido cancelado;embalagem para presente
PA-2023-01476;11/25/2023 04:20 PM;11/25/2023 07:20 PM;PATA AMIGA RIO DO SUL;LJ-002;Budag;HIGIENE;Vale Pet;2;;0;6.1;87,98;0,00;R$ 87,98;;APP;2023-11-28;2023-11-29;2023-12-01;2023-12-03;12,23;Logistica Propria;Entregue;pedido recorrente
PA-2023-01479;11/25/2023 08:00 PM;11/25/2023 08:50 PM;Pata Amiga Sao Jose Kobrasol/SC;;Kobrasol;Brinquedo;VALE PET;2;0;0;4.6;160,36;0;160.36;N;SITE;2023-11-28;2023-11-28;2023-12-01;2023-12-02;14.97;TransPet Log;Entregue;
PA-2023-01480;11/25/2023 09:30 PM;11/26/2023 02:30 AM;pata amiga criciuma;;Prospera;Racao Medicamentosa;Vale Pet;2;N/I;0;3.6;254,92;13,77;R$ 241,15;1;APP;2023-11-27;2023-11-28;2023-11-30;2023-12-03;15,08;Correios;Entregue;
PA-2023-01485;11/26/2023 07:15 AM;11/26/2023 07:25 AM;Pata Amiga Criciúma;;Sao Luiz;Racao Seca;Pix;2;0;0;2.0;362;9,06;353,53;sim;Tel.;2023-11-29;2023-11-29;2023-12-03;;;Entrega Expressa SC;Despachado - em transito;
PA-2023-01483;11/26/2023 12:10 PM;11/26/2023 10:10 PM;Pata Amiga Florianópolis Norte;;Saco Grande;Ração Medicamentosa;boleto;1;n/d;0;4.1;105,33;0,00;R$ 105,33;0;site;2023-11-28;2023-11-28;2023-12-01;2023-12-02;10,23;Logistica Propria;Entregue;
PA-2023-01484;11/26/2023 07:15 PM;11/27/2023 12:15 AM;Pata Amiga São Jose Kobrasol;LJ-018;Kobrasol;Ração Medicamentosa;Pix;2;0;0;8,1;220.14;0,00;R$ 220,14;N;WHATSAPP;2023-11-30;2023-12-01;2023-12-04;2023-12-05;;Logistica Propria;Entregue;
PA-2023-01488;11/27/2023 12:40 AM;11/27/2023 02:40 AM;PATA AMIGA BRUSQUE;;Limeira;Ração Medicamentosa;Pix;2;0;0;2.1;193;27;165,96;X;WhatsApp;2023-11-29;2023-11-29;2023-12-02;2023-12-03;R$ 8,70;Correios;Entregue;aguardando confirmacao de estoque
PA-2023-01493;11/27/2023 04:55 AM;11/27/2023 06:55 AM;pata amiga florianopolis norte;LJ-017;Saco Grande;SERVICO;pix;2;0;1;1.1;279;R$ 0,00;R$ 279,10;false;WhatsApp;2023-11-29;;;;;TransPet Log;Aguardando nota fiscal;pedido recorrente
PA-2023-01490;11/27/2023 11:52 AM;11/27/2023 12:02 PM;Pata Amiga Indaial;LJ-006;Warnow;Racao Seca;Cartão de Crédito;3;0;;6,7;463,50;R$ 52,38;411,12;sim;Loja Física;;;;;;;Retirada na loja;
PA-2023-01489;11/27/2023 01:00 PM;11/27/2023 02:20 PM;Pata Amiga Timbo;LJ-005;Araponguinhas;Ração;Cartao de Credito;1;0;0;1.9;158,92;17,96;;true;SITE;2023-11-29;2023-11-29;2023-12-03;2023-12-05;;Rapido Catarinense;Entregue;
PA-2023-01487;11/27/2023 06:45 PM;11/27/2023 08:05 PM;PATA AMIGA ITAJAI PRAIA;LJ-003;Fazenda;Med.;Boleto;2;0;0;1.7;138.65;R$ 19,97;R$ 118,68;sim;app;2023-11-29;2023-11-30;2023-12-05;;;Correios;Despachado - em transito;pedido recorrente
PA-2023-01486;11/27/2023 05:47 PM;11/27/2023 08:47 PM;Pata Amiga Blumenal Centro;;Salto do Norte;Ração Medicamentosa;VALE PET;2;0;0;1,4;139.67;0,00;R$ 139,67;0;SITE;2023-11-29;2023-11-29;2023-11-30;2023-12-02;R$ 7,39;Rapido Catarinense;Entregue;
PA-2023-01491;11/27/2023 09:07 PM;11/27/2023 09:57 PM;Pata Amiga Rio dos Cedros;;Centro;Medicamento;CARTAO DE DEBITO;8;0;0;13.6;R$ 970,01;R$ 109,61;;X;Loja Fisica;;;;;;;Retirada na loja;pedido recorrente
PA-2023-01494;11/27/2023 11:45 PM;11/28/2023 12:35 AM;Pata Amiga Laguna/SC;;Centro;Medicamento;Vale Pet;1;0;2;4.0;127.84;0,00;127,84;N;Loja Fisica;;;;;;;Retirada na loja;
PA-2023-01497;11/28/2023 12:35 AM;11/28/2023 01:10 AM;Pata Amiga Palhoca;LJ-019;Passa Vinte;ACESSORIO;Boleto;1;0;2;1,7;89;0,00;89,31;false;LOJA FISICA;;;;;;;Retirada na loja;
PA-2023-01499;11/28/2023 03:12 AM;11/28/2023 04:32 AM;Pata Amiga Ararangua;LJ-023;Urussanguinha;Serviço;Boleto;2;0;2;5,9;310;0.00;R$ 310,29;NAO;site;2023-11-29;2023-11-29;2023-12-05;;;Correios;Despachado - em transito;pedido recorrente
PA-2023-01492;11/27/2023 07:55 PM;11/28/2023 05:55 AM;pata amiga joinville sul;;Costa e Silva;higiene;vale pet;3;0;0;11.6;R$ 144,74;0.00;144;false;APP;2023-11-30;2023-11-30;2023-12-04;;;Entrega Expressa SC;Despachado - em transito;conferir endereco com o cliente
PA-2023-01495;11/28/2023 04:45 AM;11/28/2023 07:45 AM; Pata Amiga Brusque;LJ-004;Aguas Claras;PETISCO;Cartão de Débito;3;0;-;1.6;79.79;1,36;78,43;true;App Pata Amiga;2023-11-30;2023-11-30;2023-12-03;2023-12-05;6;Correios;Entregue;cliente pediu entrega no periodo da tarde
PA-2023-01500;11/28/2023 11:47 AM;11/28/2023 12:22 PM;Pata Amiga Sao Miguel do Oeste;;Centro;Petiscos;Cartão de Débito;2;0;0;7.8;92,20;0.00;R$ 92,20;false;APP;2023-12-01;2023-12-01;2023-12-05;2023-12-08;R$ 26,67;Correios;Entregue;
PA-2023-01496;11/28/2023 04:35 PM;11/28/2023 06:35 PM;Pata Amiga Florianópolis Norte;LJ-017;Rio Vermelho;Rac.;Pix;1;0;0;2.9;R$ 144,14;-;144,14;F;APP;2023-11-30;2023-12-01;2023-12-04;2023-12-07;11,78;Rapido Catarinense;Entregue;conferir endereco com o cliente
PA-2023-01498;11/28/2023 01:05 PM;11/28/2023 11:05 PM;Pata Amiga Criciuma;;Centro;racao;Debito;;0;0;2.3;R$ 145,81;0.00;145,81;F;TELEFONE;2023-11-29;2023-11-30;2023-12-01;2023-12-04;10.63;Rapido Catarinense;Entregue;pedido recorrente
PA-2023-01506;11/29/2023 02:30 AM;11/29/2023 02:40 AM;PATA AMIGA JOINVILLE SUL;LJ-013;Aventureiro;Acessorio;pix;1;0;0;2,8;94,06;0;94.06;0;Loja Física;;;;;;;Retirada na loja;
PA-2023-01505;11/29/2023 03:45 AM;11/29/2023 04:35 AM;Pata Amiga Taió;LJ-009;Centro;Acessorio;vale pet;3;0;0;4.7;R$ 311,23;21;R$ 289,76;1;App Pata Amiga;2023-12-03;2023-12-03;2023-12-09;2023-12-12;10;TransPet Log;Entregue;
PA-2023-01504;11/29/2023 07:00 AM;11/29/2023 07:35 AM;Pata Amiga Presidente Getulio;LJ-008;Centro;Higiene e Beleza;Dinheiro;3;0;0;8.4;83;0.00;83;F;site;2023-12-03;2023-12-03;2023-12-11;2023-12-12;32,96;TransPet Log;Entregue;
PA-2023-01507;11/29/2023 10:25 AM;11/29/2023 10:45 AM;Pata Amiga Palhoça;LJ-019;Pagani;higiene;pix;-;0;;5,4;R$ 74,33;R$ 6,91;67,42;Sim;site;2023-11-30;2023-11-30;2023-12-02;;;Rapido Catarinense;Despachado - em transito;embalagem para presente
PA-2023-01509;11/29/2023 12:25 PM;11/29/2023 05:25 PM;PATA AMIGA SAO MIGUEL DO OESTE;LJ-032;Sao Gotardo;medicamento;PIX;5;0;-;4.8;575,24;70,75;504,49;Sim;TELEFONE;2023-11-30;2023-11-30;2023-12-03;2023-12-06;14,62;Logistica Propria;Entregue;produto fora de linha - substituido
PA-2023-01503;11/29/2023 02:45 PM;11/29/2023 05:45 PM;PATA AMIGA GASPAR;LJ-007;Figueira;Racao Seca;Cartao de Credito;2;;2;6,9;R$ 422,90;R$ 0,00;422,90;F;Telefone;2023-12-01;2023-12-01;2023-12-04;2023-12-07;R$ 19,23;Entrega Expressa SC;Entregue;aguardando confirmacao de estoque
PA-2023-01501;11/29/2023 09:05 PM;11/30/2023 12:05 AM;PATA AMIGA RIO DO SUL;LJ-002;Centro;Hig.;Cartao de Credito;2;0;0;7,4;108,51;0.00;108;N;LOJA FISICA;;;;;;;Retirada na loja;cliente pediu entrega no periodo da tarde
PA-2023-01508;11/29/2023 10:45 PM;11/30/2023 12:05 AM;PATA AMIGA LAGES;LJ-025;Coral;brinquedo;PIX;3;n/d;0;6.0;R$ 101,21;0,00;R$ 101,21;N;APP;2023-12-02;2023-12-02;2023-12-04;2023-12-07;R$ 16,45;Correios;Entregue;pedido recorrente
PA-2023-01511;11/30/2023 12:05 AM;11/30/2023 12:25 AM;Pata Amiga Itajaí Praia;LJ-003;Cabecudas;RAÇÃO;Cartao de Credito;11;0;0;8.5;2.101,01;479,03;1.621,98;;App Pata Amiga;2023-12-01;2023-12-02;2023-12-06;2023-12-07;R$ 15,79;Logistica Propria;Entregue;
PA-2023-01502;11/29/2023 07:30 PM;11/30/2023 12:30 AM;Pata Amiga Brusque;LJ-004;Santa Terezinha;BRINQUEDO;pix;;;0;0,7;76,61;0,00;76,61;Nao;Site;2023-12-02;2023-12-03;2023-12-07;2023-12-09;6;Rapido Catarinense;Entregue;
PA-2023-01512;11/30/2023 03:12 AM;11/30/2023 03:32 AM;Pata Amiga Brusque;;Aguas Claras;Rac.;Especie;8;0;0;15,4;1.606,43;R$ 366,27;R$ 1.240,16;true;telefone;2023-12-02;2023-12-02;2023-12-04;2023-12-06;49,88;Logistica Propria;Entregue;cliente pediu entrega no periodo da tarde
PA-2023-01518;11/30/2023 04:47 AM;11/30/2023 04:57 AM;PATA AMIGA JOINVILLE SUL;;Costa e Silva;medicamento;dinheiro;3;0;0;8.3;200,40;10,22;R$ 190,18;;App;2023-12-02;2023-12-02;2023-12-06;2023-12-08;18.65;Entrega Expressa SC;Entregue;
PA-2023-01513;11/30/2023 08:52 AM;11/30/2023 09:12 AM;Pata Amiga Brusque;LJ-004;Santa Terezinha;Racao;CARTAO DE DEBITO;5;;0;14.5;;132,95;450,17;Sim;App;2023-12-02;2023-12-02;2023-12-07;2023-12-09;R$ 53,37;TransPet Log;Entregue;conferir endereco com o cliente
PA-2023-01520;11/30/2023 09:10 AM;11/30/2023 09:45 AM;Pata Amiga Itapoá;LJ-016;Figueira do Pontal;Petiscos;vale pet;2;0;0;6,0;R$ 52,76;R$ 2,69;;Sim;Site;2023-12-03;;;;;Rapido Catarinense;Aguardando nota fiscal;
PA-2023-01516;11/30/2023 08:50 AM;11/30/2023 10:50 AM;Pata Amiga Timbo;;Capitais;racao;Cartão de Crédito;2;;0;7.0;R$ 218,07;12,65;205,42;X;loja fisica;;;;;;;Retirada na loja;embalagem para presente
PA-2023-01510;11/30/2023 12:15 PM;11/30/2023 01:05 PM;Pata Amiga Itajaí Praia;;Cordeiros;Medicamento;vale pet;6;0;0;18.6;854,11;194.74;659;Sim;app;2023-12-01;2023-12-02;2023-12-06;;;Correios;Despachado - em transito;
PA-2023-01521;11/30/2023 12:30 PM;11/30/2023 05:30 PM;Pata Amiga Criciúma;LJ-021;Prospera;Brinquedo;Boleto;3;0;0;10,2;R$ 228,57;2,97;225,60;V;App Pata Amiga;2023-12-02;2023-12-03;2023-12-06;2023-12-09;22,87;Correios;Entregue;
PA-2023-01514;11/30/2023 05:38 PM;11/30/2023 08:38 PM;pata amiga brusque;LJ-004;Santa Terezinha;racao;Credito;9;0;0;25,5;1.583,90;361,13;1222;1;loja fisica;;;;;;;Retirada na loja;produto fora de linha - substituido
PA-2023-01517;11/30/2023 04:05 PM;11/30/2023 09:05 PM;PATA AMIGA INDAIAL;LJ-006;Warnow;Hig.;CARTAO DE DEBITO;4;0;0;6.1;185,36;10,75;174.61;X;loja fisica;;;;;;;Retirada na loja;produto fora de linha - substituido
PA-2023-01519;11/30/2023 09:15 PM;11/30/2023 10:05 PM;Pata Amiga São Bento do Sul;LJ-015;;racao;Cartao de Credito;3;0;2;1.9;-;22,29;414,73;S;SITE;2023-12-02;2023-12-02;2023-12-08;2023-12-09;10,46;Entrega Expressa SC;Entregue;
PA-2023-01515;11/30/2023 04:10 PM;12/01/2023 02:10 AM;Pata Amiga Brusque;LJ-004;Dom Joaquim;PETISCO;Cartao de Credito;3;0;0;6.5;110,54;R$ 25,20;85.34;sim;LOJA FISICA;;;;;;;Retirada na loja;
PA-2023-01534;12/01/2023 03:07 AM;12/01/2023 05:07 AM;Pata Amiga Floripa Norte;LJ-017;Ingleses;Racao Medicamentosa;Dinheiro;7;0;2;12,2;500,45;113,60;386,85;S;;;;;;;;Retirada na loja;aguardando confirmacao de estoque
PA-2023-01541;12/01/2023 04:35 AM;12/01/2023 05:10 AM;Pata Amiga Chapeco;;Passo dos Fortes;ACESSORIO;Boleto;3;0;0;4.0;250,12;19.01;231,11;SIM;TELEFONE;2023-12-03;2023-12-03;2023-12-08;;;TransPet Log;Despachado - em transito;produto fora de linha - substituido
PA-2023-01542;12/01/2023 05:00 AM;12/01/2023 08:00 AM;Pata Amiga Xanxere;;Centro;Racao;Cartão de Crédito;1;;0;2.9;R$ 162,55;12.35;150.20;SIM;app;2023-12-03;2023-12-03;2023-12-09;;;Rapido Catarinense;Despachado - em transito;
PA-2023-01539;12/01/2023 07:12 AM;12/01/2023 08:02 AM;Pata Amiga Criciuma/SC;LJ-021;Rio Maina;Petiscos;Cartao de Debito;6;0;0;15,5;198.47;24,61;173;SIM;Site;2023-12-02;;;;;Logistica Propria;Aguardando nota fiscal;conferir endereco com o cliente
PA-2023-01523;12/01/2023 04:20 AM;12/01/2023 09:20 AM;PATA AMIGA RIO DO SUL;LJ-002;Barragem;Brinquedos;Debito;1;0;0;3,6;;0.00;51,77;F;telefone;2023-12-02;2023-12-03;2023-12-08;2023-12-10;13.32;TransPet Log;Entregue;
PA-2023-01535;12/01/2023 07:20 AM;12/01/2023 10:20 AM;PATA AMIGA FLORIANOPOLIS NORTE;LJ-017;Rio Vermelho;RAÇÃO;pix;2;;0;7.1;273,13;R$ 62,00;211;sim;site;2023-12-04;2023-12-04;2023-12-09;2023-12-11;14;Correios;Entregue;
PA-2023-01536;12/01/2023 10:50 AM;12/01/2023 11:00 AM;Pata Amiga Palhoça;LJ-019;Passa Vinte;Racao Seca;BOLETO;;0;0;2,7;R$ 121,05;0,00;R$ 121,05;F;site;2023-12-02;2023-12-02;2023-12-07;;;Entrega Expressa SC;Despachado - em transito;aguardando confirmacao de estoque
PA-2023-01533;12/01/2023 10:05 AM;12/01/2023 11:25 AM;Pata Amiga Florianopolis Norte;;Ingleses;Racao Seca;Especie;8;0;0;8.7;R$ 1.121,77;254.64;R$ 867,13;true;WHATSAPP;2023-12-02;2023-12-02;2023-12-05;2023-12-07;R$ 27,63;Rapido Catarinense;Entregue;
PA-2023-01540;12/01/2023 12:00 PM;12/01/2023 01:20 PM;Pata Amiga Laguna/SC;;Ponta das Pedras;Higiene e Beleza;VALE PET;;0;;0.6;61.33;1,10;60,23;1;loja fisica;;;;;;;Retirada na loja;
PA-2023-01525;12/01/2023 11:05 AM;12/01/2023 02:05 PM;PATA AMIGA PRESIDENTE GETULIO;LJ-008;Centro;Hig.;DINHEIRO;2;0;0;7.0;93.52;3.74;89,78;SIM;whatsapp;;;;;;;Pedido cancelado;
PA-2023-01532;12/01/2023 02:00 PM;12/01/2023 02:50 PM;Pata Amiga Florianópolis Norte;LJ-017;Ingleses;Petisco;Cartao de Debito;;0;0;28.4;358,21;81.31;276,90;Sim;Site;2023-12-03;2023-12-04;2023-12-11;2023-12-13;84,81;Entrega Expressa SC;Entregue;embalagem para presente
PA-2023-01528;12/01/2023 05:12 AM;12/01/2023 03:12 PM;Pata Amiga Itapoá;LJ-016;Balneario Itapoa;racao;BOLETO;2;0;0;6.5;444,59;R$ 46,24;398,35;SIM;SITE;2023-12-03;;;;;Rapido Catarinense;Aguardando nota fiscal;
PA-2023-01524;12/01/2023 03:12 PM;12/01/2023 03:32 PM;PATA AMIGA BRUSQUE;LJ-004;Limeira;Servico;boleto;3;0;1;8.3;245,75;0,00;245.75;false;loja fisica;;;;;;;Retirada na loja;conferir endereco com o cliente
PA-2023-01529;12/01/2023 05:05 PM;12/01/2023 05:15 PM;pata amiga florianopolis norte;;Trindade;RACAO;Cartao de Credito;9;0;0;35.2;R$ 1.524,73;346,11;1.178,62;sim;Whatsapp;2023-12-03;2023-12-04;2023-12-09;2023-12-11;58,69;Rapido Catarinense;Entregue;
PA-2023-01537;12/01/2023 05:38 PM;12/01/2023 06:58 PM;Pata Amiga Santo Amaro da Imperatriz;LJ-020;Sul do Rio;higiene;pix;1;0;0;0.6;47.68;0,00;47;0;Loja Fisica;;;;;;;Retirada na loja;produto fora de linha - substituido
PA-2023-01538;12/01/2023 03:23 PM;12/01/2023 08:23 PM;Pata Amiga Criciuma;;Centro;MEDICAMENTO;Pix;6;0;0;20.0;860,28;106.67;753;true;SITE;2023-12-02;2023-12-03;2023-12-08;2023-12-10;R$ 48,22;TransPet Log;Entregue;cliente pediu entrega no periodo da tarde
PA-2023-01522;12/01/2023 08:12 PM;12/01/2023 08:32 PM;PATA AMIGA BLUMENAU CENTRO;;Progresso;Acessorios;PIX;2;;0;6.6;199.28;R$ 9,37;R$ 189,91;sim;APP;2023-12-02;2023-12-02;2023-12-05;;;Rapido Catarinense;Despachado - em transito;conferir endereco com o cliente
PA-2023-01531;12/01/2023 10:55 AM;12/01/2023 08:55 PM;pata amiga florianopolis norte;LJ-017;Saco Grande;petisco;Cartão de Crédito;5;0;;7.0;R$ 226,34;51,38;174,96;V;Site;2023-12-02;2023-12-03;2023-12-04;2023-12-07;18,27;TransPet Log;Entregue;pedido recorrente
PA-2023-01530;12/01/2023 11:45 AM;12/01/2023 09:45 PM;PATA AMIGA FLORIANOPOLIS NORTE;;Saco Grande;petisco;Credito;6;0;0;22,7;R$ 168,59;38,27;R$ 130,32;1;Loja Fisica;;;;;;;Retirada na loja;
PA-2023-01527;12/01/2023 12:40 PM;12/01/2023 10:40 PM;PATA AMIGA JARAGUA DO SUL;LJ-014;Jaragua Esquerdo;Petiscos;boleto;3;;;9.0;139;0,00;139,94;Não;Loja Fisica;;;;;;;Retirada na loja;embalagem para presente
PA-2023-01526;12/01/2023 10:10 PM;12/01/2023 11:30 PM;PATA AMIGA JOINVILLE SUL;LJ-013;Aventureiro;PETISCO;Dinheiro;3;0;0;4.4;112;11.69;100,72;1;App Pata Amiga;;;;;;;Pedido cancelado;produto fora de linha - substituido
PA-2023-01548;12/02/2023 02:12 AM;12/02/2023 02:32 AM;Pata Amiga Gaspar;LJ-007;Gasparinho;RACAO;boleto;5;0;;4.5;916,95;125,62;R$ 791,33;1;telefone;2023-12-03;2023-12-03;2023-12-08;2023-12-11;R$ 17,37;Rapido Catarinense;Entregue;
PA-2023-01558;12/02/2023 01:50 AM;12/02/2023 02:40 AM;Pata Amiga Palhoca;LJ-019;Pagani;acessorio;PIX;2;0;0;2,9;206.09;0,00;206,09;N;Site;2023-12-05;2023-12-06;2023-12-11;2023-12-13;13.18;TransPet Log;Entregue;produto fora de linha - substituido
PA-2023-01559;12/02/2023 04:52 AM;12/02/2023 05:02 AM;pata amiga araranguá;;Cidade Alta;Acessorio;Especie;4;0;0;9,0;317,33;25.39;R$ 291,94;V;Tel.;2023-12-04;2023-12-05;2023-12-07;2023-12-10;R$ 29,37;TransPet Log;Entregue;
PA-2023-01549;12/02/2023 04:55 AM;12/02/2023 05:30 AM;Pata Amiga Joinville Sul;;Aventureiro;Med.;Cartão de Débito;6;0;N/I;6.0;375,81;96.96;278.85;sim;Loja Fisica;;;;;;;Retirada na loja;pedido recorrente
PA-2023-01543;12/02/2023 05:10 AM;12/02/2023 06:30 AM;PATA AMIGA BLUMENAU CENTRO;LJ-001;Itoupava Norte;RACAO;vale pet;8;1;1;14.5;1265.31;173;1.091,96;S;APP;2023-12-04;2023-12-04;2023-12-06;2023-12-07;33.63;Correios;Entregue;
PA-2023-01553;12/02/2023 06:10 AM;12/02/2023 07:00 AM;Pata Amiga Sao Bento do Sul;;Serra Alta;Higiene e Beleza;VALE PET;6;0;0;4,4;205.73;53;152.65;X;app;2023-12-03;2023-12-03;2023-12-08;2023-12-10;18,02;Entrega Expressa SC;Entregue;
PA-2023-01552;12/02/2023 06:55 AM;12/02/2023 07:45 AM;pata amiga joinville sul;LJ-013;Vila Nova;petisco;Cartão de Crédito;7;;;13,2;181,17;46.74;R$ 134,43;Sim;app;2023-12-03;2023-12-03;2023-12-04;2023-12-06;31.02;Rapido Catarinense;Entregue;pedido recorrente
PA-2023-01551;12/02/2023 06:00 AM;12/02/2023 09:00 AM;pata amiga joinville sul;LJ-013;Vila Nova;Ração Medicamentosa;Cartão de Crédito;6;0;0;14.3;641,99;165,63;476,36;S;App Pata Amiga;2023-12-03;2023-12-04;2023-12-07;2023-12-10;33,08;Entrega Expressa SC;Entregue;embalagem para presente
PA-2023-01554;12/02/2023 08:10 AM;12/02/2023 09:00 AM;PATA AMIGA SAO BENTO DO SUL;LJ-015;Centro;Ração;Cartao de Credito;6;0;0;22.9;1.213,09;312,98;R$ 900,11;X;whatsapp;2023-12-04;2023-12-04;;;;Correios;Aguardando despacho;aguardando confirmacao de estoque
PA-2023-01544;12/02/2023 09:40 AM;12/02/2023 11:00 AM;Pata Amiga Blumenau Centro;LJ-001;Salto do Norte;SERVICO;VALE PET;6;0;0;15,7;675;92,61;-;V;SITE;2023-12-03;2023-12-03;2023-12-05;2023-12-07;51;Entrega Expressa SC;Entregue;
PA-2023-01546;12/02/2023 09:30 AM;12/02/2023 11:30 AM;Pata Amiga Rio do Sul;LJ-002;Sumare;PETISCO;Pix;8;0;0;20.3;211;36,10;175,01;true;SITE;2023-12-03;2023-12-03;2023-12-09;2023-12-11;48,75;Entrega Expressa SC;Entregue;aguardando confirmacao de estoque
PA-2023-01556;12/02/2023 12:35 PM;12/02/2023 03:35 PM;PATA AMIGA ITAPOA;LJ-016;;Ração;Boleto;5;0;0;8.2;765,82;197,58;568.24;X;APP;2023-12-03;2023-12-04;2023-12-10;;;Logistica Propria;Despachado - em transito;
PA-2023-01545;12/02/2023 06:20 PM;12/02/2023 06:55 PM;Pata Amiga Blumenal Centro;LJ-001;Velha;medicamento;Pix;4;0;;13,5;316.83;43,41;R$ 273,42;X;App;2023-12-04;2023-12-05;2023-12-08;2023-12-10;R$ 48,60;Entrega Expressa SC;Entregue;cliente pediu entrega no periodo da tarde
PA-2023-01557;12/02/2023 09:50 AM;12/02/2023 07:50 PM;Pata Amiga Sao Jose Kobrasol;LJ-018;Campinas;Brinquedos;VALE PET;1;0;0;1.6;R$ 70,30;R$ 0,00;70,30;N;telefone;2023-12-04;2023-12-05;2023-12-09;2023-12-11;R$ 9,53;Rapido Catarinense;Entregue;aguardando confirmacao de estoque
PA-2023-01550;12/02/2023 08:52 PM;12/02/2023 09:02 PM;pata amiga joinville sul;LJ-013;Boa Vista;Rac.;Debito;5;0;0;14,7;484,82;125,08;R$ 359,74;sim;LOJA FISICA;;;;;;;Retirada na loja;pedido recorrente
PA-2023-01555;12/02/2023 08:00 PM;12/02/2023 11:00 PM;Pata Amiga Itapoá;;Figueira do Pontal;Racao;boleto;10;1;0;40,8;1.165,87;300.79;865,08;sim;SITE;2023-12-05;2023-12-06;2023-12-15;2023-12-19;116.36;TransPet Log;Entregue;
PA-2023-01547;12/02/2023 11:38 PM;12/03/2023 01:38 AM;Pata Amiga Rio do Sul;LJ-002;;Hig.;Debito;;0;0;1,7;162,59;27.80;R$ 134,79;;SITE;2023-12-05;2023-12-05;2023-12-08;2023-12-11;10,62;TransPet Log;Entregue;cliente pediu entrega no periodo da tarde
PA-2023-01573;12/03/2023 01:40 AM;12/03/2023 03:00 AM;Pata Amiga Criciuma/SC;;Sao Luiz;racao;CARTAO DE CREDITO;4;0;;10,6;877;226.31;650,86;S;;2023-12-05;2023-12-06;2023-12-07;;;Logistica Propria;Despachado - em transito;
PA-2023-01565;12/03/2023 04:23 AM;12/03/2023 04:58 AM;PATA AMIGA BRUSQUE;LJ-004;Aguas Claras;Ração;Credito;8;-;0;33,3;1628;346;R$ 1.281,75;S;app;2023-12-05;2023-12-05;;;;Entrega Expressa SC;Aguardando despacho;aguardando confirmacao de estoque
PA-2023-01575;12/03/2023 04:35 AM;12/03/2023 05:55 AM;PATA AMIGA TUBARAO;LJ-022;Oficinas;Racao Medicamentosa;Credito;4;0;1;16.0;R$ 422,07;46,01;376,06;Sim;App;2023-12-05;2023-12-06;2023-12-11;2023-12-13;26;TransPet Log;Entregue;cliente pediu entrega no periodo da tarde
PA-2023-01577;12/03/2023 04:47 AM;12/03/2023 06:07 AM;Pata Amiga Chapeco;LJ-029;Sao Cristovao;servico;Pix;;0;2;2,2;117;0,94;116;X;app;2023-12-05;2023-12-05;2023-12-07;2023-12-09;11,23;Rapido Catarinense;Entregue;cliente pediu entrega no periodo da tarde
PA-2023-01572;12/03/2023 05:50 AM;12/03/2023 06:25 AM;Pata Amiga Criciuma/SC;LJ-021;Centro;higiene;Credito;11;1;0;40.5;594,50;153.38;R$ 441,12;SIM;Site;2023-12-05;2023-12-06;;;;Correios;Aguardando despacho;embalagem para presente
PA-2023-01567;12/03/2023 06:38 AM;12/03/2023 06:48 AM;pata amiga joinville sul;;Costa e Silva;servico;CARTAO DE DEBITO;2;0;0;5.5;339.30;0;R$ 339,30;NAO;;;;;;;;Retirada na loja;
PA-2023-01561;12/03/2023 04:55 AM;12/03/2023 07:55 AM; Pata Amiga Rio do Sul;;Budag;Higiene e Beleza;DINHEIRO;3;0;0;5.6;156;10,50;146,22;1;SITE;2023-12-05;2023-12-05;2023-12-09;;;Logistica Propria;Despachado - em transito;embalagem para presente
PA-2023-01562;12/03/2023 09:10 AM;12/03/2023 09:45 AM;Pata Amiga Itajai Praia;;Cordeiros;Ração Medicamentosa;VALE PET;7;0;0;23.4;R$ 1.036,08;220,69;815,39;;Site;2023-12-05;;;;;Rapido Catarinense;Aguardando nota fiscal;produto fora de linha - substituido
PA-2023-01560;12/03/2023 05:10 AM;12/03/2023 10:10 AM;Pata Amiga Blumenal Centro;LJ-001;Vorstadt;Higiene e Beleza;PIX;2;0;0;8.1;R$ 92,93;R$ 0,00;92;Nao;;2023-12-04;2023-12-04;2023-12-08;2023-12-10;R$ 26,55;Logistica Propria;Entregue;
PA-2023-01570;12/03/2023 09:55 AM;12/03/2023 10:30 AM;pata amiga criciuma;LJ-021;Centro;Med.;CARTAO DE DEBITO;7;0;0;20,2;R$ 905,43;233.60;R$ 671,83;true;App;2023-12-04;2023-12-04;2023-12-08;2023-12-11;29,54;Rapido Catarinense;Entregue;conferir endereco com o cliente
PA-2023-01571;12/03/2023 09:52 AM;12/03/2023 10:42 AM;pata amiga criciuma;LJ-021;Centro;Rac.;CARTAO DE DEBITO;7;0;0;21,1;R$ 1.306,38;337.05;969.33;;site;2023-12-05;2023-12-05;2023-12-10;2023-12-11;49,73;TransPet Log;Entregue;cliente pediu entrega no periodo da tarde
PA-2023-01568;12/03/2023 11:12 AM;12/03/2023 01:12 PM;Pata Amiga Palhoça;;Passa Vinte;Acessório;Cartao de Credito;3;0;0;4.7;240;R$ 0,00;240;nao;APP;2023-12-04;2023-12-05;2023-12-09;2023-12-11;11,35;TransPet Log;Entregue;
PA-2023-01566;12/03/2023 01:12 PM;12/03/2023 04:12 PM;Pata Amiga Brusque;;Dom Joaquim;Racao Seca;DINHEIRO;7;;0;22,1;1045;R$ 222,79;823,19;true;App Pata Amiga;2023-12-04;2023-12-04;;;;Correios;Aguardando despacho;
PA-2023-01574;12/03/2023 04:15 PM;12/03/2023 06:15 PM;Pata Amiga Tubarão;;Oficinas;acessorio;DINHEIRO;6;0;0;17.7;327,19;35,66;291.53;X;app;2023-12-04;2023-12-04;2023-12-05;2023-12-06;;Entrega Expressa SC;Entregue;
PA-2023-01576;12/03/2023 06:40 PM;12/03/2023 07:15 PM;Pata Amiga Laguna/SC;LJ-024;Centro;PETISCO;PIX;3;0;0;3.4;111;R$ 12,20;99,69;SIM;APP;2023-12-04;;;;;Correios;Aguardando nota fiscal;embalagem para presente
PA-2023-01569;12/03/2023 03:45 PM;12/03/2023 08:45 PM;Pata Amiga Criciuma/SC;LJ-021;Prospera;Petiscos;vale pet;8;N/I;0;24.7;R$ 274,03;70.70;R$ 203,33;V;Site;2023-12-05;2023-12-05;;;;Entrega Expressa SC;Aguardando despacho;
PA-2023-01563;12/03/2023 07:40 PM;12/03/2023 09:40 PM;Pata Amiga Brusque;LJ-004;Dom Joaquim;Petiscos;Vale Pet;6;1;0;17.3;153;R$ 32,62;120.51;1;Loja Física;;;;;;;Retirada na loja;aguardando confirmacao de estoque
PA-2023-01564;12/03/2023 01:38 PM;12/03/2023 11:38 PM;pata amiga brusque;;Dom Joaquim;Medicamentos;vale pet;8;1;0;5,9;1.082,97;-;R$ 852,30;Sim;App Pata Amiga;2023-12-04;2023-12-04;2023-12-08;2023-12-10;13,57;Rapido Catarinense;Entregue;aguardando confirmacao de estoque
PA-2023-01584;12/04/2023 02:15 AM;12/04/2023 02:25 AM;PATA AMIGA CHAPECO;LJ-029;Passo dos Fortes;BRINQUEDO;Cartão de Débito;2;0;0;6,3;72,71;11;61,51;X;Whatsapp;2023-12-06;2023-12-07;2023-12-09;2023-12-12;24,40;Entrega Expressa SC;Entregue;produto fora de linha - substituido
PA-2023-01582;12/04/2023 04:52 AM;12/04/2023 05:02 AM;PATA AMIGA OTACILIO COSTA;LJ-027;Bela Vista;petisco;vale pet;1;0;2;2,5;23,39;3,81;R$ 19,58;true;App;2023-12-08;2023-12-09;2023-12-15;2023-12-19;R$ 11,69;Entrega Expressa SC;Entregue;pedido recorrente
PA-2023-01580;12/04/2023 03:35 AM;12/04/2023 08:35 AM;PATA AMIGA LAGES;;Coral;ACESSORIO;CARTAO DE DEBITO;7;0;;16.8;502,08;81,84;420;true;loja fisica;;;;;;;Retirada na loja;conferir endereco com o cliente
PA-2023-01578;12/04/2023 04:45 AM;12/04/2023 09:45 AM; Pata Amiga Blumenau Centro;;Garcia;Racao Seca;Dinheiro;3;0;;1,3;281.05;R$ 0,00;R$ 281,05;Não;loja fisica;;;;;;;Retirada na loja;produto fora de linha - substituido
PA-2023-01579;12/04/2023 06:20 PM;12/04/2023 08:20 PM;PATA AMIGA SANTO AMARO DA IMPERATRIZ;;Sul do Rio;Acessorios;DINHEIRO;1;0;0;3.9;;0,00;95,18;nao;App Pata Amiga;2023-12-07;2023-12-07;2023-12-14;2023-12-17;17,06;Correios;Entregue;pedido recorrente
PA-2023-01585;12/04/2023 08:07 PM;12/04/2023 08:42 PM;Pata Amiga Concordia;;Nacoes;Higiene;Vale Pet;4;0;0;2,8;209,57;32,27;R$ 177,30;SIM;Site;2023-12-05;2023-12-05;2023-12-07;2023-12-09;12,71;Correios;Entregue;conferir endereco com o cliente
PA-2023-01583;12/04/2023 09:05 PM;12/04/2023 09:25 PM;PATA AMIGA CHAPECO;LJ-029;Passo dos Fortes;Acessório;dinheiro;6;;0;10.1;450.63;69,40;381;true;app;2023-12-06;2023-12-06;2023-12-11;2023-12-12;21,95;Entrega Expressa SC;Entregue;
PA-2023-01581;12/04/2023 08:20 PM;12/04/2023 09:40 PM;Pata Amiga Sao Joaquim;LJ-026;Centro;Ração;vale pet;-;;0;6.4;1209.30;197.12;1.012,18;true;WhatsApp;2023-12-06;;;;;Correios;Aguardando nota fiscal;
PA-2023-01592;12/05/2023 04:07 AM;12/05/2023 04:27 AM;pata amiga gaspar;LJ-007;Poco Grande;servico;pix;9;0;0;19,1;R$ 659,74;79,83;579,91;sim;App;2023-12-07;2023-12-07;2023-12-10;2023-12-11;R$ 69,37;Correios;Entregue;embalagem para presente
PA-2023-01587;12/05/2023 02:20 AM;12/05/2023 05:20 AM;pata amiga blumenau centro;LJ-001;Velha;RACAO;CARTAO DE DEBITO;5;0;0;18,5;640,87;R$ 77,55;563,32;sim;App Pata Amiga;2023-12-06;2023-12-06;2023-12-10;2023-12-12;59,40;TransPet Log;Entregue;
PA-2023-01586;12/05/2023 01:30 AM;12/05/2023 06:30 AM;PATA AMIGA BLUMENAU CENTRO;;Itoupava Norte;Serviço;Especie;5;0;0;19,7;771,25;93.32;R$ 677,93;X;site;2023-12-07;2023-12-08;2023-12-12;2023-12-13;R$ 61,00;Entrega Expressa SC;Entregue;
PA-2023-01593;12/05/2023 02:38 AM;12/05/2023 07:38 AM;Pata Amiga Taió;LJ-009;Centro;Hig.;PIX;2;0;;6,3;62.97;0;R$ 62,97;Nao;app;;;;;;;Pedido cancelado;
PA-2023-01594;12/05/2023 09:38 AM;12/05/2023 09:48 AM;pata amiga joinville sul;;Aventureiro;Servicos;Debito;7;0;0;25,9;841,81;R$ 125,43;716,38;Sim;APP;2023-12-07;2023-12-07;2023-12-10;2023-12-12;81,24;Entrega Expressa SC;Entregue;embalagem para presente
PA-2023-01601;12/05/2023 10:05 AM;12/05/2023 10:15 AM;pata amiga chapeco;LJ-029;Passo dos Fortes;Rac.;dinheiro;2;0;0;4.5;247,05;9,14;R$ 237,91;true;app;2023-12-06;2023-12-06;;;;TransPet Log;Aguardando despacho;
PA-2023-01589;12/05/2023 11:05 AM;12/05/2023 11:25 AM;Pata Amiga Rio do sul;LJ-002;Budag;petisco;Boleto;3;0;0;2.8;R$ 145,10;0,00;R$ 145,10;;app;2023-12-07;2023-12-08;2023-12-13;2023-12-16;13;Rapido Catarinense;Entregue;produto fora de linha - substituido
PA-2023-01595;12/05/2023 11:55 AM;12/05/2023 12:15 PM;pata amiga joinville sul;LJ-013;Costa e Silva;RACAO;PIX;4;0;0;8,8;502;74,88;427.65;Sim;APP;2023-12-06;2023-12-07;;;;Rapido Catarinense;Aguardando despacho;
PA-2023-01600;12/05/2023 10:50 AM;12/05/2023 12:50 PM;PATA AMIGA LAGES;LJ-025;Coral;PETISCO;Cartao de Credito;1;-;0;3,9;R$ 22,77;0,00;22;Nao;App Pata Amiga;2023-12-06;2023-12-06;2023-12-09;2023-12-11;14;Correios;Entregue;aguardando confirmacao de estoque
PA-2023-01599;12/05/2023 02:00 PM;12/05/2023 02:10 PM;Pata Amiga Florianópolis Norte;;Trindade;Petiscos;BOLETO;3;0;0;1,8;65,20;R$ 2,74;62.46;true;Site;2023-12-06;;;;;Rapido Catarinense;Aguardando nota fiscal;
PA-2023-01598;12/05/2023 03:40 PM;12/05/2023 04:15 PM;PATA AMIGA SAO BENTO DO SUL;LJ-015;Serra Alta;petisco;vale pet;5;;0;15.7;182,85;27,24;R$ 155,61;sim;loja fisica;;;;;;;Retirada na loja;pedido recorrente
PA-2023-01590;12/05/2023 02:40 PM;12/05/2023 05:40 PM;PATA AMIGA INDAIAL;;;BRINQUEDO;VALE PET;1;0;0;3,7;64.07;R$ 0,38;63,69;;LOJA FISICA;;;;;;;Retirada na loja;
PA-2023-01597;12/05/2023 05:50 PM;12/05/2023 10:50 PM;PATA AMIGA JARAGUA DO SUL;;Jaragua Esquerdo;Petisco;Dinheiro;3;0;0;9.5;85;5,53;R$ 79,61;;Loja Fisica;;;;;;;Retirada na loja;pedido recorrente
PA-2023-01596;12/05/2023 10:52 PM;12/05/2023 11:12 PM;Pata Amiga Joinville Sul/SC;LJ-013;Jarivatuba;RACAO;dinheiro;5;0;0;20.8;R$ 733,43;109.28;624.15;Sim;telefone;2023-12-06;2023-12-06;2023-12-09;2023-12-12;75,31;Logistica Propria;Entregue;aguardando confirmacao de estoque
PA-2023-01591;12/05/2023 08:07 PM;12/06/2023 01:07 AM;Pata Amiga Gaspar;LJ-007;Bela Vista;Petisco;Cartão de Crédito;4;0;0;3.9;161,19;19.50;R$ 141,69;sim;LOJA FISICA;;;;;;;Retirada na loja;aguardando confirmacao de estoque
PA-2023-01588;12/05/2023 11:10 PM;12/06/2023 09:10 AM; Pata Amiga Blumenau Centro;LJ-001;Vorstadt;PETISCO;Boleto;2;0;0;6,8;49,41;5,98;R$ 43,43;X;SITE;2023-12-07;2023-12-07;2023-12-12;;;Entrega Expressa SC;Despachado - em transito;pedido recorrente
PA-2023-01606;12/06/2023 09:15 AM;12/06/2023 09:25 AM;Pata Amiga Ibirama/SC;LJ-011;Centro;petisco;CARTAO DE DEBITO;4;0;0;5.4;R$ 155,10;18,61;136,49;;SITE;2023-12-08;2023-12-08;2023-12-21;2023-12-24;19;Entrega Expressa SC;Entregue;produto fora de linha - substituido
PA-2023-01608;12/06/2023 08:00 AM;12/06/2023 10:00 AM;Pata Amiga Itapoa;LJ-016;Figueira do Pontal;Servico;Debito;3;0;0;3,0;534,53;34,21;500;1;APP;2023-12-09;2023-12-09;2023-12-16;2023-12-17;12.59;Logistica Propria;Entregue;conferir endereco com o cliente
PA-2023-01603;12/06/2023 11:05 AM;12/06/2023 11:55 AM;Pata Amiga Timbó;;Capitais;Racao Seca;CARTAO DE CREDITO;4;0;0;16,2;783.84;122,28;R$ 661,56;1;Telefone;2023-12-07;2023-12-07;2023-12-10;2023-12-11;26,85;TransPet Log;Entregue;produto fora de linha - substituido
PA-2023-01605;12/06/2023 11:23 AM;12/06/2023 04:23 PM;Pata Amiga Presidente Getulio;LJ-008;Centro;racao;Debito;4;0;;5,3;439,09;R$ 52,69;R$ 386,40;sim;site;2023-12-10;2023-12-10;2023-12-18;2023-12-21;R$ 18,24;Entrega Expressa SC;Entregue;
PA-2023-01607;12/06/2023 05:10 PM;12/06/2023 08:10 PM;Pata Amiga Joinville Sul/SC;LJ-013;Boa Vista;servico;CARTAO DE DEBITO;3;0;0;6.2;307,95;R$ 19,71;R$ 288,24;V;Loja Física;;;;;;;Retirada na loja;pedido recorrente
PA-2023-01604;12/06/2023 05:30 PM;12/06/2023 10:30 PM;pata amiga indaial;;Warnow;Acessorios;vale pet;4;0;0;13.7;R$ 388,52;60,61;327,91;V;Site;2023-12-08;2023-12-08;2023-12-11;2023-12-14;R$ 35,79;Rapido Catarinense;Entregue;
PA-2023-01602;12/06/2023 11:55 PM;12/07/2023 01:55 AM;Pata Amiga Rio do Sul;LJ-002;Laranjeiras;HIGIENE;vale pet;5;0;0;19.5;R$ 162,89;32,74;R$ 130,15;1;Whatsapp;2023-12-10;2023-12-11;2023-12-15;2023-12-17;R$ 33,50;Logistica Propria;Entregue;
PA-2023-01620;12/07/2023 12:45 AM;12/07/2023 02:05 AM;pata amiga lages;LJ-025;Guarujal;RAÇÃO;vale pet;1;0;0;4,0;174;R$ 9,58;R$ 164,65;;Site;2023-12-09;2023-12-10;2023-12-13;2023-12-15;14.31;Correios;Entregue;
PA-2023-01609;12/06/2023 06:00 PM;12/07/2023 04:00 AM;Pata Amiga Florianópolis Norte;LJ-017;Rio Vermelho;RAÇÃO;Credito;4;0;0;1.8;R$ 881,98;-;874.04;Sim;APP;2023-12-08;2023-12-08;2023-12-12;2023-12-15;9,59;Correios;Entregue;pedido recorrente
PA-2023-01610;12/07/2023 04:20 AM;12/07/2023 04:30 AM;Pata Amiga Rio do Sul;LJ-002;Sumare;higiene;Dinheiro;4;;0;11.0;R$ 126,02;8;117.95;SIM;App Pata Amiga;2023-12-09;2023-12-09;2023-12-11;2023-12-13;27;TransPet Log;Entregue;produto fora de linha - substituido
PA-2023-01614;12/07/2023 04:45 AM;12/07/2023 05:05 AM;pata amiga indaial;LJ-006;Warnow;petisco;boleto;9;1;0;9,1;R$ 323,23;R$ 70,79;252;sim;App Pata Amiga;2023-12-09;2023-12-09;2023-12-14;2023-12-16;19,06;Correios;Entregue;
PA-2023-01612;12/07/2023 04:25 AM;12/07/2023 05:45 AM;Pata Amiga Timbo;LJ-005;Araponguinhas;PETISCO;pix;8;1;0;24,3;404,56;88,60;315.96;S;loja fisica;;;;;;;Retirada na loja;cliente pediu entrega no periodo da tarde
PA-2023-01619;12/07/2023 06:40 AM;12/07/2023 07:15 AM;Pata Amiga Palhoça;LJ-019;Ponte do Imaruim;RACAO;Cartão de Débito;2;0;0;1.3;449.91;0,00;R$ 449,91;nao;Loja Fisica;;;;;;;Retirada na loja;
PA-2023-01618;12/07/2023 09:23 AM;12/07/2023 10:43 AM;Pata Amiga Florianopolis Norte;;Trindade;Acessorio;Cartao de Debito;1;0;0;3,1;R$ 48,77;3,71;45.06;SIM;App Pata Amiga;2023-12-09;2023-12-09;2023-12-14;;;Correios;Despachado - em transito;
PA-2023-01613;12/07/2023 05:23 AM;12/07/2023 03:23 PM;PATA AMIGA INDAIAL;;Encano;Hig.;Cartao de Credito;11;0;1;18.6;421,28;92,26;R$ 329,02;1;App;2023-12-08;2023-12-08;2023-12-12;2023-12-14;62.82;Entrega Expressa SC;Entregue;cliente pediu entrega no periodo da tarde
PA-2023-01617;12/07/2023 10:12 PM;12/07/2023 10:22 PM;Pata Amiga Jgua do Sul;;Barra do Rio Cerro;Serviço;PIX;3;0;0;11.6;R$ 313,28;0,00;R$ 313,28;nao;Loja Física;;;;;;;Retirada na loja;
PA-2023-01611;12/07/2023 10:30 PM;12/07/2023 11:50 PM;Pata Amiga Timbo;;Araponguinhas;RACAO;Boleto;10;0;0;30.6;1016;R$ 222,53;793.59;SIM;loja fisica;;;;;;;Retirada na loja;aguardando confirmacao de estoque
PA-2023-01616;12/07/2023 11:40 PM;12/08/2023 12:00 AM;pata amiga taio;;;Racao Medicamentosa;Especie;7;0;0;19,4;811,02;R$ 88,40;722,62;sim;app;;;;;;;Pedido cancelado;
PA-2023-01641;12/08/2023 01:20 AM;12/08/2023 01:30 AM;PATA AMIGA SAO MIGUEL DO OESTE;;Centro;racao;PIX;4;0;0;6.2;489;120,30;368,72;S;LOJA FISICA;;;;;;;Retirada na loja;produto fora de linha - substituido
PA-2023-01632;12/08/2023 04:50 AM;12/08/2023 05:10 AM;PATA AMIGA CHAPECO;LJ-029;Sao Cristovao;racao;CARTAO DE CREDITO;6;0;0;24,7;1.017,41;250,28;767,13;1;;2023-12-10;2023-12-11;2023-12-15;2023-12-18;87,78;Logistica Propria;Entregue;
PA-2023-01640;12/08/2023 05:20 AM;12/08/2023 06:10 AM;PATA AMIGA SAO MIGUEL DO OESTE;LJ-032;Agostini;Ração;DINHEIRO;8;;0;24,8;938,23;230,80;R$ 707,43;SIM;App Pata Amiga;2023-12-09;2023-12-09;2023-12-11;2023-12-14;R$ 55,56;Entrega Expressa SC;Entregue;pedido recorrente
PA-2023-01622;12/08/2023 04:20 AM;12/08/2023 06:20 AM;Pata Amiga Joinville Sul;;Costa e Silva;Ração Medicamentosa;Vale Pet;1;0;0;0.8;135.75;R$ 0,00;135.75;NAO;Whatsapp;2023-12-10;2023-12-11;2023-12-12;2023-12-15;7,20;Logistica Propria;Entregue;conferir endereco com o cliente
PA-2023-01629;12/08/2023 06:07 AM;12/08/2023 07:27 AM;Pata Amiga Curitibanos;LJ-028;;Higiene;dinheiro;3;0;2;7.3;177,87;R$ 11,56;;V;Site;2023-12-10;2023-12-10;2023-12-14;;;Entrega Expressa SC;Despachado - em transito;
PA-2023-01624;12/08/2023 07:07 AM;12/08/2023 08:27 AM;PATA AMIGA PALHOCA;LJ-019;Ponte do Imaruim;Servicos;Cartao de Credito;2;0;0;5,5;314,28;0,00;R$ 314,28;;LOJA FISICA;;;;;;;Retirada na loja;produto fora de linha - substituido
PA-2023-01633;12/08/2023 08:47 AM;12/08/2023 09:07 AM;Pata Amiga Chapecó;LJ-029;Sao Cristovao;Hig.;Dinheiro;4;0;0;13.7;192;R$ 47,32;145;SIM;WHATSAPP;2023-12-10;2023-12-11;;;;Entrega Expressa SC;Aguardando despacho;embalagem para presente
PA-2023-01615;12/07/2023 11:20 PM;12/08/2023 09:20 AM;Pata Amiga Indaial;LJ-006;Nacoes;racao;dinheiro;-;0;n/d;10,3;R$ 1.071,22;234,60;836,62;SIM;SITE;2023-12-09;;;;;Rapido Catarinense;Aguardando nota fiscal;produto fora de linha - substituido
PA-2023-01630;12/08/2023 10:52 AM;12/08/2023 11:27 AM;Pata Amiga Chapecó;LJ-029;Passo dos Fortes;higiene;pix;9;0;0;27.4;434,45;106.87;327,58;1;SITE;2023-12-10;2023-12-11;2023-12-13;2023-12-15;51.14;TransPet Log;Entregue;
PA-2023-01631;12/08/2023 10:15 AM;12/08/2023 01:15 PM;Pata Amiga Chapecó;LJ-029;Centro;Racao;PIX;7;0;0;12.0;R$ 863,21;R$ 212,35;;SIM;app;2023-12-10;;;;;Rapido Catarinense;Aguardando nota fiscal;
PA-2023-01637;12/08/2023 08:20 AM;12/08/2023 01:20 PM;Pata Amiga Concordia;;Centro;PETISCO;Boleto;11;1;;39.9;333;82;251,39;S;APP;2023-12-10;2023-12-10;2023-12-13;2023-12-15;R$ 113,27;Entrega Expressa SC;Entregue;
PA-2023-01628;12/08/2023 11:45 AM;12/08/2023 01:45 PM;Pata Amiga Lages;LJ-025;Coral;SERVICO;pix;5;0;0;6,7;655,76;42.62;613.14;V;Site;2023-12-10;2023-12-10;2023-12-14;2023-12-17;25;Logistica Propria;Entregue;
PA-2023-01638;12/08/2023 09:50 AM;12/08/2023 02:50 PM;PATA AMIGA XANXERE;LJ-031;Bela Vista;Rac.;PIX;5;0;;5,9;R$ 867,41;213,38;654.03;;Site;2023-12-10;2023-12-10;2023-12-13;2023-12-16;18,79;Correios;Entregue;
PA-2023-01625;12/08/2023 10:38 AM;12/08/2023 03:38 PM;PATA AMIGA CRICIUMA;LJ-021;Centro;petisco;Dinheiro;1;0;0;3.8;30,47;R$ 4,75;25.72;S;app;2023-12-10;2023-12-11;2023-12-12;2023-12-15;10,87;Logistica Propria;Entregue;conferir endereco com o cliente
PA-2023-01626;12/08/2023 01:52 PM;12/08/2023 03:52 PM;Pata Amiga Criciuma/SC;LJ-021;Rio Maina;Rac.;Pix;7;0;0;21,2;778;R$ 121,39;656,75;true;app;;;;;;;Pedido cancelado;
PA-2023-01635;12/08/2023 02:45 PM;12/08/2023 04:45 PM;Pata Amiga Concórdia;;Nacoes;racao;pix;;;0;38.9;R$ 917,87;R$ 225,80;R$ 692,07;true;app;2023-12-11;;;;;Rapido Catarinense;Aguardando nota fiscal;pedido recorrente
PA-2023-01639;12/08/2023 02:52 PM;12/08/2023 05:52 PM;Pata Amiga Xanxerê;;Bela Vista;Petisco;Debito;6;0;0;21.6;R$ 204,33;R$ 50,27;154,06;X;SITE;2023-12-09;2023-12-10;2023-12-16;2023-12-17;29.50;Correios;Entregue;embalagem para presente
PA-2023-01623;12/08/2023 05:05 PM;12/08/2023 05:55 PM;pata amiga florianopolis norte;LJ-017;Saco Grande;servico;VALE PET;2;0;0;4,9;156.81;13;143;SIM;;2023-12-09;2023-12-09;2023-12-13;2023-12-14;10.51;Rapido Catarinense;Entregue;embalagem para presente
PA-2023-01627;12/08/2023 06:35 PM;12/08/2023 06:45 PM;PATA AMIGA TUBARAO;LJ-022;Passagem;Higiene;Credito;2;0;0;2.1;R$ 76,55;;76.55;F;APP;2023-12-09;;;;;Correios;Aguardando nota fiscal;conferir endereco com o cliente
PA-2023-01621;12/08/2023 04:47 PM;12/08/2023 06:47 PM;Pata Amiga Rio do Sul;;Canta Galo;Servicos;Credito;4;0;0;15.0;R$ 398,49;0,00;398;Nao;Loja Fisica;;;;;;;Retirada na loja;
PA-2023-01636;12/08/2023 06:40 PM;12/08/2023 07:00 PM;Pata Amiga Concordia;;Centro;RAÇÃO;Cartão de Crédito;5;0;2;10,4;892.65;R$ 219,59;R$ 673,06;SIM;Loja Física;;;;;;;Retirada na loja;produto fora de linha - substituido
PA-2023-01634;12/08/2023 08:45 PM;12/08/2023 08:55 PM;pata amiga chapeco;;Passo dos Fortes;Med.;BOLETO;7;1;0;4,2;R$ 568,10;139,75;428,35;S;LOJA FISICA;;;;;;;Retirada na loja;
PA-2023-01654;12/09/2023 02:40 AM;12/09/2023 03:00 AM;Pata Amiga Chapeco/SC;;;Petiscos;Cartao de Debito;2;0;0;1,3;91;0;91,97;Não;SITE;;;;;;;Pedido cancelado;pedido recorrente
PA-2023-01649;12/09/2023 02:12 AM;12/09/2023 03:02 AM;Pata Amiga Palhoça;LJ-019;Passa Vinte;RACAO;pix;7;0;0;12,3;1.098,10;207;890;S;SITE;2023-12-11;2023-12-12;2023-12-16;2023-12-17;45,06;Correios;Entregue;pedido recorrente
PA-2023-01644;12/09/2023 08:20 AM;12/09/2023 08:40 AM;PATA AMIGA JOINVILLE SUL;;;SERVICO;CARTAO DE DEBITO;2;0;2;4,6;277,56;0;R$ 277,56;N;Whatsapp;2023-12-11;2023-12-11;2023-12-14;2023-12-16;19,28;Logistica Propria;Entregue;
PA-2023-01642;12/09/2023 09:38 AM;12/09/2023 10:13 AM;Pata Amiga Blumenau Centro;LJ-001;Itoupava Norte;Racao Seca;BOLETO;4;0;0;5.5;R$ 443,65;R$ 25,73;417;X;Loja Física;;;;;;;Retirada na loja;cliente pediu entrega no periodo da tarde
PA-2023-01653;12/09/2023 10:00 AM;12/09/2023 11:20 AM;Pata Amiga Otacílio Costa;;Bela Vista;Petisco;Vale Pet;2;0;0;1.3;99,43;R$ 11,63;87,80;sim;Site;2023-12-12;2023-12-12;2023-12-22;2023-12-24;7,94;Logistica Propria;Entregue;
PA-2023-01643;12/09/2023 11:30 AM;12/09/2023 12:20 PM;PATA AMIGA TAIO;LJ-009;Centro;medicamento;Cartao de Debito;2;-;0;4.4;252;26,46;225,54;true;Site;2023-12-12;2023-12-12;2023-12-23;2023-12-26;9.89;Rapido Catarinense;Entregue;
PA-2023-01652;12/09/2023 09:30 AM;12/09/2023 02:30 PM;Pata Amiga Lages;LJ-025;Habitacao;Racao;Especie;3;0;2;11,1;R$ 566,05;R$ 66,23;499,82;X;App;2023-12-10;2023-12-10;2023-12-13;2023-12-15;;Correios;Entregue;
PA-2023-01647;12/09/2023 07:35 AM;12/09/2023 05:35 PM;Pata Amiga São José Kobrasol;LJ-018;Campinas;Medicamentos;BOLETO;6;0;0;2.8;505;95,58;410,16;V;Site;2023-12-11;2023-12-11;2023-12-14;2023-12-16;13;Rapido Catarinense;Entregue;
PA-2023-01650;12/09/2023 09:05 AM;12/09/2023 07:05 PM;PATA AMIGA PALHOCA;LJ-019;Pagani;ACESSORIO;BOLETO;4;0;0;11,7;404,81;76,51;R$ 328,30;1;app;2023-12-11;2023-12-12;2023-12-14;;;TransPet Log;Despachado - em transito;embalagem para presente
PA-2023-01646;12/09/2023 05:15 PM;12/09/2023 10:15 PM;Pata Amiga Sao Jose Kobrasol;;Real Parque;Higiene e Beleza;Cartão de Débito;9;0;0;22.4;261,75;R$ 49,47;212,28;Sim;;2023-12-11;2023-12-12;2023-12-16;2023-12-18;64.76;TransPet Log;Entregue;
PA-2023-01648;12/09/2023 11:52 PM;12/10/2023 12:02 AM;Pata Amiga Palhoça;LJ-019;;HIGIENE;VALE PET;6;0;0;20.1;269.51;R$ 50,94;218,57;S;SITE;2023-12-12;2023-12-12;2023-12-16;2023-12-19;R$ 55,51;Correios;Entregue;
PA-2023-01645;12/09/2023 11:52 PM;12/10/2023 01:12 AM;PATA AMIGA FLORIANOPOLIS NORTE;;;higiene;Cartao de Debito;3;0;0;7,7;125.38;R$ 3,39;;X;app;2023-12-12;2023-12-12;2023-12-17;;;Rapido Catarinense;Despachado - em transito;aguardando confirmacao de estoque
PA-2023-01672;12/10/2023 12:55 AM;12/10/2023 01:15 AM;Pata Amiga Jaraguá do Sul;LJ-014;Jaragua Esquerdo;Petisco;CARTAO DE CREDITO;;0;0;19.1;328,92;115,45;R$ 213,47;sim;telefone;2023-12-12;;;;;Rapido Catarinense;Aguardando nota fiscal;
PA-2023-01664;12/10/2023 01:05 AM;12/10/2023 03:05 AM;Pata Amiga Jaragua Do Sul;LJ-014;Centro;Racao;CARTAO DE CREDITO;6;0;0;15,8;768.90;269,88;499.02;V;app;2023-12-12;2023-12-12;2023-12-15;2023-12-17;R$ 41,09;TransPet Log;Entregue;conferir endereco com o cliente
PA-2023-01651;12/09/2023 10:07 PM;12/10/2023 03:07 AM;Pata Amiga Araranguá;LJ-023;Urussanguinha;higiene;Vale Pet;4;0;0;8.3;240,42;R$ 15,15;R$ 225,27;S;App;2023-12-12;2023-12-12;2023-12-16;2023-12-19;15,18;Correios;Entregue;conferir endereco com o cliente
PA-2023-01669;12/10/2023 02:38 AM;12/10/2023 03:28 AM;Pata Amiga Jaraguá do Sul;LJ-014;Jaragua Esquerdo;MEDICAMENTO;Pix;4;0;;5.1;R$ 280,60;98,49;182;V;SITE;2023-12-11;2023-12-12;2023-12-14;2023-12-16;20;TransPet Log;Entregue;
PA-2023-01681;12/10/2023 04:07 AM;12/10/2023 04:42 AM;Pata Amiga Tubarao;LJ-022;Oficinas;brinquedo;Credito;2;0;2;5,9;147,86;1;R$ 146,23;X;APP;2023-12-11;2023-12-12;2023-12-15;2023-12-18;15,48;Rapido Catarinense;Entregue;cliente pediu entrega no periodo da tarde
PA-2023-01665;12/10/2023 03:50 AM;12/10/2023 06:50 AM;Pata Amiga Jaragua do Sul;LJ-014;Barra do Rio Cerro;Petisco;Pix;12;0;0;7.0;420.94;147,75;273,19;1;App;2023-12-12;2023-12-12;2023-12-17;2023-12-19;27,91;Rapido Catarinense;Entregue;pedido recorrente
PA-2023-01658;12/10/2023 04:23 AM;12/10/2023 09:23 AM;pata amiga itajai praia;;Sao Vicente;higiene;Cartão de Débito;6;0;0;12,5;226,09;41,60;184.49;V;Loja Física;;;;;;;Retirada na loja;cliente pediu entrega no periodo da tarde
PA-2023-01662;12/10/2023 10:35 AM;12/10/2023 10:45 AM;Pata Amiga Jaragua do Sul;;Centro;Rac.;Vale Pet;8;n/d;0;9.4;1.567,83;550,31;1.017,52;1;App;2023-12-12;;;;;Entrega Expressa SC;Aguardando nota fiscal;
PA-2023-01675;12/10/2023 11:35 AM;12/10/2023 11:45 AM;PATA AMIGA FLORIANOPOLIS NORTE;;Centro;Petisco;pix;1;0;0;0.6;R$ 52,42;0.00;52.42;Não;SITE;2023-12-13;2023-12-13;2023-12-16;2023-12-17;6.62;Rapido Catarinense;Entregue;produto fora de linha - substituido
PA-2023-01657;12/10/2023 07:12 AM;12/10/2023 12:12 PM;pata amiga itajai praia;LJ-003;Itaipava;Higiene;pix;8;0;0;28.8;497,76;R$ 91,59;406.17;S;loja fisica;;;;;;;Retirada na loja;
PA-2023-01659;12/10/2023 02:38 AM;12/10/2023 12:38 PM;Pata Amiga Brusque;;Santa Terezinha;MEDICAMENTO;Cartão de Crédito;4;0;0;13,9;419,69;R$ 77,22;342,47;true;App Pata Amiga;2023-12-11;2023-12-11;;;;Entrega Expressa SC;Aguardando despacho;aguardando confirmacao de estoque
PA-2023-01667;12/10/2023 12:45 PM;12/10/2023 12:55 PM;PATA AMIGA JARAGUA DO SUL;LJ-014;Barra do Rio Cerro;RACAO;Cartao de Debito;9;1;2;36,7;1505.94;528,58;977;Sim;site;;;;;;;Pedido cancelado;aguardando confirmacao de estoque
PA-2023-01660;12/10/2023 12:55 PM;12/10/2023 01:30 PM;PATA AMIGA ITUPORANGA;LJ-010;Vila Nova;Racao;CARTAO DE DEBITO;1;0;;0,4;185;28,34;156,90;;LOJA FISICA;;;;;;;Retirada na loja;produto fora de linha - substituido
PA-2023-01676;12/10/2023 01:47 PM;12/10/2023 03:07 PM;Pata Amiga Sao Jose Kobrasol;LJ-018;Forquilhinhas;Higiene e Beleza;boleto;3;0;0;3.8;183,51;34,13;149.38;1;Loja Fisica;;;;;;;Retirada na loja;cliente pediu entrega no periodo da tarde
PA-2023-01678;12/10/2023 01:38 PM;12/10/2023 04:38 PM;Pata Amiga Palhoca;LJ-019;Pagani;BRINQUEDO;Especie;7;0;0;14,9;;52,55;R$ 229,95;V;App Pata Amiga;2023-12-11;2023-12-12;2023-12-16;2023-12-18;R$ 48,68;Logistica Propria;Entregue;pedido recorrente
PA-2023-01682;12/10/2023 04:55 PM;12/10/2023 05:05 PM;PATA AMIGA CHAPECO;LJ-029;Centro;Medicamentos;boleto;1;0;0;1.8;95;R$ 0,00;R$ 95,54;Nao;App Pata Amiga;2023-12-11;2023-12-12;2023-12-15;2023-12-17;R$ 9,92;Correios;Entregue;pedido recorrente
PA-2023-01666;12/10/2023 12:45 PM;12/10/2023 05:45 PM;Pata Amiga Jaraguá do Sul;;Jaragua Esquerdo;Racao Medicamentosa;boleto;9;;0;12.0;R$ 1.264,05;443,68;820.37;X;APP;2023-12-12;2023-12-12;2023-12-17;;;Correios;Despachado - em transito;produto fora de linha - substituido
PA-2023-01673;12/10/2023 06:10 PM;12/10/2023 07:00 PM;Pata Amiga Jgua do Sul;;Barra do Rio Cerro;Hig.;boleto;3;0;0;8.1;121;42,73;79,00;;Site;2023-12-12;2023-12-12;2023-12-16;2023-12-18;27;Entrega Expressa SC;Entregue;pedido recorrente
PA-2023-01656;12/10/2023 09:07 AM;12/10/2023 07:07 PM; Pata Amiga Rio do Sul;;Budag;Ração Medicamentosa;Credito;3;0;1;9,5;407,11;R$ 4,89;R$ 402,22;Sim;;2023-12-12;2023-12-12;2023-12-13;2023-12-17;R$ 19,02;Logistica Propria;Entregue;
PA-2023-01670;12/10/2023 07:00 PM;12/10/2023 07:35 PM;Pata Amiga Jaragua do Sul;LJ-014;Ilha da Figueira;Hig.;Pix;5;0;0;16.2;R$ 187,26;R$ 65,73;R$ 121,53;true;App;2023-12-11;2023-12-12;2023-12-16;2023-12-18;55.92;Logistica Propria;Entregue;
PA-2023-01668;12/10/2023 06:38 PM;12/10/2023 07:58 PM;Pata Amiga Jgua do Sul;LJ-014;Barra do Rio Cerro;Petiscos;Credito;10;1;2;33.2;456.77;160,33;R$ 296,44;SIM;Tel.;2023-12-12;2023-12-12;2023-12-16;2023-12-19;R$ 82,92;Entrega Expressa SC;Entregue;embalagem para presente
PA-2023-01674;12/10/2023 09:47 PM;12/10/2023 09:57 PM;Pata Amiga Jaragua Do Sul;LJ-014;Centro;Racao;VALE PET;-;0;0;11.6;R$ 839,00;R$ 294,49;R$ 544,51;1;App Pata Amiga;2023-12-12;2023-12-12;2023-12-15;2023-12-18;R$ 39,93;Rapido Catarinense;Entregue;
PA-2023-01677;12/10/2023 08:40 PM;12/10/2023 10:40 PM;Pata Amiga Sao Jose Kobrasol/SC;LJ-018;Real Parque;petisco;VALE PET;6;0;0;12,8;279,19;51,93;R$ 227,26;true;app;2023-12-12;2023-12-12;2023-12-13;2023-12-15;R$ 30,59;TransPet Log;Entregue;
PA-2023-01661;12/10/2023 11:50 PM;12/11/2023 12:00 AM;Pata Amiga Joinville Sul;LJ-013;Aventureiro;RAÇÃO;BOLETO;2;0;0;4.3;393,76;0;393.76;F;WHATSAPP;2023-12-13;;;;;Entrega Expressa SC;Aguardando nota fiscal;
PA-2023-01671;12/10/2023 11:52 PM;12/11/2023 12:27 AM;Pata Amiga Jaragua Do Sul;;Barra do Rio Cerro;Petisco;DINHEIRO;8;n/d;0;4.6;R$ 371,72;130;241,25;1;Loja Física;;;;;;;Retirada na loja;embalagem para presente
PA-2023-01655;12/10/2023 11:20 PM;12/11/2023 01:20 AM; Pata Amiga Blumenau Centro;LJ-001;Vorstadt;Racao;Dinheiro;3;0;0;2,5;R$ 294,38;0;294,38;Não;App Pata Amiga;2023-12-13;2023-12-13;2023-12-16;2023-12-17;10,63;Rapido Catarinense;Entregue;conferir endereco com o cliente
PA-2023-01701;12/11/2023 12:35 AM;12/11/2023 01:55 AM;PATA AMIGA TUBARAO;LJ-022;Humaita;Petiscos;Cartão de Crédito;2;0;0;8.0;74.12;;R$ 69,90;S;Loja Fisica;;;;;;;Retirada na loja;
PA-2023-01683;12/11/2023 03:50 AM;12/11/2023 04:10 AM;PATA AMIGA BLUMENAU CENTRO;;Garcia;racao;dinheiro;3;0;0;10,9;;103.32;R$ 349,84;true;LOJA FISICA;;;;;;;Retirada na loja;
PA-2023-01679;12/10/2023 11:25 PM;12/11/2023 04:25 AM;PATA AMIGA PALHOCA;LJ-019;;MEDICAMENTO;boleto;10;1;0;9,0;879;163.66;716.22;SIM;WhatsApp;2023-12-12;2023-12-12;;;;Logistica Propria;Aguardando despacho;
PA-2023-01704;12/11/2023 03:40 AM;12/11/2023 05:00 AM;Pata Amiga Chapeco;LJ-029;Efapi;racao;vale pet;8;1;2;14.4;1.267,93;258,66;R$ 1.009,27;X;;2023-12-13;2023-12-13;2023-12-15;2023-12-16;R$ 31,32;TransPet Log;Entregue;embalagem para presente
PA-2023-01680;12/10/2023 07:12 PM;12/11/2023 05:12 AM;PATA AMIGA CRICIUMA;LJ-021;Sao Luiz;RAÇÃO;Pix;2;0;0;4,5;R$ 432,82;1,73;R$ 431,09;SIM;App Pata Amiga;2023-12-13;2023-12-14;;;;Entrega Expressa SC;Aguardando despacho;aguardando confirmacao de estoque
PA-2023-01702;12/11/2023 01:15 AM;12/11/2023 06:15 AM;pata amiga lages;;Habitacao;Acessorio;BOLETO;7;0;0;17,3;488,24;93,25;R$ 394,99;V;App;2023-12-13;2023-12-13;2023-12-17;2023-12-19;44,16;Entrega Expressa SC;Entregue;pedido recorrente
PA-2023-01712;12/11/2023 06:15 AM;12/11/2023 06:25 AM;Pata Amiga São Miguel do Oeste;LJ-032;Centro;MEDICAMENTO;Cartão de Débito;7;0;0;21.2;827.40;R$ 168,79;R$ 658,61;SIM;;2023-12-13;2023-12-14;2023-12-17;2023-12-18;62;TransPet Log;Entregue;cliente pediu entrega no periodo da tarde
PA-2023-01691;12/11/2023 06:12 AM;12/11/2023 07:32 AM;Pata Amiga Blumenal Centro;LJ-001;;Racao Seca;BOLETO;5;0;0;4,2;R$ 836,26;190,67;R$ 645,59;X;Site;;;;;;;Pedido cancelado;produto fora de linha - substituido
PA-2023-01694;12/11/2023 08:38 AM;12/11/2023 08:48 AM;Pata Amiga Gaspar;LJ-007;Figueira;Med.;dinheiro;8;0;2;16.7;R$ 697,63;R$ 159,06;538.57;1;telefone;2023-12-13;2023-12-14;;;;Correios;Aguardando despacho;
PA-2023-01710;12/11/2023 09:15 AM;12/11/2023 09:35 AM;Pata Amiga Xanxerê;LJ-031;Bela Vista;Hig.;CARTAO DE CREDITO;5;0;0;19.1;;64,55;251,87;true;app;2023-12-13;2023-12-14;2023-12-16;2023-12-18;48.47;Correios;Entregue;
PA-2023-01663;12/10/2023 11:52 PM;12/11/2023 09:52 AM;PATA AMIGA JARAGUA DO SUL;LJ-014;Centro;Petisco;DINHEIRO;7;1;0;15,2;265,90;93,33;172,57;X;SITE;2023-12-12;2023-12-13;;;;Correios;Aguardando despacho;pedido recorrente
PA-2023-01692;12/11/2023 11:05 AM;12/11/2023 11:40 AM;PATA AMIGA GASPAR;LJ-007;Figueira;Ração Medicamentosa;Cartao de Debito;6;0;0;19,5;699,80;159,55;R$ 540,25;SIM;SITE;2023-12-12;2023-12-12;2023-12-14;2023-12-15;56.14;Correios;Entregue;
PA-2023-01686;12/11/2023 11:15 AM;12/11/2023 12:05 PM;Pata Amiga Blumenau Centro;;Progresso;Racao Seca;Boleto;4;;0;13,6;R$ 659,27;150.31;508.96;S;App Pata Amiga;2023-12-14;2023-12-14;2023-12-17;2023-12-18;R$ 32,52;Correios;Entregue;produto fora de linha - substituido
PA-2023-01697;12/11/2023 09:50 AM;12/11/2023 12:50 PM;PATA AMIGA JARAGUA DO SUL;LJ-014;Ilha da Figueira;PETISCO;Debito;2;0;0;7.3;70,97;13,27;57,70;true;SITE;2023-12-13;2023-12-14;2023-12-19;2023-12-20;R$ 21,08;Correios;Entregue;
PA-2023-01688;12/11/2023 02:00 PM;12/11/2023 02:35 PM;Pata Amiga Blumenau Centro/SC;;Garcia;Higiene e Beleza;Credito;11;1;0;11,4;R$ 440,46;100.42;340.04;SIM;APP;2023-12-12;2023-12-12;2023-12-15;2023-12-16;R$ 41,63;TransPet Log;Entregue;
PA-2023-01699;12/11/2023 09:47 AM;12/11/2023 02:47 PM;PATA AMIGA FLORIANOPOLIS NORTE;LJ-017;Trindade;Higiene;Pix;4;0;0;10.6;224;4;219;S;App Pata Amiga;2023-12-12;;;;;Logistica Propria;Aguardando nota fiscal;cliente pediu entrega no periodo da tarde
PA-2023-01689;12/11/2023 04:07 PM;12/11/2023 04:27 PM;Pata Amiga Blumenau Centro;LJ-001;Salto do Norte;RAÇÃO;Dinheiro;9;0;0;4,4;1594.98;363,66;R$ 1.231,32;sim;App;2023-12-13;2023-12-13;2023-12-18;2023-12-20;12,99;TransPet Log;Entregue;embalagem para presente
PA-2023-01684;12/11/2023 05:07 PM;12/11/2023 05:57 PM;Pata Amiga Blumenal Centro;;Vorstadt;medicamento;vale pet;7;0;0;11,4;508;115.89;392,39;1;site;2023-12-13;2023-12-14;;;;Rapido Catarinense;Aguardando despacho;cliente pediu entrega no periodo da tarde
PA-2023-01700;12/11/2023 01:30 PM;12/11/2023 06:30 PM;Pata Amiga Palhoca;LJ-019;Ponte do Imaruim;Servico;Cartao de Credito;3;n/d;0;8,2;R$ 467,13;0.00;467.13;nao;Whatsapp;2023-12-13;2023-12-14;;;;Entrega Expressa SC;Aguardando despacho;
PA-2023-01705;12/11/2023 05:25 PM;12/11/2023 07:25 PM;Pata Amiga Chapecó;LJ-029;Passo dos Fortes;RAÇÃO;BOLETO;6;0;0;9.5;1.123,20;229;R$ 894,07;S;SITE;2023-12-13;;;;;Rapido Catarinense;Aguardando nota fiscal;
PA-2023-01707;12/11/2023 07:25 PM;12/11/2023 08:00 PM;Pata Amiga Concórdia;;Petropolis;Hig.;BOLETO;6;0;0;16.6;R$ 153,55;31;122,23;1;App;2023-12-13;2023-12-13;2023-12-15;;;Logistica Propria;Despachado - em transito;
PA-2023-01703;12/11/2023 06:07 PM;12/11/2023 08:07 PM;pata amiga chapeco;LJ-029;Efapi;RAÇÃO;CARTAO DE CREDITO;5;;1;10,8;R$ 680,53;R$ 138,83;541,70;1;WhatsApp;2023-12-13;2023-12-14;2023-12-18;2023-12-19;;Entrega Expressa SC;Entregue;
PA-2023-01711;12/11/2023 10:23 AM;12/11/2023 08:23 PM;PATA AMIGA XANXERE;LJ-031;Bela Vista;RACAO;Cartao de Credito;8;;0;28.1;1088.12;R$ 221,98;866,14;X;;;;;;;;Retirada na loja;produto fora de linha - substituido
PA-2023-01687;12/11/2023 08:20 PM;12/11/2023 08:40 PM;pata amiga blumenau centro;LJ-001;Vorstadt;Rac.;CARTAO DE DEBITO;3;0;0;6.7;591;134,90;456.77;Sim;Site;2023-12-12;2023-12-12;;;;Rapido Catarinense;Aguardando despacho;
PA-2023-01706;12/11/2023 08:47 PM;12/11/2023 08:57 PM;Pata Amiga Chapeco;;Passo dos Fortes;racao;Cartao de Credito;1;0;0;2.6;186,82;R$ 38,11;148;V;APP;2023-12-13;2023-12-14;2023-12-19;2023-12-21;10,91;Entrega Expressa SC;Entregue;
PA-2023-01709;12/11/2023 12:05 PM;12/11/2023 10:05 PM;PATA AMIGA CONCORDIA;;Centro;Medicamento;DINHEIRO;6;0;0;9,1;734.76;149,89;R$ 584,87;V;app;2023-12-12;2023-12-13;2023-12-19;;;Rapido Catarinense;Despachado - em transito;produto fora de linha - substituido
PA-2023-01708;12/11/2023 07:10 PM;12/11/2023 10:10 PM;Pata Amiga Concordia;LJ-030;Nacoes;petisco;Vale Pet;7;0;0;4.9;308.82;R$ 63,00;R$ 245,82;SIM;App Pata Amiga;2023-12-13;2023-12-14;2023-12-16;2023-12-18;17,46;Logistica Propria;Entregue;aguardando confirmacao de estoque
PA-2023-01695;12/11/2023 09:00 PM;12/11/2023 11:00 PM;PATA AMIGA GASPAR;;Bela Vista;Medicamento;DINHEIRO;;0;0;7.3;281,85;R$ 64,26;217,59;X;Site;2023-12-13;2023-12-13;;;;Entrega Expressa SC;Aguardando despacho;
PA-2023-01693;12/11/2023 06:45 PM;12/11/2023 11:45 PM;Pata Amiga Gaspar;LJ-007;Gasparinho;MEDICAMENTO;Debito;5;0;;11.4;695.85;158;537,20;S;site;2023-12-12;2023-12-12;2023-12-15;2023-12-17;R$ 21,58;Logistica Propria;Entregue;embalagem para presente
PA-2023-01690;12/11/2023 09:55 PM;12/11/2023 11:55 PM;Pata Amiga Blumenau Centro;;;Petiscos;Vale Pet;7;1;1;15,4;R$ 292,29;66,64;225,65;SIM;app;2023-12-12;2023-12-13;2023-12-15;2023-12-17;52,14;Entrega Expressa SC;Entregue;
PA-2023-01685;12/11/2023 11:23 PM;12/12/2023 12:13 AM; Pata Amiga Blumenau Centro;;Ribeirao Fresco;RAÇÃO;pix;5;0;0;13,4;673.70;153,60;520.10;SIM;;;;;;;;Retirada na loja;pedido recorrente
PA-2023-01698;12/11/2023 11:52 PM;12/12/2023 02:52 AM;PATA AMIGA JARAGUA DO SUL;;;BRINQUEDO;PIX;8;0;0;12.7;R$ 409,92;76,66;R$ 333,26;true;WhatsApp;2023-12-14;2023-12-15;2023-12-20;2023-12-23;18;Correios;Entregue;
PA-2023-01696;12/11/2023 05:52 PM;12/12/2023 03:52 AM;PATA AMIGA IBIRAMA;LJ-011;Nossa Senhora de Fatima;HIGIENE;Cartao de Credito;2;0;1;7.6;67.60;0,00;R$ 67,60;nao;Telefone;2023-12-17;2023-12-18;2023-12-28;;;TransPet Log;Despachado - em transito;
PA-2023-01717;12/12/2023 08:50 AM;12/12/2023 09:00 AM;PATA AMIGA XANXERE;;Bela Vista;Higiene e Beleza;VALE PET;2;0;0;4,5;118.28;0.00;118.28;Não;App Pata Amiga;2023-12-14;2023-12-14;;;;Logistica Propria;Aguardando despacho;
PA-2023-01714;12/12/2023 04:23 AM;12/12/2023 02:23 PM;Pata Amiga Rio do sul;LJ-002;Budag;BRINQUEDO;Pix;2;0;0;0,8;R$ 119,54;R$ 0,00;119.54;0;Tel.;2023-12-14;2023-12-14;2023-12-18;;;Rapido Catarinense;Despachado - em transito;produto fora de linha - substituido
PA-2023-01716;12/12/2023 11:50 AM;12/12/2023 04:50 PM;Pata Amiga Araranguá;LJ-023;Urussanguinha;ACESSORIO;Boleto;1;0;0;1,7;68;0.00;68.64;F;APP;2023-12-14;2023-12-15;2023-12-18;2023-12-19;9,52;Logistica Propria;Entregue;
PA-2023-01713;12/12/2023 08:23 PM;12/12/2023 10:23 PM; Pata Amiga Blumenau Centro;;Salto do Norte;brinquedo;VALE PET;4;;0;12,7;174,08;R$ 10,97;R$ 163,11;X;loja fisica;;;;;;;Retirada na loja;embalagem para presente
PA-2023-01715;12/12/2023 08:50 PM;12/12/2023 10:50 PM;Pata Amiga Joinville Sul;;;Acessório;Debito;2;0;0;3,7;180;R$ 0,00;180,18;N;Site;2023-12-13;2023-12-13;2023-12-18;;;Correios;Despachado - em transito;
PA-2023-01719;12/13/2023 04:25 AM;12/13/2023 05:15 AM; Pata Amiga Brusque;;Limeira;brinquedo;CARTAO DE DEBITO;4;0;0;14,8;250,86;R$ 14,05;236,81;V;SITE;2023-12-15;;;;;Rapido Catarinense;Aguardando nota fiscal;
PA-2023-01718;12/13/2023 01:15 AM;12/13/2023 11:15 AM;Pata Amiga Itajaí Praia;LJ-003;Fazenda;SERVICO;vale pet;4;0;0;5.4;R$ 385,57;R$ 21,59;363,98;Sim;site;2023-12-16;2023-12-16;2023-12-20;2023-12-21;20.61;Correios;Entregue;
PA-2023-01726;12/13/2023 02:50 AM;12/13/2023 12:50 PM;pata amiga laguna;LJ-024;Centro;Medicamentos;Pix;3;0;2;10.7;445.38;0,00;445.38;N;LOJA FISICA;;;;;;;Retirada na loja;
PA-2023-01720;12/13/2023 09:20 AM;12/13/2023 02:20 PM;PATA AMIGA TIMBO;LJ-005;Centro;HIGIENE;DINHEIRO;;0;0;10,9;181;31,34;R$ 149,81;V;Loja Física;;;;;;;Retirada na loja;cliente pediu entrega no periodo da tarde
PA-2023-01722;12/13/2023 05:20 PM;12/13/2023 05:40 PM;PATA AMIGA JARAGUA DO SUL;;Jaragua Esquerdo;Petisco;PIX;4;0;2;10.1;102.46;R$ 10,35;92;sim;app;2023-12-15;2023-12-15;2023-12-18;;;Logistica Propria;Despachado - em transito;aguardando confirmacao de estoque
PA-2023-01725;12/13/2023 03:40 PM;12/13/2023 05:40 PM;Pata Amiga Criciuma/SC;;Centro;Rac.;CARTAO DE DEBITO;6;0;0;5.6;1220.71;202,64;1018;V;Loja Física;;;;;;;Retirada na loja;conferir endereco com o cliente
PA-2023-01724;12/13/2023 09:50 PM;12/13/2023 10:00 PM;PATA AMIGA CRICIUMA;LJ-021;Rio Maina;brinquedo;pix;4;0;0;14.1;217,21;;R$ 181,15;true;App Pata Amiga;2023-12-14;2023-12-14;2023-12-16;2023-12-19;24.67;Rapido Catarinense;Entregue;
PA-2023-01721;12/13/2023 09:50 PM;12/13/2023 11:10 PM;Pata Amiga Indaial;LJ-006;Nacoes;ACESSORIO;Boleto;;0;0;2,8;75;13.04;R$ 62,31;1;LOJA FISICA;;;;;;;Retirada na loja;cliente pediu entrega no periodo da tarde
PA-2023-01723;12/13/2023 11:35 PM;12/14/2023 12:10 AM;Pata Amiga São Jose Kobrasol;LJ-018;Kobrasol;petisco;pix;;0;0;2.4;24.97;0,00;24.97;;site;2023-12-16;2023-12-16;;;;Logistica Propria;Aguardando despacho;
PA-2023-01731;12/14/2023 12:55 AM;12/14/2023 01:30 AM;pata amiga joinville sul;LJ-013;Vila Nova;Racao Seca;Boleto;9;1;0;30.5;R$ 1.667,79;598,74;1.069,05;SIM;SITE;2023-12-16;2023-12-17;2023-12-21;2023-12-23;100,88;Rapido Catarinense;Entregue;aguardando confirmacao de estoque
PA-2023-01741;12/14/2023 01:23 AM;12/14/2023 02:43 AM;PATA AMIGA JOINVILLE SUL;LJ-013;Aventureiro;Higiene e Beleza;Boleto;8;;0;13.7;R$ 216,09;77,58;R$ 138,51;X;LOJA FISICA;;;;;;;Retirada na loja;aguardando confirmacao de estoque
PA-2023-01755;12/14/2023 02:25 AM;12/14/2023 02:45 AM;Pata Amiga Palhoça;LJ-019;Pagani;racao;VALE PET;3;;0;1,7;;0,56;R$ 279,08;sim;site;2023-12-16;2023-12-17;2023-12-20;2023-12-23;9.91;TransPet Log;Entregue;cliente pediu entrega no periodo da tarde
PA-2023-01765;12/14/2023 01:05 AM;12/14/2023 03:05 AM;pata amiga xanxere;LJ-031;Centro;Higiene e Beleza;boleto;5;0;0;5,0;R$ 231,51;55,10;176,41;X;Whatsapp;;;;;;;Pedido cancelado;cliente pediu entrega no periodo da tarde
PA-2023-01756;12/14/2023 12:30 AM;12/14/2023 03:30 AM;pata amiga criciuma;LJ-021;Rio Maina;RAÇÃO;Debito;2;0;2;3,3;R$ 382,09;0,00;382.09;0;;2023-12-16;;;;;Correios;Aguardando nota fiscal;cliente pediu entrega no periodo da tarde
PA-2023-01763;12/14/2023 03:10 AM;12/14/2023 03:30 AM;Pata Amiga Chapecó;LJ-029;Efapi;Ração Medicamentosa;Pix;6;0;2;9,3;655,53;R$ 156,02;R$ 499,51;X;App;2023-12-16;2023-12-18;2023-12-21;2023-12-23;34,46;Logistica Propria;Entregue;
PA-2023-01729;12/14/2023 04:00 AM;12/14/2023 04:10 AM;PATA AMIGA JOINVILLE SUL;;Vila Nova;RACAO;Cartao de Credito;10;0;0;26.9;1613.71;579,32;1034.39;V;LOJA FISICA;;;;;;;Retirada na loja;pedido recorrente
PA-2023-01747;12/14/2023 01:12 AM;12/14/2023 04:12 AM;pata amiga joinville sul;;Costa e Silva;petisco;Especie;10;1;2;15,4;390,69;;R$ 250,43;S;site;2023-12-16;2023-12-17;2023-12-22;2023-12-23;R$ 53,90;Logistica Propria;Entregue;
PA-2023-01751;12/14/2023 04:00 AM;12/14/2023 04:20 AM;Pata Amiga Itapoa;LJ-016;Figueira do Pontal;Ração;pix;13;2;0;51.8;R$ 2.925,70;1050.33;R$ 1.875,37;S;SITE;2023-12-19;2023-12-20;;;;Correios;Aguardando despacho;
PA-2023-01764;12/14/2023 04:12 AM;12/14/2023 04:22 AM;PATA AMIGA XANXERE;;Centro;petisco;VALE PET;5;0;0;15,3;255.46;60,80;194.66;SIM;loja fisica;;;;;;;Retirada na loja;conferir endereco com o cliente
PA-2023-01760;12/14/2023 02:40 AM;12/14/2023 04:40 AM;Pata Amiga Chapeco;LJ-029;Sao Cristovao;Racao Medicamentosa;BOLETO;8;0;1;22.5;R$ 1.091,70;R$ 259,82;R$ 831,88;1;TELEFONE;2023-12-16;2023-12-16;2023-12-18;2023-12-21;R$ 58,57;TransPet Log;Entregue;
PA-2023-01743;12/14/2023 04:38 AM;12/14/2023 04:48 AM;PATA AMIGA JOINVILLE SUL;LJ-013;Boa Vista;Hig.;Dinheiro;7;0;0;6,8;340;122;218,22;sim;App Pata Amiga;2023-12-16;2023-12-17;2023-12-21;2023-12-23;16;Logistica Propria;Entregue;
PA-2023-01735;12/14/2023 04:50 AM;12/14/2023 05:40 AM;Pata Amiga Joinville Sul/SC;LJ-013;Boa Vista;Hig.;DINHEIRO;5;;0;3,5;234.67;R$ 84,25;150;V;site;2023-12-15;2023-12-15;2023-12-19;;;Correios;Despachado - em transito;
PA-2023-01749;12/14/2023 05:30 AM;12/14/2023 06:05 AM;PATA AMIGA SAO BENTO DO SUL;;Serra Alta;Racao;BOLETO;10;0;0;16.7;R$ 1.944,17;697,96;1.246,21;V;loja fisica;;;;;;;Retirada na loja;conferir endereco com o cliente
PA-2023-01733;12/14/2023 04:30 AM;12/14/2023 07:30 AM;Pata Amiga Joinville Sul;LJ-013;Costa e Silva;petisco;boleto;10;0;0;33,2;220,24;R$ 79,07;141,17;true;;2023-12-16;2023-12-17;2023-12-21;2023-12-22;-;TransPet Log;Entregue;produto fora de linha - substituido
PA-2023-01748;12/14/2023 06:55 AM;12/14/2023 07:45 AM;PATA AMIGA SAO BENTO DO SUL;LJ-015;Centro;Racao;Cartao de Debito;8;0;0;4.0;;R$ 452,71;808,31;SIM;APP;2023-12-16;2023-12-16;2023-12-20;2023-12-22;10,87;Rapido Catarinense;Entregue;
PA-2023-01752;12/14/2023 05:00 AM;12/14/2023 08:00 AM;Pata Amiga Itapoa;;Balneario Itapoa;Higiene e Beleza;VALE PET;9;1;0;29.8;R$ 382,06;R$ 137,16;244,90;Sim;site;2023-12-16;2023-12-16;2023-12-29;2024-01-02;96,35;TransPet Log;Entregue;
PA-2023-01762;12/14/2023 08:07 AM;12/14/2023 11:07 AM;Pata Amiga Chapeco/SC;;Passo dos Fortes;Petisco;PIX;9;0;0;32.9;403;96;307,66;V;app;2023-12-15;2023-12-16;;;;TransPet Log;Aguardando despacho;embalagem para presente
PA-2023-01767;12/14/2023 10:38 AM;12/14/2023 11:13 AM;Pata Amiga Sao Miguel do Oeste;LJ-032;Centro;Rac.;Boleto;10;1;0;40.1;R$ 2.004,10;R$ 476,98;1.527,12;1;App;;;;;;;Pedido cancelado;
PA-2023-01754;12/14/2023 11:55 AM;12/14/2023 12:45 PM;PATA AMIGA FLORIANOPOLIS NORTE;;Saco Grande;PETISCO;Cartao de Debito;4;0;n/d;16,2;139,40;R$ 0,00;R$ 139,40;nao;Loja Fisica;;;;;;;Retirada na loja;produto fora de linha - substituido
PA-2023-01738;12/14/2023 01:25 PM;12/14/2023 01:45 PM;pata amiga joinville sul;LJ-013;Vila Nova;petisco;Dinheiro;4;0;0;8.9;R$ 89,26;R$ 32,04;R$ 57,22;SIM;WhatsApp;2023-12-15;;;;;Entrega Expressa SC;Aguardando nota fiscal;
PA-2023-01737;12/14/2023 11:55 AM;12/14/2023 01:55 PM;Pata Amiga Joinville Sul;LJ-013;Costa e Silva;RAÇÃO;VALE PET;12;0;0;8.1;1.152,18;413,63;738;;APP;2023-12-16;2023-12-16;2023-12-19;2023-12-20;15,74;Logistica Propria;Entregue;
PA-2023-01740;12/14/2023 03:55 PM;12/14/2023 04:05 PM;PATA AMIGA JOINVILLE SUL;LJ-013;Jarivatuba;Petisco;pix;10;0;0;31,4;R$ 229,05;82,23;146,82;SIM;app;2023-12-16;2023-12-17;;;;TransPet Log;Aguardando despacho;embalagem para presente
PA-2023-01745;12/14/2023 03:15 PM;12/14/2023 04:05 PM;Pata Amiga Joinville Sul;LJ-013;Aventureiro;Higiene;Credito;7;0;0;23.0;281,27;R$ 100,98;R$ 180,29;sim;site;;;;;;;Pedido cancelado;embalagem para presente
PA-2023-01746;12/14/2023 03:23 PM;12/14/2023 04:43 PM;PATA AMIGA JOINVILLE SUL;LJ-013;Jarivatuba;higiene;Especie;;2;0;15.0;534.32;R$ 191,82;R$ 342,50;sim;App;2023-12-16;2023-12-16;2023-12-17;2023-12-18;45,07;Rapido Catarinense;Entregue;produto fora de linha - substituido
PA-2023-01727;12/14/2023 03:55 PM;12/14/2023 04:45 PM;Pata Amiga Itajai Praia/SC;;Itaipava;Servicos;Cartao de Debito;5;0;0;18.0;866,72;83,21;783,51;X;SITE;2023-12-16;2023-12-16;2023-12-21;2023-12-24;39,66;TransPet Log;Entregue;
PA-2023-01730;12/14/2023 11:47 AM;12/14/2023 04:47 PM;Pata Amiga Joinville Sul/SC;LJ-013;Costa e Silva;RAÇÃO;Dinheiro;4;0;0;1,9;;R$ 270,50;482.98;;SITE;2023-12-16;2023-12-17;2023-12-20;;;TransPet Log;Despachado - em transito;
PA-2023-01739;12/14/2023 03:15 PM;12/14/2023 05:15 PM;PATA AMIGA JOINVILLE SUL;LJ-013;Costa e Silva;PETISCO;Especie;7;0;1;15,4;178,36;64,03;R$ 114,33;SIM;loja fisica;;;;;;;Retirada na loja;conferir endereco com o cliente
PA-2023-01750;12/14/2023 05:05 PM;12/14/2023 05:25 PM;Pata Amiga São Bento do Sul;;Oxford;Petisco;Credito;5;0;0;13,6;198.89;71;127.49;SIM;site;2023-12-16;2023-12-16;2023-12-18;2023-12-21;48.75;Rapido Catarinense;Entregue;
PA-2023-01753;12/14/2023 05:12 PM;12/14/2023 05:32 PM;pata amiga itapoa;LJ-016;Balneario Itapoa;MEDICAMENTO;Boleto;3;0;0;8,1;426,53;R$ 153,12;R$ 273,41;true;APP;;;;;;;Pedido cancelado;
PA-2023-01744;12/14/2023 04:47 PM;12/14/2023 06:07 PM;Pata Amiga Joinville Sul;LJ-013;Aventureiro;RACAO;Cartao de Credito;4;0;0;7.6;679,60;R$ 243,98;R$ 435,62;V;site;2023-12-15;2023-12-15;2023-12-16;2023-12-18;24,76;TransPet Log;Entregue;
PA-2023-01736;12/14/2023 03:12 PM;12/14/2023 06:12 PM;Pata Amiga Joinville Sul;;Aventureiro;Higiene;CARTAO DE CREDITO;8;1;0;22,7;419,51;;268;SIM;Site;2023-12-15;2023-12-16;2023-12-20;2023-12-22;R$ 73,43;Correios;Entregue;pedido recorrente
PA-2023-01758;12/14/2023 01:35 PM;12/14/2023 06:35 PM;Pata Amiga Otacílio Costa;;Bela Vista;Acessorio;vale pet;2;0;0;7,8;144,21;R$ 0,00;144,21;F;LOJA FISICA;;;;;;;Retirada na loja;embalagem para presente
PA-2023-01734;12/14/2023 07:52 PM;12/14/2023 08:12 PM;pata amiga joinville sul;LJ-013;Jarivatuba;Ração;Vale Pet;11;0;1;5,0;1.991,92;715,10;1276.82;SIM;Loja Física;;;;;;;Retirada na loja;aguardando confirmacao de estoque
PA-2023-01766;12/14/2023 08:07 PM;12/14/2023 08:27 PM;Pata Amiga Sao Miguel do Oeste;;Agostini;Med.;PIX;3;0;;1,6;181,95;43,30;138,65;true;SITE;2023-12-15;2023-12-15;2023-12-20;2023-12-22;R$ 8,93;Entrega Expressa SC;Entregue;produto fora de linha - substituido
PA-2023-01728;12/14/2023 07:12 PM;12/14/2023 08:32 PM; Pata Amiga Brusque;;Limeira;Acessório;pix;4;;2;5.2;430.71;41;R$ 389,36;1;loja fisica;;;;;;;Retirada na loja;cliente pediu entrega no periodo da tarde
PA-2023-01742;12/14/2023 10:05 PM;12/14/2023 10:25 PM;Pata Amiga Joinville Sul/SC;;Aventureiro;Rac.;PIX;9;1;0;31,1;2034;730.27;R$ 1.303,90;Sim;Site;2023-12-15;2023-12-15;2023-12-17;2023-12-19;40,20;Logistica Propria;Entregue;
PA-2023-01732;12/14/2023 05:47 PM;12/14/2023 10:47 PM;pata amiga joinville sul;;;Hig.;BOLETO;8;0;0;33,0;275,19;R$ 98,79;R$ 176,40;;App Pata Amiga;2023-12-16;2023-12-17;2023-12-20;;;Correios;Despachado - em transito;aguardando confirmacao de estoque
PA-2023-01761;12/14/2023 10:50 PM;12/15/2023 01:50 AM;Pata Amiga Chapecó;LJ-029;Sao Cristovao;Petisco;Boleto;4;0;1;16.6;R$ 130,90;31,15;99,75;true;Whatsapp;2023-12-16;2023-12-16;2023-12-19;2023-12-21;R$ 36,99;Correios;Entregue;
PA-2023-01770;12/15/2023 12:35 AM;12/15/2023 02:35 AM;PATA AMIGA BRUSQUE;LJ-004;;Racao Seca;Pix;2;;0;5,9;R$ 309,89;R$ 27,89;282,00;SIM;app;2023-12-17;2023-12-17;2023-12-20;2023-12-22;24;Rapido Catarinense;Entregue;
PA-2023-01759;12/14/2023 11:05 PM;12/15/2023 04:05 AM;Pata Amiga Chapeco;;Efapi;racao;Cartao de Credito;8;0;0;19.5;R$ 1.027,26;244;R$ 782,77;true;App;2023-12-16;2023-12-17;2023-12-18;2023-12-20;65,37;Correios;Entregue;aguardando confirmacao de estoque
PA-2023-01775;12/15/2023 04:00 AM;12/15/2023 04:10 AM;Pata Amiga Tubarão;LJ-022;Humaita;RACAO;Boleto;4;0;0;10.4;865,14;60.56;804.58;true;Site;2023-12-16;2023-12-16;2023-12-20;2023-12-22;R$ 29,41;TransPet Log;Entregue;cliente pediu entrega no periodo da tarde
PA-2023-01772;12/15/2023 04:12 AM;12/15/2023 06:12 AM;Pata Amiga Jaragua do Sul;LJ-014;Jaragua Esquerdo;Medicamento;vale pet;4;0;0;11.3;548,69;55,42;493.27;true;;2023-12-17;2023-12-17;2023-12-24;2023-12-26;31.30;Rapido Catarinense;Entregue;pedido recorrente
PA-2023-01757;12/14/2023 10:55 PM;12/15/2023 08:55 AM;PATA AMIGA LAGUNA;;Centro;Petisco;Pix;3;0;2;2,0;R$ 93,05;R$ 2,14;90,91;Sim;APP;2023-12-17;2023-12-17;2023-12-20;2023-12-22;9,20;TransPet Log;Entregue;aguardando confirmacao de estoque
PA-2023-01768;12/15/2023 03:23 AM;12/15/2023 01:23 PM;Pata Amiga Blumenau Centro;LJ-001;Fortaleza;servico;CARTAO DE DEBITO;2;0;0;6.6;320;0,00;320;nao;App;2023-12-17;2023-12-18;2023-12-22;;;Rapido Catarinense;Despachado - em transito;
PA-2023-01773;12/15/2023 10:38 AM;12/15/2023 03:38 PM;Pata Amiga Florianópolis Norte;LJ-017;Trindade;brinquedo;Vale Pet;2;0;;4.7;156,53;R$ 0,00;156.53;nao;site;2023-12-17;2023-12-17;2023-12-19;2023-12-21;R$ 11,56;Logistica Propria;Entregue;conferir endereco com o cliente
PA-2023-01776;12/15/2023 07:25 AM;12/15/2023 05:25 PM;PATA AMIGA ARARANGUA;LJ-023;Centro;PETISCO;PIX;9;0;0;30.6;238.13;R$ 91,44;146,69;X;APP;2023-12-17;2023-12-17;2023-12-21;2023-12-24;44.55;TransPet Log;Entregue;embalagem para presente
PA-2023-01777;12/15/2023 05:55 PM;12/15/2023 06:45 PM;pata amiga araranguá;LJ-023;Centro;Racao Medicamentosa;Debito;7;0;0;26,9;R$ 557,42;214;-;1;;2023-12-18;2023-12-18;2023-12-22;2023-12-25;48.80;Entrega Expressa SC;Entregue;conferir endereco com o cliente
PA-2023-01769;12/15/2023 05:05 PM;12/15/2023 10:05 PM;PATA AMIGA ITAJAÍ PRAIA;LJ-003;Fazenda;servico;Debito;3;0;0;10,4;397,21;R$ 35,75;361.46;Sim;WHATSAPP;2023-12-17;2023-12-19;2023-12-22;2023-12-23;21,66;Logistica Propria;Entregue;pedido recorrente
PA-2023-01771;12/15/2023 09:07 PM;12/15/2023 11:07 PM;Pata Amiga Jaraguá do Sul;LJ-014;Barra do Rio Cerro;racao;Pix;2;0;0;8,4;R$ 414,75;41,89;R$ 372,86;X;App Pata Amiga;2023-12-18;2023-12-19;2023-12-24;2023-12-26;28.08;TransPet Log;Entregue;
PA-2023-01774;12/15/2023 08:12 PM;12/16/2023 01:12 AM;Pata Amiga Criciúma;LJ-021;Rio Maina;higiene;BOLETO;4;0;N/I;8.6;252;32,84;219,81;1;Loja Física;;;;;;;Retirada na loja;aguardando confirmacao de estoque
PA-2023-01785;12/16/2023 03:05 AM;12/16/2023 03:15 AM;Pata Amiga Tubarão;LJ-022;Centro;Higiene;Cartao de Credito;2;;0;2,4;51.49;6,44;45;1;SITE;2023-12-18;2023-12-18;2023-12-22;2023-12-25;11;Entrega Expressa SC;Entregue;
PA-2023-01784;12/16/2023 04:45 AM;12/16/2023 05:35 AM;Pata Amiga Criciuma;;Prospera;brinquedo;DINHEIRO;2;0;;3,9;128,34;14,76;R$ 113,58;X;App Pata Amiga;2023-12-18;2023-12-19;2023-12-23;2023-12-25;R$ 17,40;TransPet Log;Entregue;
PA-2023-01779;12/16/2023 07:10 AM;12/16/2023 07:45 AM;pata amiga gaspar;;Gasparinho;BRINQUEDO;CARTAO DE DEBITO;1;0;0;0,9;65;R$ 0,00;65,30;F;SITE;2023-12-18;2023-12-19;;;;TransPet Log;Aguardando despacho;
PA-2023-01782;12/16/2023 05:00 AM;12/16/2023 08:00 AM;Pata Amiga Palhoça;;Guarda do Cubatao;Petisco;Especie;;0;0;3,1;64.68;0.00;R$ 64,68;Nao;App;2023-12-17;2023-12-18;2023-12-21;2023-12-22;R$ 9,61;TransPet Log;Entregue;
PA-2023-01781;12/16/2023 08:25 AM;12/16/2023 11:25 AM;Pata Amiga Florianópolis Norte;LJ-017;Centro;Ração Medicamentosa;Boleto;1;0;0;0.4;R$ 130,33;0,00;130,33;Nao;Loja Física;;;;;;;Retirada na loja;
PA-2023-01787;12/16/2023 11:52 AM;12/16/2023 12:27 PM;Pata Amiga Laguna/SC;;Ponta das Pedras;Racao Medicamentosa;BOLETO;6;;2;22.8;443,82;R$ 55,48;R$ 388,34;SIM;loja fisica;;;;;;;Retirada na loja;
PA-2023-01778;12/16/2023 11:23 AM;12/16/2023 12:43 PM;Pata Amiga Timbo;;Centro;Acessório;BOLETO;1;0;;4.2;R$ 113,95;0;113.95;Não;Loja Fisica;;;;;;;Retirada na loja;produto fora de linha - substituido
PA-2023-01786;12/16/2023 08:30 AM;12/16/2023 06:30 PM;PATA AMIGA TUBARAO;LJ-022;Centro;Racao Seca;Vale Pet;6;0;0;3.6;841;R$ 105,15;736;SIM;Site;2023-12-18;2023-12-18;2023-12-21;2023-12-22;8.98;Entrega Expressa SC;Entregue;pedido recorrente
PA-2023-01780;12/16/2023 08:12 PM;12/16/2023 08:47 PM;pata amiga joinville sul;;Costa e Silva;MEDICAMENTO;Vale Pet;2;;0;1.1;135,17;0,00;R$ 135,17;Nao;loja fisica;;;;;;;Retirada na loja;aguardando confirmacao de estoque
PA-2023-01783;12/16/2023 04:45 PM;12/17/2023 02:45 AM;Pata Amiga Criciúma;;Sao Luiz;Ração;boleto;3;0;0;8,3;498;R$ 57,28;440.79;1;WhatsApp;2023-12-18;2023-12-18;2023-12-23;2023-12-24;R$ 15,57;Entrega Expressa SC;Entregue;
PA-2023-01795;12/17/2023 01:15 AM;12/17/2023 03:15 AM;Pata Amiga Ituporanga;LJ-010;Vila Nova;Higiene e Beleza;Cartão de Crédito;5;0;-;19.5;213.00;47.71;165,29;S;Loja Física;;;;;;;Retirada na loja;
PA-2023-01788;12/17/2023 07:00 AM;12/17/2023 07:20 AM;PATA AMIGA BLUMENAU CENTRO;LJ-001;Velha;Ração Medicamentosa;vale pet;3;0;0;4.2;428;75.87;352,79;true;App;2023-12-19;2023-12-19;2023-12-22;2023-12-24;R$ 14,18;Correios;Entregue;conferir endereco com o cliente
PA-2023-01798;12/17/2023 08:50 AM;12/17/2023 09:00 AM;Pata Amiga Criciúma;;Rio Maina;BRINQUEDO;dinheiro;2;0;0;6,4;R$ 122,87;R$ 0,61;122,26;SIM;;2023-12-19;2023-12-20;2023-12-23;2023-12-25;R$ 24,76;Correios;Entregue;
PA-2023-01792;12/17/2023 11:25 AM;12/17/2023 11:45 AM;Pata Amiga Taio;LJ-009;Centro;Hig.;boleto;8;0;0;6,0;496,98;111,32;385.66;SIM;Site;2023-12-19;2023-12-19;2023-12-22;2023-12-24;11,64;TransPet Log;Entregue;
PA-2023-01796;12/17/2023 04:05 AM;12/17/2023 02:05 PM;Pata Amiga Joinville Sul/SC;;Jarivatuba;Ração Medicamentosa;Boleto;2;0;0;1,6;190;1,33;189,33;S;WHATSAPP;;;;;;;Pedido cancelado;
PA-2023-01797;12/17/2023 01:12 PM;12/17/2023 04:12 PM;Pata Amiga Florianópolis Norte;LJ-017;Rio Vermelho;Hig.;pix;1;0;0;0.9;36,47;0,00;36.47;Nao;App Pata Amiga;2023-12-19;2023-12-19;2023-12-23;2023-12-25;R$ 7,48;Logistica Propria;Entregue;
PA-2023-01794;12/17/2023 06:55 AM;12/17/2023 04:55 PM;pata amiga ituporanga;;Centro;PETISCO;Pix;6;;0;18.2;R$ 278,61;R$ 62,41;216,20;SIM;;;;;;;;Retirada na loja;conferir endereco com o cliente
PA-2023-01789;12/17/2023 07:38 PM;12/17/2023 08:13 PM;Pata Amiga Blumenau Centro;LJ-001;Vorstadt;Rac.;VALE PET;4;0;;13.7;R$ 841,57;148,96;692,61;X;Loja Física;;;;;;;Retirada na loja;
PA-2023-01793;12/17/2023 07:05 PM;12/17/2023 09:05 PM;PATA AMIGA TAIO;LJ-009;Centro;Ração;CARTAO DE CREDITO;5;0;2;3.2;699;156;543.01;SIM;WHATSAPP;2023-12-18;;;;;Correios;Aguardando nota fiscal;produto fora de linha - substituido
PA-2023-01790;12/17/2023 07:47 PM;12/17/2023 09:47 PM; Pata Amiga Blumenau Centro;LJ-001;Itoupava Norte;racao;boleto;5;0;;7,6;R$ 668,34;118,30;550,04;S;WhatsApp;2023-12-20;2023-12-20;2023-12-24;2023-12-25;R$ 29,07;Rapido Catarinense;Entregue;
PA-2023-01791;12/17/2023 11:50 PM;12/18/2023 02:50 AM;PATA AMIGA ITAJAÍ PRAIA;LJ-003;Cabecudas;Acessorio;BOLETO;2;0;0;6.2;230,84;18,47;212.37;X;site;;;;;;;Pedido cancelado;pedido recorrente
PA-2023-01802;12/18/2023 05:23 AM;12/18/2023 06:43 AM; Pata Amiga Gaspar;;Figueira;RACAO;Pix;3;;0;3.6;R$ 483,51;R$ 0,00;483;false;loja fisica;;;;;;;Retirada na loja;
PA-2023-01799;12/18/2023 06:38 AM;12/18/2023 06:48 AM;Pata Amiga Blumenau Centro;;Fortaleza;Servicos;CARTAO DE DEBITO;2;0;0;1,3;R$ 302,80;0,00;R$ 302,80;Não;app;2023-12-19;2023-12-19;2023-12-22;2023-12-25;7;Entrega Expressa SC;Entregue;produto fora de linha - substituido
PA-2023-01807;12/18/2023 03:30 AM;12/18/2023 08:30 AM;Pata Amiga Santo Amaro da Imperatriz;LJ-020;Sul do Rio;RAÇÃO;Especie;3;0;;11.0;R$ 614,85;174,62;440.23;1;;2023-12-23;2023-12-24;2024-01-04;2024-01-08;R$ 27,81;Correios;Entregue;
PA-2023-01810;12/18/2023 12:52 AM;12/18/2023 10:52 AM;PATA AMIGA LAGES;;Coral;PETISCO;Cartao de Debito;2;0;0;2.7;R$ 46,75;0,00;46,75;N;LOJA FISICA;;;;;;;Retirada na loja;conferir endereco com o cliente
PA-2023-01804;12/18/2023 02:23 AM;12/18/2023 12:23 PM;Pata Amiga Joinville Sul/SC;;Costa e Silva;Brinquedo;Cartão de Crédito;3;0;0;6.0;131;0,00;131;false;Tel.;2023-12-19;2023-12-20;;;;TransPet Log;Aguardando despacho;
PA-2023-01806;12/18/2023 04:50 AM;12/18/2023 02:50 PM;Pata Amiga Santo Amaro da Imperatriz;LJ-020;Braco Sao Joao;Medicamento;Cartao de Debito;4;0;0;3,0;R$ 292,55;83.08;R$ 209,47;;APP;2023-12-21;;;;;Correios;Aguardando nota fiscal;embalagem para presente
PA-2023-01803;12/18/2023 02:38 PM;12/18/2023 03:13 PM;Pata Amiga Presidente Getúlio;LJ-008;Fundo Canoas;BRINQUEDO;pix;2;0;0;7.8;156,40;0,00;R$ 156,40;;APP;2023-12-20;2023-12-21;2023-12-24;2023-12-25;26;Entrega Expressa SC;Entregue;
PA-2023-01800;12/18/2023 02:45 PM;12/18/2023 05:45 PM;Pata Amiga Itajai Praia/SC;;Cabecudas;Serviço;CARTAO DE DEBITO;2;0;0;1.6;R$ 262,95;0,00;262;NAO;TELEFONE;;;;;;;Pedido cancelado;
PA-2023-01805;12/18/2023 04:00 PM;12/18/2023 07:00 PM;Pata Amiga Jaraguá do Sul;LJ-014;Barra do Rio Cerro;Acessorio;vale pet;2;0;1;6,2;164.75;R$ 0,00;164,75;NAO;site;2023-12-20;2023-12-20;;;;Logistica Propria;Aguardando despacho;conferir endereco com o cliente
PA-2023-01801;12/18/2023 07:07 PM;12/18/2023 07:27 PM;Pata Amiga Timbó;;Centro;Racao;boleto;4;0;0;6.3;808,82;R$ 99,48;;V;App Pata Amiga;2023-12-19;2023-12-19;2023-12-23;2023-12-26;R$ 25,27;Entrega Expressa SC;Entregue;
PA-2023-01808;12/18/2023 12:23 PM;12/18/2023 10:23 PM;PATA AMIGA SANTO AMARO DA IMPERATRIZ;;Sul do Rio;RAÇÃO;Boleto;2;0;0;2,4;455,34;129.32;326;;Loja Fisica;;;;;;;Retirada na loja;
PA-2023-01817;12/19/2023 01:00 AM;12/19/2023 01:35 AM;pata amiga gaspar;;Gasparinho;Racao Seca;Cartão de Débito;8;;1;24.8;1.290,96;282;1.008,24;;telefone;2023-12-21;2023-12-21;2023-12-25;2023-12-27;42,50;Rapido Catarinense;Entregue;cliente pediu entrega no periodo da tarde
PA-2023-01820;12/19/2023 12:00 AM;12/19/2023 02:00 AM;Pata Amiga Presidente Getúlio;LJ-008;Centro;Racao Seca;CARTAO DE DEBITO;1;0;0;1.5;140;0,00;R$ 140,35;Não;SITE;2023-12-20;2023-12-21;2023-12-31;2024-01-01;R$ 8,33;Rapido Catarinense;Entregue;embalagem para presente
PA-2023-01825;12/19/2023 12:47 AM;12/19/2023 02:47 AM;Pata Amiga Criciuma;;Prospera;Ração;DINHEIRO;8;0;0;24.7;1682;R$ 440,77;1241;sim;SITE;2023-12-21;;;;;Correios;Aguardando nota fiscal;pedido recorrente
PA-2023-01832;12/19/2023 02:52 AM;12/19/2023 03:02 AM;Pata Amiga Otacilio Costa;;Bela Vista;Petisco;vale pet;1;0;2;2,2;-;1.83;32,14;Sim;Site;2023-12-23;2023-12-24;;;;Correios;Aguardando despacho;produto fora de linha - substituido
PA-2023-01824;12/19/2023 03:20 AM;12/19/2023 04:10 AM;PATA AMIGA CRICIUMA;LJ-021;Prospera;Rac.;Vale Pet;7;0;0;28,9;845,50;R$ 221,52;R$ 623,98;sim;App;2023-12-21;2023-12-22;2023-12-24;2023-12-26;R$ 89,50;Entrega Expressa SC;Entregue;
PA-2023-01829;12/19/2023 06:00 AM;12/19/2023 06:10 AM;Pata Amiga Tubarao;LJ-022;Oficinas;Brinquedo;VALE PET;1;0;1;1.8;R$ 45,01;R$ 0,27;;X;loja fisica;;;;;;;Retirada na loja;
PA-2023-01831;12/19/2023 07:25 AM;12/19/2023 07:45 AM;pata amiga lages;;Coral;Hig.;PIX;6;;0;5.1;351,72;18,99;332,73;Sim;APP;2023-12-22;;;;;Logistica Propria;Aguardando nota fiscal;aguardando confirmacao de estoque
PA-2023-01809;12/18/2023 09:50 PM;12/19/2023 07:50 AM;PATA AMIGA TUBARAO;;Centro;Hig.;Especie;5;;1;16,5;201,02;R$ 19,30;R$ 181,72;true;Loja Física;;;;;;;Retirada na loja;embalagem para presente
PA-2023-01813;12/19/2023 08:15 AM;12/19/2023 09:35 AM;Pata Amiga Blumenau Centro;LJ-001;Vorstadt;Rac.;Cartão de Crédito;8;0;0;15,0;R$ 844,69;184,99;659.70;sim;App;2023-12-22;2023-12-22;2023-12-26;2023-12-30;R$ 26,54;Entrega Expressa SC;Entregue;conferir endereco com o cliente
PA-2023-01833;12/19/2023 07:52 AM;12/19/2023 10:52 AM;Pata Amiga Chapecó;LJ-029;;Brinquedos;Debito;;0;0;14.5;258.04;15,48;242,56;1;APP;2023-12-21;2023-12-21;2023-12-24;2023-12-26;31,96;TransPet Log;Entregue;conferir endereco com o cliente
PA-2023-01814;12/19/2023 09:50 AM;12/19/2023 11:10 AM;PATA AMIGA BRUSQUE;LJ-004;Limeira;petisco;Vale Pet;1;0;0;1.3;44,65;1,79;R$ 42,86;1;SITE;2023-12-21;2023-12-21;;;;Correios;Aguardando despacho;
PA-2023-01823;12/19/2023 06:40 AM;12/19/2023 11:40 AM;Pata Amiga Floripa Norte;;;medicamento;Cartão de Débito;4;0;0;7,9;525;-;510,21;true;APP;2023-12-21;2023-12-22;2023-12-25;2023-12-28;23,98;TransPet Log;Entregue;pedido recorrente
PA-2023-01816;12/19/2023 03:05 AM;12/19/2023 01:05 PM;PATA AMIGA GASPAR;;Bela Vista;Medicamento;VALE PET;7;0;0;19,8;469,92;102,91;367.01;Sim;app;2023-12-21;2023-12-22;2023-12-24;2023-12-26;R$ 45,84;Entrega Expressa SC;Entregue;
PA-2023-01826;12/19/2023 03:50 AM;12/19/2023 01:50 PM;Pata Amiga Criciuma;LJ-021;Rio Maina;petisco;CARTAO DE CREDITO;1;0;0;2.1;23.62;6,19;R$ 17,43;X;Loja Fisica;;;;;;;Retirada na loja;pedido recorrente
PA-2023-01821;12/19/2023 04:40 AM;12/19/2023 02:40 PM;Pata Amiga Jaraguá do Sul;LJ-014;Ilha da Figueira;Brinquedos;Cartão de Crédito;8;0;0;9.9;485,19;89,76;395,43;Sim;site;2023-12-20;2023-12-20;2023-12-22;2023-12-23;;Logistica Propria;Entregue;produto fora de linha - substituido
PA-2023-01812;12/19/2023 11:23 AM;12/19/2023 04:23 PM;Pata Amiga Blumenau Centro;LJ-001;Vorstadt;Rac.;DINHEIRO;1;0;0;4.0;R$ 95,44;R$ 20,90;R$ 74,54;;loja fisica;;;;;;;Retirada na loja;
PA-2023-01811;12/19/2023 04:35 PM;12/19/2023 05:55 PM;Pata Amiga Blumenau Centro;LJ-001;Progresso;PETISCO;PIX;6;0;0;13.8;179,41;R$ 39,29;140,12;Sim;App Pata Amiga;2023-12-21;2023-12-22;2023-12-27;2023-12-28;R$ 30,48;Rapido Catarinense;Entregue;embalagem para presente
PA-2023-01819;12/19/2023 04:55 PM;12/19/2023 06:15 PM; Pata Amiga Gaspar;;Poco Grande;Petisco;Cartao de Credito;13;1;0;19.4;R$ 292,25;64,00;228,25;V;App;2023-12-20;2023-12-20;;;;Correios;Aguardando despacho;produto fora de linha - substituido
PA-2023-01827;12/19/2023 01:25 PM;12/19/2023 06:25 PM;Pata Amiga Criciuma;LJ-021;Rio Maina;Ração;pix;10;0;0;4.3;1.061,92;278,22;;true;App Pata Amiga;2023-12-20;2023-12-20;;;;TransPet Log;Aguardando despacho;cliente pediu entrega no periodo da tarde
PA-2023-01818;12/19/2023 07:40 PM;12/19/2023 07:50 PM;Pata Amiga Gaspar;;Poco Grande;Ração Medicamentosa;Pix;4;;0;7,1;340,23;74,51;265,72;true;App;2023-12-21;2023-12-21;2023-12-23;2023-12-25;R$ 20,98;TransPet Log;Entregue;pedido recorrente
PA-2023-01830;12/19/2023 08:55 PM;12/19/2023 09:05 PM;PATA AMIGA ARARANGUA;LJ-023;Cidade Alta;Brinquedos;Vale Pet;4;0;0;9,8;166.97;9,85;R$ 157,12;SIM;SITE;2023-12-21;2023-12-21;2023-12-24;;;TransPet Log;Despachado - em transito;
PA-2023-01834;12/19/2023 09:00 PM;12/19/2023 11:00 PM;Pata Amiga São Miguel do Oeste;;Agostini;Acessorios;Dinheiro;4;0;0;6,6;R$ 290,12;17,41;272,71;S;;2023-12-21;2023-12-22;2023-12-24;2023-12-26;-;Rapido Catarinense;Entregue;produto fora de linha - substituido
PA-2023-01815;12/19/2023 09:55 PM;12/19/2023 11:15 PM;Pata Amiga Gaspar;LJ-007;Gasparinho;Medicamentos;Especie;4;0;0;16,1;513,16;112,38;400.78;SIM;Tel.;2023-12-21;;;;;TransPet Log;Aguardando nota fiscal;aguardando confirmacao de estoque
PA-2023-01822;12/19/2023 10:40 PM;12/20/2023 12:00 AM;Pata Amiga Jgua do Sul;LJ-014;Barra do Rio Cerro;Brinquedo;Pix;4;0;0;16,3;277.81;51,39;R$ 226,42;true;SITE;;;;;;;Pedido cancelado;conferir endereco com o cliente
PA-2023-01841;12/20/2023 12:05 AM;12/20/2023 12:15 AM;Pata Amiga Santo Amaro da Imperatriz;;Sul do Rio;Rac.;pix;5;0;0;20.8;R$ 798,86;212;R$ 586,36;X;Loja Fisica;;;;;;;Retirada na loja;
PA-2023-01828;12/19/2023 03:52 PM;12/20/2023 01:52 AM;Pata Amiga Criciúma;LJ-021;;RAÇÃO;CARTAO DE CREDITO;4;0;0;7.7;453.79;118.89;334;V;Loja Física;;;;;;;Retirada na loja;embalagem para presente
PA-2023-01835;12/20/2023 06:30 AM;12/20/2023 08:30 AM;PATA AMIGA BLUMENAU CENTRO;LJ-001;Salto do Norte;petisco;vale pet;4;;2;3.8;164,75;R$ 5,27;159,48;true;loja fisica;;;;;;;Retirada na loja;
PA-2023-01842;12/20/2023 10:50 AM;12/20/2023 11:25 AM;Pata Amiga Santo Amaro da Imperatriz;LJ-020;Braco Sao Joao;PETISCO;boleto;6;0;0;16.6;R$ 161,76;R$ 43,03;R$ 118,73;1;App Pata Amiga;2023-12-24;2023-12-25;;;;TransPet Log;Aguardando despacho;
PA-2023-01836;12/20/2023 12:40 PM;12/20/2023 01:00 PM; Pata Amiga Brusque;;Santa Terezinha;PETISCO;Cartao de Credito;1;0;0;0.9;24,75;R$ 0,00;24,75;N;Tel.;2023-12-21;2023-12-22;2023-12-27;2023-12-29;6,80;Rapido Catarinense;Entregue;aguardando confirmacao de estoque
PA-2023-01839;12/20/2023 04:20 PM;12/20/2023 04:40 PM;Pata Amiga Joinville Sul/SC;LJ-013;Jarivatuba;racao;Especie;3;0;0;6,7;669,13;53,53;;sim;site;2023-12-21;2023-12-21;2023-12-26;;;TransPet Log;Despachado - em transito;
PA-2023-01838;12/20/2023 07:20 PM;12/20/2023 07:40 PM;Pata Amiga Ituporanga;;Vila Nova;Petiscos;boleto;6;0;0;5.6;162,08;11,35;150;1;App Pata Amiga;2023-12-21;2023-12-21;2023-12-30;2024-01-04;22,30;Rapido Catarinense;Entregue;produto fora de linha - substituido
PA-2023-01837;12/20/2023 06:38 PM;12/20/2023 07:58 PM;PATA AMIGA TAIO;;Centro;Racao Medicamentosa;dinheiro;4;0;0;6,1;504.21;35,29;R$ 468,92;Sim;Loja Fisica;;;;;;;Retirada na loja;
PA-2023-01840;12/20/2023 08:55 PM;12/21/2023 01:55 AM;Pata Amiga Jaraguá do Sul;LJ-014;Centro;higiene;CARTAO DE DEBITO;4;0;0;10,8;175,29;R$ 13,32;161.97;sim;Loja Fisica;;;;;;;Retirada na loja;
PA-2023-01846;12/21/2023 02:55 AM;12/21/2023 04:55 AM;PATA AMIGA PALHOCA;;Pagani;Acessorio;VALE PET;3;0;;7,6;179,28;R$ 0,00;R$ 179,28;Nao;loja fisica;;;;;;;Retirada na loja;produto fora de linha - substituido
PA-2023-01843;12/20/2023 08:12 PM;12/21/2023 06:12 AM;Pata Amiga Santo Amaro da Imperatriz;LJ-020;Centro;RAÇÃO;Debito;7;0;0;18.6;1.409,82;R$ 375,01;1034.81;V;telefone;2023-12-25;2023-12-26;2024-01-05;2024-01-07;R$ 45,48;Correios;Entregue;
PA-2023-01844;12/21/2023 02:15 PM;12/21/2023 05:15 PM;Pata Amiga Blumenal Centro;LJ-001;Ribeirao Fresco;HIGIENE;Dinheiro;3;0;0;3.1;R$ 85,36;0,00;85;Nao;Whatsapp;2023-12-23;2023-12-25;2023-12-27;2023-12-29;10.69;Correios;Entregue;
PA-2023-01845;12/21/2023 05:05 PM;12/21/2023 05:15 PM;Pata Amiga Floripa Norte;;Costeira;Ração;Credito;3;0;0;3.1;R$ 489,73;0,00;R$ 489,73;F;Telefone;2023-12-22;2023-12-22;2023-12-25;2023-12-26;R$ 12,98;Entrega Expressa SC;Entregue;embalagem para presente
PA-2023-01856;12/22/2023 12:05 AM;12/22/2023 12:25 AM;PATA AMIGA JOINVILLE SUL;LJ-013;Costa e Silva;Petisco;Cartao de Debito;1;0;0;3.7;42.84;R$ 2,87;39.97;1;app;2023-12-24;2023-12-26;2023-12-29;2023-12-31;15,13;TransPet Log;Entregue;
PA-2023-01860;12/22/2023 12:38 AM;12/22/2023 12:48 AM;Pata Amiga Florianopolis Norte/SC;LJ-017;Centro;Racao Seca;Cartao de Credito;5;0;;10.9;1036;221.70;814.30;Sim;Whatsapp;2023-12-24;2023-12-24;2023-12-25;;;Entrega Expressa SC;Despachado - em transito;conferir endereco com o cliente
PA-2023-01852;12/22/2023 12:30 AM;12/22/2023 02:30 AM;Pata Amiga Ibirama/SC;;Centro;racao;Cartao de Debito;17;1;0;36.9;R$ 2.768,54;R$ 1.057,58;1710;S;whatsapp;2023-12-26;2023-12-26;2024-01-05;2024-01-08;46.53;Entrega Expressa SC;Entregue;conferir endereco com o cliente
PA-2023-01850;12/22/2023 02:25 AM;12/22/2023 03:00 AM;Pata Amiga Ibirama;LJ-011;Centro;medicamento;Cartao de Credito;4;0;0;14.3;395;151.05;R$ 244,38;sim;telefone;2023-12-25;2023-12-25;2024-01-07;2024-01-10;R$ 49,52;Entrega Expressa SC;Entregue;
PA-2023-01858;12/22/2023 03:23 AM;12/22/2023 03:43 AM;PATA AMIGA FLORIANOPOLIS NORTE;;Ingleses;petisco;Credito;5;0;;20,2;200,04;42,81;R$ 157,23;;SITE;2023-12-24;2023-12-24;2023-12-27;2023-12-29;60;Logistica Propria;Entregue;
PA-2023-01853;12/22/2023 01:50 AM;12/22/2023 03:50 AM;Pata Amiga Ibirama/SC;LJ-011;Nossa Senhora de Fatima;Petisco;Boleto;5;0;0;4,3;R$ 182,96;R$ 69,89;R$ 113,07;S;site;2023-12-23;2023-12-24;;;;Rapido Catarinense;Aguardando despacho;
PA-2023-01861;12/22/2023 03:50 AM;12/22/2023 05:10 AM;Pata Amiga Florianopolis Norte;LJ-017;;Hig.;vale pet;7;;N/I;10,4;288,73;61,79;226;1;App;2023-12-24;;;;;Entrega Expressa SC;Aguardando nota fiscal;
PA-2023-01863;12/22/2023 08:52 AM;12/22/2023 11:52 AM;pata amiga florianopolis norte;LJ-017;;RAÇÃO;Cartao de Credito;4;0;0;13.5;745,22;159,48;585,74;1;APP;2023-12-25;2023-12-25;2023-12-27;2023-12-29;38,93;Correios;Entregue;embalagem para presente
PA-2023-01849;12/22/2023 08:07 AM;12/22/2023 01:07 PM;Pata Amiga Presidente Getulio;LJ-008;Centro;PETISCO;VALE PET;10;0;0;6.8;478;R$ 182,86;295,82;1;WhatsApp;2023-12-24;2023-12-25;2023-12-29;2024-01-01;15,79;Correios;Entregue;aguardando confirmacao de estoque
PA-2023-01857;12/22/2023 12:52 PM;12/22/2023 02:12 PM;Pata Amiga Jaragua do Sul;LJ-014;Barra do Rio Cerro;Brinquedos;vale pet;2;0;0;2.8;114.97;;114.97;N;App Pata Amiga;2023-12-24;2023-12-24;;;;Entrega Expressa SC;Aguardando despacho;
PA-2023-01859;12/22/2023 04:23 AM;12/22/2023 02:23 PM;pata amiga florianopolis norte;LJ-017;Rio Vermelho;Rac.;vale pet;5;0;0;8,9;R$ 979,24;209.56;769;sim;;2023-12-24;2023-12-25;2023-12-26;2023-12-27;R$ 23,73;Logistica Propria;Entregue;
PA-2023-01865;12/22/2023 11:25 AM;12/22/2023 02:25 PM;Pata Amiga Palhoça;;Passa Vinte;HIGIENE;Cartao de Credito;;0;0;3,8;124.50;-;R$ 124,50;Não;whatsapp;2023-12-23;2023-12-24;;;;Logistica Propria;Aguardando despacho;
PA-2023-01847;12/22/2023 09:45 AM;12/22/2023 02:45 PM;Pata Amiga Rio do sul;;Barragem;Ração Medicamentosa;pix;5;;0;7.2;R$ 648,66;112.22;536.44;SIM;APP;2023-12-25;2023-12-25;2023-12-29;2024-01-01;17;TransPet Log;Entregue;pedido recorrente
PA-2023-01851;12/22/2023 03:20 PM;12/22/2023 04:10 PM;Pata Amiga Ibirama/SC;;Nossa Senhora de Fatima;MEDICAMENTO;pix;11;1;0;38,6;687,37;262,58;424,79;sim;Site;2023-12-26;2023-12-26;2024-01-04;2024-01-08;R$ 118,47;Correios;Entregue;
PA-2023-01854;12/22/2023 12:20 PM;12/22/2023 05:20 PM;PATA AMIGA IBIRAMA;;Centro;Ração;Cartão de Débito;14;1;0;7,1;2773.22;R$ 1.059,37;1713.85;X;App Pata Amiga;2023-12-25;2023-12-26;2024-01-06;2024-01-08;R$ 13,71;Correios;Entregue;
PA-2023-01864;12/22/2023 05:40 PM;12/22/2023 06:00 PM;Pata Amiga Florianópolis Norte;LJ-017;;petisco;Cartão de Débito;4;0;0;16.3;107,68;23,04;R$ 84,64;sim;site;;;;;;;Pedido cancelado;cliente pediu entrega no periodo da tarde
PA-2023-01867;12/22/2023 06:12 PM;12/22/2023 06:22 PM;Pata Amiga Concordia;LJ-030;Petropolis;Racao;boleto;6;0;0;9.0;944;58.55;885,87;1;loja fisica;;;;;;;Retirada na loja;
PA-2023-01866;12/22/2023 01:23 PM;12/22/2023 06:23 PM;Pata Amiga Criciuma/SC;;Prospera;Racao;CARTAO DE DEBITO;5;0;0;3,8;556,60;R$ 71,80;484;SIM;Site;2023-12-24;2023-12-24;2023-12-28;2023-12-30;12.63;Correios;Entregue;aguardando confirmacao de estoque
PA-2023-01848;12/22/2023 09:10 PM;12/22/2023 10:30 PM; Pata Amiga Rio do Sul;LJ-002;Canta Galo;HIGIENE;Credito;3;0;0;5.6;R$ 83,93;14.52;69,41;S;loja fisica;;;;;;;Retirada na loja;
PA-2023-01855;12/22/2023 03:35 PM;12/23/2023 01:35 AM;Pata Amiga Ibirama;;Nossa Senhora de Fatima;HIGIENE;Cartao de Debito;14;1;;49.5;381;145,92;R$ 236,07;sim;App;2023-12-26;2023-12-26;2024-01-06;2024-01-08;128,18;TransPet Log;Entregue;
PA-2023-01862;12/22/2023 09:50 PM;12/23/2023 02:50 AM;pata amiga florianopolis norte;LJ-017;Trindade;Racao;Cartão de Débito;7;0;0;22.2;1.464,66;313.44;1151.22;1;site;2023-12-26;2023-12-27;2023-12-31;2024-01-02;R$ 59,95;TransPet Log;Entregue;
PA-2023-01877;12/23/2023 02:40 AM;12/23/2023 04:00 AM;Pata Amiga Jaragua do Sul;;Centro;Petiscos;Dinheiro;6;0;0;10,1;313,37;117,83;195;X;Loja Fisica;;;;;;;Retirada na loja;embalagem para presente
PA-2023-01879;12/23/2023 08:07 AM;12/23/2023 10:07 AM;Pata Amiga Jaraguá do Sul;;Ilha da Figueira;PETISCO;boleto;8;0;0;26.0;254,72;95,77;158,95;true;App Pata Amiga;2023-12-25;2023-12-25;2023-12-29;2023-12-31;58,84;Correios;Entregue;aguardando confirmacao de estoque
PA-2023-01889;12/23/2023 12:47 PM;12/23/2023 12:57 PM;Pata Amiga Concórdia;;Nacoes;Racao Medicamentosa;CARTAO DE DEBITO;4;0;N/I;15.2;R$ 387,74;49,63;338;true;Loja Física;;;;;;;Retirada na loja;conferir endereco com o cliente
PA-2023-01886;12/23/2023 02:05 PM;12/23/2023 02:40 PM;Pata Amiga Criciuma/SC;;Centro;RAÇÃO;DINHEIRO;6;1;0;4,9;R$ 799,90;159,98;639.92;V;LOJA FISICA;;;;;;;Retirada na loja;
PA-2023-01890;12/23/2023 02:05 PM;12/23/2023 02:40 PM;pata amiga xanxere;LJ-031;Centro;Medicamentos;PIX;3;0;0;11.3;421,62;53,97;367;X;Loja Física;;;;;;;Retirada na loja;
PA-2023-01881;12/23/2023 05:25 AM;12/23/2023 03:25 PM;Pata Amiga Jaraguá do Sul;LJ-014;Centro;Ração;Credito;9;0;0;6,9;R$ 1.968,19;R$ 740,04;R$ 1.228,15;X;App Pata Amiga;2023-12-25;2023-12-25;2023-12-29;2023-12-31;R$ 20,54;Correios;Entregue;conferir endereco com o cliente
PA-2023-01888;12/23/2023 06:00 AM;12/23/2023 04:00 PM;Pata Amiga Chapecó;LJ-029;Passo dos Fortes;SERVICO;Cartão de Crédito;8;0;0;15,3;R$ 1.398,60;179;R$ 1.219,58;SIM;LOJA FISICA;;;;;;;Retirada na loja;embalagem para presente
PA-2023-01887;12/23/2023 02:12 PM;12/23/2023 04:12 PM;Pata Amiga Criciúma;;Sao Luiz;PETISCO;Cartão de Crédito;3;0;0;7,1;151,06;30.21;R$ 120,85;1;app;2023-12-25;2023-12-26;2023-12-29;2023-12-31;R$ 18,53;Logistica Propria;Entregue;produto fora de linha - substituido
PA-2023-01868;12/23/2023 03:45 PM;12/23/2023 04:20 PM;PATA AMIGA BLUMENAU CENTRO;LJ-001;Progresso;RACAO;Boleto;1;;0;3.9;98,45;R$ 0,00;98,45;nao;site;2023-12-25;2023-12-25;2023-12-30;2023-12-31;R$ 12,52;Rapido Catarinense;Entregue;
PA-2023-01876;12/23/2023 02:45 PM;12/23/2023 04:45 PM;PATA AMIGA JARAGUA DO SUL;LJ-014;Ilha da Figueira;Rac.;Dinheiro;12;1;0;14.2;R$ 1.444,57;R$ 543,16;901,41;S;Loja Fisica;;;;;;;Retirada na loja;
PA-2023-01883;12/23/2023 04:52 PM;12/23/2023 05:12 PM;Pata Amiga Itapoa;;Figueira do Pontal;servico;Vale Pet;2;0;0;1,1;R$ 294,24;R$ 8,83;285.41;S;App;2023-12-25;2023-12-26;2024-01-02;2024-01-03;R$ 6,72;Entrega Expressa SC;Entregue;
PA-2023-01885;12/23/2023 12:50 PM;12/23/2023 05:50 PM;Pata Amiga Palhoca;LJ-019;Pagani;Ração;Vale Pet;1;0;0;2.2;184,59;R$ 0,00;R$ 184,59;F;App;2023-12-25;2023-12-25;2023-12-27;2023-12-30;10,60;Rapido Catarinense;Entregue;
PA-2023-01878;12/23/2023 05:55 PM;12/23/2023 06:05 PM;Pata Amiga Jaragua Do Sul;;Barra do Rio Cerro;Petisco;boleto;5;0;0;7,1;R$ 214,83;80.78;;sim;Tel.;2023-12-26;;;;;Entrega Expressa SC;Aguardando nota fiscal;
PA-2023-01884;12/23/2023 05:20 PM;12/23/2023 06:10 PM;Pata Amiga Florianopolis Norte;LJ-017;Centro;SERVICO;pix;2;0;0;3.2;308,23;7,71;300,52;Sim;SITE;2023-12-25;2023-12-25;2023-12-28;2023-12-29;14,15;Logistica Propria;Entregue;produto fora de linha - substituido
PA-2023-01874;12/23/2023 09:40 AM;12/23/2023 07:40 PM;PATA AMIGA JARAGUA DO SUL;LJ-014;;Med.;DINHEIRO;12;1;0;25.2;1.759,04;661.40;1097.64;1;Tel.;2023-12-24;2023-12-25;2023-12-28;2023-12-30;R$ 48,15;TransPet Log;Entregue;
PA-2023-01875;12/23/2023 07:23 PM;12/23/2023 07:58 PM;PATA AMIGA JARAGUA DO SUL;LJ-014;Barra do Rio Cerro;RACAO;boleto;;1;0;29,8;2349;883.25;1.465,82;sim;APP;2023-12-25;2023-12-25;2023-12-30;2024-01-02;44,84;TransPet Log;Entregue;
PA-2023-01882;12/23/2023 06:15 PM;12/23/2023 09:15 PM;Pata Amiga Jaragua Do Sul;LJ-014;Jaragua Esquerdo;Ração;Credito;9;0;0;26.1;R$ 1.494,20;561,82;932,38;Sim;App;2023-12-25;2023-12-25;2023-12-28;2023-12-31;58,25;Logistica Propria;Entregue;conferir endereco com o cliente
PA-2023-01870;12/23/2023 10:38 PM;12/23/2023 11:58 PM;PATA AMIGA JOINVILLE SUL;LJ-013;Costa e Silva;MEDICAMENTO;Cartão de Débito;2;0;0;2.9;R$ 123,62;R$ 3,71;119.91;X;WHATSAPP;2023-12-25;2023-12-26;2023-12-30;2023-12-31;R$ 14,33;TransPet Log;Entregue;
PA-2023-01873;12/23/2023 11:15 PM;12/24/2023 12:05 AM;Pata Amiga Jgua do Sul;;Ilha da Figueira;Ração Medicamentosa;dinheiro;4;0;0;15,9;239,05;R$ 89,88;149.17;;SITE;2023-12-26;2023-12-26;;;;Correios;Aguardando despacho;
PA-2023-01880;12/23/2023 07:47 PM;12/24/2023 12:47 AM;Pata Amiga Jgua do Sul;LJ-014;Centro;Rac.;pix;14;1;0;39.8;2.844,28;1.069,45;1.774,83;Sim;SITE;2023-12-26;2023-12-26;2023-12-28;2023-12-30;-;Entrega Expressa SC;Entregue;
PA-2023-01872;12/23/2023 08:30 PM;12/24/2023 01:30 AM;Pata Amiga Jaragua do Sul;LJ-014;Centro;higiene;CARTAO DE DEBITO;11;0;0;20,6;;R$ 217,05;360;S;app;2023-12-25;2023-12-25;2023-12-30;2024-01-02;43.02;Logistica Propria;Entregue;
PA-2023-01871;12/23/2023 04:12 PM;12/24/2023 02:12 AM;Pata Amiga Jaraguá do Sul;LJ-014;Centro;RAÇÃO;BOLETO;12;2;0;25.2;2.392,52;899,59;1492;sim;Telefone;2023-12-26;2023-12-26;;;;Correios;Aguardando despacho;aguardando confirmacao de estoque
PA-2023-01899;12/24/2023 02:40 AM;12/24/2023 02:50 AM;pata amiga criciuma;;Rio Maina;Serviço;Cartão de Crédito;4;0;0;2.1;;30.28;530.52;V;whatsapp;2023-12-26;2023-12-27;2023-12-30;2024-01-01;8.90;TransPet Log;Entregue;conferir endereco com o cliente
PA-2023-01897;12/24/2023 05:40 AM;12/24/2023 06:15 AM;Pata Amiga Florianopolis Norte/SC;LJ-017;Costeira;BRINQUEDO;VALE PET;5;0;0;7.2;287,78;R$ 27,05;260,73;S;SITE;2023-12-26;2023-12-26;2023-12-29;2023-12-30;23.58;Correios;Entregue;conferir endereco com o cliente
PA-2023-01869;12/23/2023 09:23 PM;12/24/2023 07:23 AM;Pata Amiga Rio do sul;LJ-002;Sumare;Acessorio;Cartao de Credito;3;0;0;11.5;360;6.85;353,77;V;Whatsapp;2023-12-26;2023-12-26;2023-12-31;2024-01-02;40.77;Entrega Expressa SC;Entregue;
PA-2023-01898;12/24/2023 06:35 AM;12/24/2023 07:55 AM;PATA AMIGA SANTO AMARO DA IMPERATRIZ;LJ-020;Sul do Rio;Serviço;vale pet;3;0;0;10.9;327,68;0,00;R$ 327,68;Não;Loja Fisica;;;;;;;Retirada na loja;produto fora de linha - substituido
PA-2023-01901;12/24/2023 09:35 AM;12/24/2023 10:55 AM;PATA AMIGA CHAPECO;LJ-029;Sao Cristovao;Racao Seca;Vale Pet;9;;0;23.5;1.416,82;296;R$ 1.120,70;;APP;2023-12-26;2023-12-27;2023-12-31;2024-01-02;;Entrega Expressa SC;Entregue;aguardando confirmacao de estoque
PA-2023-01895;12/24/2023 09:30 AM;12/24/2023 11:30 AM;PATA AMIGA IBIRAMA;LJ-011;Bela Alianca;BRINQUEDO;VALE PET;6;0;0;18,1;333,01;34,63;298,38;sim;site;2023-12-26;2023-12-27;2024-01-03;2024-01-06;55,07;TransPet Log;Entregue;produto fora de linha - substituido
PA-2023-01891;12/24/2023 11:25 AM;12/24/2023 11:45 AM;Pata Amiga Blumenau Centro;LJ-001;Salto do Norte;servico;BOLETO;;0;0;10,8;395,48;R$ 0,00;395,48;nao;WHATSAPP;2023-12-26;2023-12-27;2023-12-29;2023-12-30;22.42;Rapido Catarinense;Entregue;
PA-2023-01902;12/24/2023 08:50 AM;12/24/2023 11:50 AM;pata amiga chapeco;LJ-029;Passo dos Fortes;Rac.;Cartão de Débito;8;0;0;17,5;1072.72;224,20;848;;App;2023-12-26;;;;;TransPet Log;Aguardando nota fiscal;pedido recorrente
PA-2023-01900;12/24/2023 11:05 AM;12/24/2023 11:55 AM;PATA AMIGA CHAPECO;;Centro;MEDICAMENTO;Debito;6;0;0;15.7;547;114,51;433,38;sim;Site;2023-12-25;2023-12-25;2023-12-28;;;Rapido Catarinense;Despachado - em transito;
PA-2023-01892;12/24/2023 02:25 AM;12/24/2023 12:25 PM;Pata Amiga Timbó;;Araponguinhas;Racao Seca;Boleto;7;0;0;23.7;R$ 716,25;77,36;R$ 638,89;sim;LOJA FISICA;;;;;;;Retirada na loja;
PA-2023-01896;12/24/2023 11:23 AM;12/24/2023 02:23 PM;Pata Amiga Rio dos Cedros;LJ-012;;ACESSORIO;Boleto;1;0;0;2.1;R$ 107,27;11,59;95.68;Sim;App;;;;;;;Pedido cancelado;embalagem para presente
PA-2023-01908;12/24/2023 11:05 AM;12/24/2023 04:05 PM;pata amiga xanxere;LJ-031;Bela Vista;Med.;Credito;5;0;0;12.4;497,43;103;;true;loja fisica;;;;;;;Retirada na loja;
PA-2023-01905;12/24/2023 04:30 PM;12/24/2023 05:20 PM;Pata Amiga Concordia;LJ-030;Centro;Racao;Dinheiro;6;0;0;6.8;978;204,40;773.60;sim;APP;2023-12-26;2023-12-27;2023-12-30;2023-12-31;22,06;TransPet Log;Entregue;
PA-2023-01906;12/24/2023 08:05 PM;12/24/2023 08:15 PM;Pata Amiga Concordia;LJ-030;;PETISCO;Pix;1;;0;3.3;25,73;5.38;-;V;Loja Física;;;;;;;Retirada na loja;conferir endereco com o cliente
PA-2023-01903;12/24/2023 07:52 PM;12/24/2023 08:27 PM;pata amiga chapeco;LJ-029;Efapi;RAÇÃO;BOLETO;4;0;0;11.7;777,96;162.59;615,37;Sim;;2023-12-25;2023-12-25;2023-12-27;2023-12-29;31,63;Entrega Expressa SC;Entregue;embalagem para presente
PA-2023-01907;12/24/2023 08:20 PM;12/24/2023 08:55 PM;Pata Amiga Concordia;LJ-030;Petropolis;RACAO;Pix;;0;0;7,3;644,90;R$ 134,78;R$ 510,12;true;APP;2023-12-26;2023-12-26;;;;TransPet Log;Aguardando despacho;cliente pediu entrega no periodo da tarde
PA-2023-01894;12/24/2023 07:38 PM;12/24/2023 08:58 PM;Pata Amiga Presidente Getulio;LJ-008;Alto Dona Luiza;Higiene e Beleza;Credito;4;0;0;4.4;143;14,91;R$ 128,43;1;site;2023-12-28;2023-12-29;2024-01-06;2024-01-09;16,05;TransPet Log;Entregue;produto fora de linha - substituido
PA-2023-01893;12/24/2023 07:00 PM;12/24/2023 10:00 PM;Pata Amiga Indaial;LJ-006;;Brinquedo;Vale Pet;5;0;0;11.6;280,02;30,24;249.78;sim;app;2023-12-26;2023-12-27;2023-12-31;;;Rapido Catarinense;Despachado - em transito;
PA-2023-01904;12/24/2023 08:38 PM;12/25/2023 01:38 AM;PATA AMIGA CHAPECO;LJ-029;;RACAO;Debito;1;0;0;0.9;R$ 106,45;;84,20;true;Site;2023-12-28;2023-12-29;;;;Logistica Propria;Aguardando despacho;
PA-2023-01909;12/24/2023 05:38 PM;12/25/2023 03:38 AM;Pata Amiga Sao Miguel do Oeste;LJ-032;Sao Gotardo;Rac.;Especie;5;0;0;4.2;1047.87;219.00;828.87;Sim;site;2023-12-26;2023-12-27;;;;TransPet Log;Aguardando despacho;embalagem para presente
PA-2023-01918;12/25/2023 03:55 AM;12/25/2023 04:05 AM;pata amiga curitibanos;;Santa Cruz;Racao;pix;2;0;0;2.9;294,08;44,99;R$ 249,09;1;Loja Fisica;;;;;;;Retirada na loja;
PA-2023-01922;12/25/2023 01:20 AM;12/25/2023 04:20 AM;PATA AMIGA CHAPECO;;Centro;racao;Dinheiro;18;1;0;13.6;3.819,69;1673.02;R$ 2.146,67;X;loja fisica;;;;;;;Retirada na loja;cliente pediu entrega no periodo da tarde
PA-2023-01932;12/25/2023 04:30 AM;12/25/2023 04:40 AM;Pata Amiga Chapecó;LJ-029;Passo dos Fortes;MEDICAMENTO;DINHEIRO;14;2;0;56,6;R$ 1.746,66;765;981,62;1;LOJA FISICA;;;;;;;Retirada na loja;conferir endereco com o cliente
PA-2023-01924;12/25/2023 03:30 AM;12/25/2023 04:50 AM;Pata Amiga Chapeco/SC;;Sao Cristovao;Petiscos;BOLETO;8;1;N/I;30,8;222,71;97,55;125,16;X;Site;2023-12-26;2023-12-27;2023-12-31;2024-01-02;R$ 62,06;Rapido Catarinense;Entregue;produto fora de linha - substituido
PA-2023-01912;12/25/2023 12:38 AM;12/25/2023 05:38 AM;PATA AMIGA JOINVILLE SUL;LJ-013;Jarivatuba;Brinquedos;vale pet;1;0;0;2,7;R$ 71,92;R$ 0,00;R$ 71,92;F;Loja Fisica;;;;;;;Retirada na loja;
PA-2023-01910;12/25/2023 03:38 AM;12/25/2023 06:38 AM;Pata Amiga Blumenal Centro;LJ-001;Itoupava Norte;racao;Pix;2;0;0;7,6;R$ 309,34;0,00;309,34;F;App Pata Amiga;2023-12-28;2023-12-29;2024-01-01;2024-01-03;30;TransPet Log;Entregue;
PA-2023-01921;12/25/2023 06:25 AM;12/25/2023 06:45 AM;Pata Amiga Chapecó;LJ-029;Centro;Petiscos;Cartao de Credito;8;0;0;28,9;347,06;152,01;195;S;;2023-12-27;2023-12-28;2024-01-03;;;Rapido Catarinense;Despachado - em transito;
PA-2023-01930;12/25/2023 09:10 AM;12/25/2023 09:30 AM;PATA AMIGA CHAPECO;;Centro;Ração;CARTAO DE DEBITO;12;2;0;40,9;;635,48;815,39;true;telefone;2023-12-27;;;;;Correios;Aguardando nota fiscal;
PA-2023-01937;12/25/2023 07:52 AM;12/25/2023 10:52 AM;PATA AMIGA CONCORDIA;;Centro;petisco;Boleto;11;0;0;11,1;423,12;R$ 185,33;237,79;1;;2023-12-28;2023-12-29;2023-12-31;2024-01-02;21,20;Correios;Entregue;aguardando confirmacao de estoque
PA-2023-01941;12/25/2023 11:38 AM;12/25/2023 11:48 AM;PATA AMIGA CONCORDIA;LJ-030;Petropolis;Med.;pix;8;0;1;8.0;R$ 1.052,04;460;591,25;;Site;2023-12-26;2023-12-28;2024-01-02;;;TransPet Log;Despachado - em transito;cliente pediu entrega no periodo da tarde
PA-2023-01933;12/25/2023 08:52 AM;12/25/2023 11:52 AM;Pata Amiga Concordia;LJ-030;Petropolis;Medicamento;Cartao de Debito;12;1;0;34,2;1.666,64;729,99;936,65;true;site;2023-12-27;2023-12-27;2023-12-30;;;Logistica Propria;Despachado - em transito;
PA-2023-01939;12/25/2023 12:25 PM;12/25/2023 12:45 PM;Pata Amiga Concórdia;;Nacoes;Petisco;Pix;-;0;0;19.0;182,75;80,04;102,71;true;app;2023-12-29;2023-12-29;2024-01-02;2024-01-03;50,86;TransPet Log;Entregue;aguardando confirmacao de estoque
PA-2023-01928;12/25/2023 07:52 AM;12/25/2023 12:52 PM;Pata Amiga Chapeco/SC;;Sao Cristovao;Medicamento;Dinheiro;11;0;0;15,9;1.270,13;R$ 556,32;713;S;app;2023-12-27;2023-12-28;2023-12-30;2024-01-01;45;Logistica Propria;Entregue;produto fora de linha - substituido
PA-2023-01914;12/25/2023 11:12 AM;12/25/2023 01:12 PM;pata amiga laguna;LJ-024;Ponta das Pedras;ACESSORIO;Vale Pet;3;0;;7.1;316,42;19,93;296.49;sim;Telefone;2023-12-28;2023-12-30;2024-01-03;2024-01-07;25,49;Correios;Entregue;embalagem para presente
PA-2023-01942;12/25/2023 01:05 PM;12/25/2023 01:40 PM;PATA AMIGA XANXERE;LJ-031;Centro;RACAO;Pix;14;;0;28,4;1766.68;R$ 773,81;992.87;Sim;;;;;;;;Retirada na loja;
PA-2023-01934;12/25/2023 01:38 PM;12/25/2023 02:13 PM;Pata Amiga Concordia;LJ-030;Nacoes;PETISCO;Boleto;10;1;0;4.9;450,68;197.40;253,28;Sim;app;2023-12-28;2023-12-30;;;;Logistica Propria;Aguardando despacho;pedido recorrente
PA-2023-01926;12/25/2023 02:10 PM;12/25/2023 03:30 PM;Pata Amiga Chapecó;;Sao Cristovao;Racao Seca;Vale Pet;8;0;0;28,0;1089;477,31;612;sim;Loja Fisica;;;;;;;Retirada na loja;
PA-2023-01929;12/25/2023 02:35 PM;12/25/2023 04:35 PM;PATA AMIGA CHAPECO;LJ-029;Efapi;racao;vale pet;13;0;0;15.3;R$ 1.637,54;717,24;920.30;S;Whatsapp;2023-12-28;2023-12-30;2024-01-04;2024-01-06;48;Entrega Expressa SC;Entregue;
PA-2023-01940;12/25/2023 04:38 PM;12/25/2023 04:48 PM;Pata Amiga Concórdia;LJ-030;Centro;Ração;Boleto;19;2;0;71.8;1779.78;779,54;1.000,24;sim;;;;;;;;Retirada na loja;produto fora de linha - substituido
PA-2023-01925;12/25/2023 04:20 PM;12/25/2023 04:55 PM;pata amiga chapeco;LJ-029;Sao Cristovao;HIGIENE;BOLETO;10;;0;32.1;;225.91;R$ 289,86;V;SITE;2023-12-28;2023-12-29;2023-12-30;2024-01-01;;Correios;Entregue;
PA-2023-01915;12/25/2023 04:23 PM;12/25/2023 04:58 PM;Pata Amiga Lages;LJ-025;Coral;MEDICAMENTO;CARTAO DE DEBITO;6;0;0;13.4;863,27;132,08;731;sim;whatsapp;2023-12-26;2023-12-26;2023-12-29;2024-01-01;R$ 42,67;Logistica Propria;Entregue;
PA-2023-01916;12/25/2023 05:23 PM;12/25/2023 05:43 PM;pata amiga lages;LJ-025;Habitacao;Servico;Dinheiro;5;0;2;16,9;365,12;;R$ 309,26;X;SITE;2023-12-27;2023-12-28;2023-12-29;2023-12-31;48,12;Rapido Catarinense;Entregue;pedido recorrente
PA-2023-01920;12/25/2023 05:23 PM;12/25/2023 06:13 PM;Pata Amiga Chapecó;LJ-029;Efapi;Medicamentos;pix;11;0;0;12,4;1092.27;R$ 478,41;613,86;Sim;Loja Fisica;;;;;;;Retirada na loja;pedido recorrente
PA-2023-01923;12/25/2023 07:07 PM;12/25/2023 07:27 PM;Pata Amiga Chapeco;LJ-029;Sao Cristovao;MEDICAMENTO;PIX;10;0;0;12.2;612.12;268;R$ 344,01;1;SITE;2023-12-27;2023-12-28;2023-12-29;2023-12-31;39;Correios;Entregue;conferir endereco com o cliente
PA-2023-01944;12/25/2023 08:05 PM;12/25/2023 08:55 PM;PATA AMIGA SAO MIGUEL DO OESTE;;Agostini;Racao;PIX;10;1;0;19.6;R$ 2.149,59;R$ 941,52;1208;S;App;2023-12-27;2023-12-28;2024-01-01;2024-01-03;36,16;Logistica Propria;Entregue;pedido recorrente
PA-2023-01919;12/25/2023 06:05 PM;12/25/2023 09:05 PM;Pata Amiga Chapeco/SC;LJ-029;Sao Cristovao;Racao;Credito;7;0;1;21.1;1555;681.48;874,42;SIM;loja fisica;;;;;;;Retirada na loja;conferir endereco com o cliente
PA-2023-01931;12/25/2023 08:20 PM;12/25/2023 09:40 PM;Pata Amiga Chapecó;;Sao Cristovao;Ração;Cartao de Debito;18;;0;55,5;R$ 3.081,00;1.349,48;1731.52;SIM;App;2023-12-28;2023-12-28;;;;Correios;Aguardando despacho;
PA-2023-01913;12/25/2023 08:30 PM;12/25/2023 09:50 PM;PATA AMIGA TUBARAO;;Oficinas;Higiene;Dinheiro;4;0;0;11,8;251,52;15,85;R$ 235,67;V;Whatsapp;2023-12-26;2023-12-27;2024-01-03;2024-01-05;25,25;Entrega Expressa SC;Entregue;pedido recorrente
PA-2023-01935;12/25/2023 09:50 PM;12/25/2023 11:10 PM;Pata Amiga Concórdia;;Petropolis;petisco;Pix;14;1;0;45.1;685.69;R$ 300,33;R$ 385,36;Sim;Loja Fisica;;;;;;;Retirada na loja;
PA-2023-01927;12/25/2023 09:23 PM;12/26/2023 12:23 AM;Pata Amiga Chapeco/SC;LJ-029;Passo dos Fortes;PETISCO;Boleto;6;0;;18.4;266.68;R$ 116,81;R$ 149,87;1;App;2023-12-29;2023-12-31;2024-01-05;2024-01-07;60;Correios;Entregue;pedido recorrente
PA-2023-01911;12/25/2023 10:25 PM;12/26/2023 12:25 AM; Pata Amiga Rio do Sul;LJ-002;Barragem;Petisco;Especie;2;0;;1.0;43.04;0,39;42,65;;site;2023-12-29;2023-12-31;2024-01-04;2024-01-06;7,96;Entrega Expressa SC;Entregue;produto fora de linha - substituido
PA-2023-01938;12/25/2023 10:40 PM;12/26/2023 12:40 AM;Pata Amiga Concordia;LJ-030;Centro;PETISCO;Pix;7;0;0;13.1;323,87;R$ 141,86;182,01;X;APP;2023-12-28;2023-12-28;;;;TransPet Log;Aguardando despacho;embalagem para presente
PA-2023-01943;12/25/2023 08:07 PM;12/26/2023 01:07 AM;PATA AMIGA SAO MIGUEL DO OESTE;;;RACAO;Especie;4;0;1;8,2;870,40;R$ 381,24;R$ 489,16;true;loja fisica;;;;;;;Retirada na loja;produto fora de linha - substituido
PA-2023-01947;12/26/2023 12:05 AM;12/26/2023 01:25 AM;Pata Amiga Itajai Praia/SC;LJ-003;Fazenda;Acessorios;PIX;3;0;;5,3;332,77;54,91;R$ 277,86;true;SITE;2023-12-28;2023-12-29;2024-01-01;2024-01-02;19,96;Logistica Propria;Entregue;cliente pediu entrega no periodo da tarde
PA-2023-01936;12/25/2023 11:07 PM;12/26/2023 02:07 AM;Pata Amiga Concórdia;LJ-030;Nacoes;Med.;Cartão de Crédito;10;0;0;22.7;1.156,61;506,60;650,01;V;SITE;2023-12-28;2023-12-28;2024-01-01;2024-01-04;R$ 33,57;Entrega Expressa SC;Entregue;produto fora de linha - substituido
PA-2023-01953;12/26/2023 02:40 AM;12/26/2023 02:50 AM;Pata Amiga Chapecó;;Efapi;RAÇÃO;boleto;9;1;0;29.8;R$ 1.123,63;R$ 288,77;R$ 834,86;V;site;2023-12-28;2023-12-28;2024-01-02;2024-01-05;R$ 93,42;TransPet Log;Entregue;pedido recorrente
PA-2023-01917;12/25/2023 07:55 PM;12/26/2023 05:55 AM;PATA AMIGA SAO JOAQUIM;;Santa Terezinha;Racao;Especie;4;;;15.5;864.03;132,20;R$ 731,83;V;App;2023-12-30;2023-12-31;2024-01-08;2024-01-11;34.77;Rapido Catarinense;Entregue;
PA-2023-01952;12/26/2023 11:00 AM;12/26/2023 11:50 AM;Pata Amiga Criciuma;LJ-021;Prospera;Med.;DINHEIRO;1;0;0;3.0;93,76;6.38;R$ 87,38;X;Loja Física;;;;;;;Retirada na loja;
PA-2023-01960;12/26/2023 11:55 AM;12/26/2023 12:05 PM;Pata Amiga São Miguel do Oeste;LJ-032;Agostini;Med.;pix;4;;0;10,1;R$ 477,91;122,82;355.09;S;site;2023-12-28;2023-12-28;2023-12-30;2024-01-01;35,34;Entrega Expressa SC;Entregue;
PA-2023-01957;12/26/2023 12:25 PM;12/26/2023 01:00 PM;pata amiga chapeco;LJ-029;Sao Cristovao;Hig.;boleto;5;0;0;2,6;305;78.47;226,87;V;site;2023-12-28;2023-12-28;2023-12-31;2024-01-02;12,33;Entrega Expressa SC;Entregue;embalagem para presente
PA-2023-01945;12/26/2023 09:25 AM;12/26/2023 02:25 PM;Pata Amiga Blumenal Centro;LJ-001;Ribeirao Fresco;petisco;CARTAO DE DEBITO;3;0;0;11.2;R$ 91,03;R$ 0,00;91,03;NAO;Whatsapp;2023-12-29;2023-12-29;2024-01-01;;;Correios;Despachado - em transito;
PA-2023-01959;12/26/2023 01:23 PM;12/26/2023 03:23 PM;Pata Amiga Sao Miguel do Oeste;;Agostini;Med.;Cartao de Credito;8;0;0;24,6;1010.71;R$ 259,75;R$ 750,96;V;whatsapp;2023-12-28;2023-12-29;2024-01-01;2024-01-03;81.57;Correios;Entregue;
PA-2023-01949;12/26/2023 12:55 PM;12/26/2023 03:55 PM; Pata Amiga Brusque;;Aguas Claras;petisco;Cartao de Credito;6;0;2;25,1;301,78;R$ 49,79;R$ 251,99;V;SITE;2023-12-29;;;;;Rapido Catarinense;Aguardando nota fiscal;
PA-2023-01950;12/26/2023 05:23 PM;12/26/2023 06:43 PM;Pata Amiga Brusque;LJ-004;Dom Joaquim;Hig.;VALE PET;8;0;0;8.0;372,15;R$ 61,40;310,75;V;app;2023-12-29;2023-12-29;2024-01-02;2024-01-04;16;Logistica Propria;Entregue;pedido recorrente
PA-2023-01955;12/26/2023 06:45 PM;12/26/2023 06:55 PM;pata amiga chapeco;LJ-029;;racao;BOLETO;7;;0;10.6;1234.84;317.35;R$ 917,49;sim;App Pata Amiga;2023-12-28;2023-12-29;2024-01-01;2024-01-02;39,15;Rapido Catarinense;Entregue;
PA-2023-01948;12/26/2023 06:38 PM;12/26/2023 08:38 PM;PATA AMIGA ITAJAÍ PRAIA;LJ-003;Cordeiros;ACESSORIO;boleto;6;0;0;20.9;R$ 356,88;58.89;R$ 297,99;X;App;2023-12-28;2023-12-28;2024-01-03;2024-01-06;75,94;Entrega Expressa SC;Entregue;
PA-2023-01954;12/26/2023 09:40 PM;12/26/2023 10:15 PM;pata amiga chapeco;LJ-029;Sao Cristovao;petisco;pix;-;;0;20.1;354,62;91,14;263,48;Sim;APP;2023-12-29;2023-12-30;;;;TransPet Log;Aguardando despacho;
PA-2023-01956;12/26/2023 12:23 PM;12/26/2023 10:23 PM;Pata Amiga Chapeco/SC;;Sao Cristovao;Higiene e Beleza;Pix;8;;2;25.7;500;128.51;371;sim;;2023-12-29;2023-12-29;2024-01-01;2024-01-02;68,55;TransPet Log;Entregue;
PA-2023-01958;12/26/2023 11:10 PM;12/26/2023 11:30 PM;pata amiga xanxere;LJ-031;Centro;PETISCO;BOLETO;8;0;0;33.0;251,65;R$ 64,67;186,98;SIM;Loja Fisica;;;;;;;Retirada na loja;
PA-2023-01967;12/27/2023 12:47 AM;12/27/2023 12:57 AM; Pata Amiga Blumenau Centro;;Garcia;Rac.;Especie;3;0;0;10,9;390,62;151,95;238,67;sim;App Pata Amiga;2023-12-30;2023-12-31;2024-01-03;2024-01-04;34,64;TransPet Log;Entregue;cliente pediu entrega no periodo da tarde
PA-2023-02011;12/27/2023 01:07 AM;12/27/2023 02:27 AM;pata amiga florianopolis norte;LJ-017;Saco Grande;Petisco;Dinheiro;10;0;0;5.4;399;96.58;302,50;1;loja fisica;;;;;;;Retirada na loja;produto fora de linha - substituido
PA-2023-01946;12/26/2023 11:45 PM;12/27/2023 02:45 AM;Pata Amiga Itajai Praia/SC;;Sao Vicente;Ração;Cartao de Credito;;0;0;3.0;895,89;147.82;748;sim;site;2023-12-31;2024-01-01;;;;TransPet Log;Aguardando despacho;embalagem para presente
PA-2023-01998;12/27/2023 03:23 AM;12/27/2023 03:58 AM;PATA AMIGA GASPAR;LJ-007;Figueira;Medicamento;pix;8;0;0;19.3;R$ 529,47;R$ 205,96;323,51;sim;Loja Fisica;;;;;;;Retirada na loja;
PA-2023-01996;12/27/2023 04:05 AM;12/27/2023 04:25 AM; Pata Amiga Gaspar;LJ-007;Bela Vista;RACAO;PIX;11;1;0;27,6;R$ 1.084,89;R$ 422,02;662.87;X;LOJA FISICA;;;;;;;Retirada na loja;produto fora de linha - substituido
PA-2023-01951;12/26/2023 11:38 PM;12/27/2023 04:38 AM;Pata Amiga Palhoca;LJ-019;Guarda do Cubatao;Racao Seca;DINHEIRO;3;;0;3,6;310,65;0;R$ 310,65;false;WHATSAPP;2023-12-29;2023-12-30;2024-01-01;2024-01-03;R$ 15,94;TransPet Log;Entregue;conferir endereco com o cliente
PA-2023-01970;12/27/2023 04:40 AM;12/27/2023 04:50 AM; Pata Amiga Blumenau Centro;LJ-001;Velha;Petisco;Vale Pet;10;0;1;11,8;339,68;R$ 132,14;R$ 207,54;Sim;App;2024-01-01;2024-01-02;2024-01-06;2024-01-07;R$ 29,20;TransPet Log;Entregue;
PA-2023-01989;12/27/2023 03:00 AM;12/27/2023 05:00 AM;PATA AMIGA TIMBO;;Centro;petisco;vale pet;9;0;0;23.0;280,56;;188,54;V;Loja Fisica;;;;;;;Retirada na loja;conferir endereco com o cliente
PA-2023-01965;12/27/2023 04:30 AM;12/27/2023 05:20 AM;pata amiga blumenau centro;;Progresso;Ração Medicamentosa;CARTAO DE DEBITO;14;1;0;45.6;1.646,52;640.50;1006.02;S;App Pata Amiga;2023-12-30;2023-12-31;2024-01-02;2024-01-04;90,22;Rapido Catarinense;Entregue;embalagem para presente
PA-2023-02007;12/27/2023 04:38 AM;12/27/2023 05:28 AM;Pata Amiga Florianópolis Norte;LJ-017;Costeira;Medicamentos;Vale Pet;10;0;0;41,8;1.324,81;R$ 320,60;1.004,21;V;telefone;2023-12-29;2023-12-30;;;;Correios;Aguardando despacho;
PA-2023-02002;12/27/2023 05:23 AM;12/27/2023 05:33 AM;Pata Amiga Rio Dos Cedros;LJ-012;Palmeiras;Medicamentos;boleto;8;;0;6,2;R$ 620,21;R$ 203,43;R$ 416,78;;;2023-12-28;2023-12-29;2024-01-01;;;Entrega Expressa SC;Despachado - em transito;
PA-2023-01963;12/27/2023 05:40 AM;12/27/2023 06:00 AM;pata amiga blumenau centro;LJ-001;Itoupava Norte;PETISCO;PIX;11;1;0;37,8;487,76;189,74;298,02;sim;Site;2023-12-30;;;;;Logistica Propria;Aguardando nota fiscal;
PA-2023-01966;12/27/2023 05:45 AM;12/27/2023 06:35 AM;pata amiga blumenau centro;;Salto do Norte;RACAO;dinheiro;11;0;0;14,7;1.299,19;505;R$ 793,81;1;App Pata Amiga;2023-12-29;2023-12-31;2024-01-03;2024-01-05;R$ 32,68;Entrega Expressa SC;Entregue;embalagem para presente
PA-2023-02015;12/27/2023 03:40 AM;12/27/2023 06:40 AM;PATA AMIGA PALHOCA;;Guarda do Cubatao;Medicamentos;CARTAO DE CREDITO;1;0;0;4.1;120,69;R$ 16,29;104,40;X;App Pata Amiga;2023-12-31;;;;;Logistica Propria;Aguardando nota fiscal;cliente pediu entrega no periodo da tarde
PA-2023-01985;12/27/2023 06:55 AM;12/27/2023 08:15 AM;PATA AMIGA TIMBO;LJ-005;Centro;racao;boleto;13;2;0;51,2;1.406,08;461,19;944;true;Site;2023-12-30;2023-12-31;2024-01-04;2024-01-06;R$ 168,04;Rapido Catarinense;Entregue;
PA-2023-01975;12/27/2023 07:35 AM;12/27/2023 08:25 AM;PATA AMIGA BLUMENAU CENTRO;LJ-001;Garcia;Racao;boleto;7;0;0;20,5;1527;R$ 594,26;933,40;1;app;2023-12-28;2023-12-29;2024-01-01;2024-01-03;R$ 41,55;Correios;Entregue;conferir endereco com o cliente
PA-2023-02013;12/27/2023 08:23 AM;12/27/2023 08:43 AM;Pata Amiga Sao Jose Kobrasol/SC;;Kobrasol;Acessório;BOLETO;1;0;0;2,3;89,20;R$ 12,04;77,16;1;WHATSAPP;2023-12-30;;;;;Logistica Propria;Aguardando nota fiscal;cliente pediu entrega no periodo da tarde
PA-2023-02012;12/27/2023 08:30 AM;12/27/2023 09:05 AM;Pata Amiga Sao Jose Kobrasol/SC;;Kobrasol;RACAO;Vale Pet;9;1;0;23,5;;173,19;;;LOJA FISICA;;;;;;;Retirada na loja;cliente pediu entrega no periodo da tarde
PA-2023-01987;12/27/2023 08:45 AM;12/27/2023 09:20 AM;Pata Amiga Timbó;;Araponguinhas;Med.;CARTAO DE CREDITO;7;0;2;29.0;885,70;290.51;595,19;S;loja fisica;;;;;;;Retirada na loja;
PA-2023-01986;12/27/2023 07:45 AM;12/27/2023 09:45 AM;Pata Amiga Timbo;LJ-005;Centro;Petiscos;CARTAO DE DEBITO;6;0;0;7.0;R$ 247,75;81,26;166,49;Sim;;2023-12-29;2023-12-29;2023-12-31;;;Rapido Catarinense;Despachado - em transito;cliente pediu entrega no periodo da tarde
PA-2023-01999;12/27/2023 06:50 AM;12/27/2023 09:50 AM;pata amiga gaspar;;Figueira;Medicamento;Boleto;9;0;n/d;22,7;954,28;R$ 371,21;583,07;X;App Pata Amiga;2023-12-29;2023-12-30;2024-01-03;2024-01-06;42,53;Entrega Expressa SC;Entregue;
PA-2023-01969;12/27/2023 08:00 AM;12/27/2023 10:00 AM;Pata Amiga Blumenal Centro;LJ-001;Salto do Norte;Hig.;Cartão de Crédito;;0;0;14,4;R$ 312,93;121.73;191,20;SIM;;2023-12-31;2024-01-01;2024-01-02;2024-01-05;R$ 29,19;Entrega Expressa SC;Entregue;
PA-2023-01977;12/27/2023 09:23 AM;12/27/2023 10:13 AM;Pata Amiga Blumenau Centro;;Salto do Norte;Med.;vale pet;9;0;0;19,7;547;213.11;R$ 334,72;SIM;APP;2023-12-30;;;;;Entrega Expressa SC;Aguardando nota fiscal;embalagem para presente
PA-2023-01964;12/27/2023 01:00 AM;12/27/2023 11:00 AM;Pata Amiga Blumenau Centro;LJ-001;Ribeirao Fresco;Rac.;CARTAO DE CREDITO;12;0;0;6.5;1.603,05;623.59;979,46;V;Loja Física;;;;;;;Retirada na loja;
PA-2023-01984;12/27/2023 10:25 AM;12/27/2023 11:15 AM;Pata Amiga Timbo;LJ-005;Araponguinhas;Medicamentos;Vale Pet;7;0;0;21,7;878,03;287,99;590,04;SIM;Site;2023-12-29;2023-12-30;2024-01-04;2024-01-06;58,63;Entrega Expressa SC;Entregue;cliente pediu entrega no periodo da tarde
PA-2023-01972;12/27/2023 10:25 AM;12/27/2023 11:45 AM;PATA AMIGA BLUMENAU CENTRO;;Itoupava Norte;PETISCO;Cartão de Crédito;15;0;0;17,5;R$ 358,52;139,46;219.06;S;App;2023-12-29;2023-12-30;2024-01-02;2024-01-05;54,73;Rapido Catarinense;Entregue;cliente pediu entrega no periodo da tarde
PA-2023-01978;12/27/2023 10:23 AM;12/27/2023 01:23 PM; Pata Amiga Blumenau Centro;;;Ração;Cartão de Crédito;15;0;0;55,8;R$ 1.690,69;R$ 657,68;1033.01;V;SITE;;;;;;;Pedido cancelado;cliente pediu entrega no periodo da tarde
PA-2023-01968;12/27/2023 01:47 PM;12/27/2023 02:07 PM;Pata Amiga Blumenal Centro;;Fortaleza;Racao Seca;Cartao de Credito;5;0;0;12.4;641,12;249,40;391;true;Site;;;;;;;Pedido cancelado;produto fora de linha - substituido
PA-2023-01961;12/27/2023 11:20 AM;12/27/2023 02:20 PM;pata amiga blumenau centro;LJ-001;Ribeirao Fresco;Medicamentos;pix;12;0;2;11.1;1.372,64;533.96;;X;WhatsApp;2023-12-30;2023-12-31;2024-01-03;;;Entrega Expressa SC;Despachado - em transito;embalagem para presente
PA-2023-01990;12/27/2023 11:38 AM;12/27/2023 02:38 PM;pata amiga gaspar;LJ-007;Figueira;Racao;BOLETO;10;0;0;23.3;1586.98;617,34;969,64;V;WHATSAPP;2023-12-30;2023-12-31;2024-01-04;2024-01-05;52;Correios;Entregue;
PA-2023-02010;12/27/2023 06:10 AM;12/27/2023 04:10 PM;Pata Amiga Florianopolis Norte/SC;LJ-017;Rio Vermelho;Rac.;pix;6;0;0;17.0;1206.82;R$ 292,05;-;V;App Pata Amiga;2023-12-29;2023-12-29;2024-01-02;2024-01-04;32,62;Rapido Catarinense;Entregue;produto fora de linha - substituido
PA-2023-01980;12/27/2023 03:35 PM;12/27/2023 04:25 PM;PATA AMIGA BLUMENAU CENTRO;;Progresso;Petisco;Credito;8;0;0;29.8;252;98,40;154,56;X;App;2023-12-29;2023-12-30;2024-01-02;2024-01-04;R$ 57,61;TransPet Log;Entregue;
PA-2023-01993;12/27/2023 01:38 PM;12/27/2023 04:38 PM;pata amiga gaspar;LJ-007;Bela Vista;RACAO;pix;;1;;8,4;1.524,35;592,97;931,38;SIM;Site;2023-12-29;2023-12-29;2023-12-31;2024-01-03;19,17;Rapido Catarinense;Entregue;
PA-2023-02004;12/27/2023 02:45 PM;12/27/2023 04:45 PM;Pata Amiga Rio dos cedros;LJ-012;Palmeiras;Petisco;CARTAO DE DEBITO;10;1;0;31,1;322;105,75;216.66;X;site;2023-12-30;2023-12-30;2024-01-12;2024-01-15;R$ 86,62;Logistica Propria;Entregue;cliente pediu entrega no periodo da tarde
PA-2023-01982;12/27/2023 04:35 PM;12/27/2023 04:55 PM;Pata Amiga Rio do sul;;;RAÇÃO;Cartão de Débito;2;0;0;8.1;358;43.77;315,01;Sim;;2023-12-29;2023-12-30;2023-12-31;2024-01-02;24,58;TransPet Log;Entregue;
PA-2023-01994;12/27/2023 03:52 PM;12/27/2023 05:12 PM; Pata Amiga Gaspar;LJ-007;Bela Vista;PETISCO;Cartao de Debito;13;1;0;41.6;303,30;R$ 117,98;185,32;X;Loja Física;;;;;;;Retirada na loja;
PA-2023-01974;12/27/2023 01:15 PM;12/27/2023 06:15 PM;PATA AMIGA BLUMENAU CENTRO;LJ-001;Fortaleza;RAÇÃO;Pix;12;1;0;6,7;1983;771,72;1212.13;Sim;App Pata Amiga;;;;;;;Pedido cancelado;
PA-2023-02008;12/27/2023 05:38 PM;12/27/2023 06:28 PM;Pata Amiga Florianópolis Norte;;Costeira;Hig.;Debito;1;0;0;1,0;R$ 52,56;12,72;R$ 39,84;sim;App;2023-12-30;2023-12-31;2024-01-04;2024-01-06;7,30;TransPet Log;Entregue;
PA-2023-01979;12/27/2023 04:07 PM;12/27/2023 07:07 PM; Pata Amiga Blumenau Centro;LJ-001;Itoupava Norte;racao;dinheiro;8;0;0;20.9;1483.17;576,95;906.22;Sim;Whatsapp;2023-12-29;2023-12-30;2024-01-01;2024-01-03;46;Correios;Entregue;produto fora de linha - substituido
PA-2023-02006;12/27/2023 07:00 PM;12/27/2023 07:10 PM;PATA AMIGA SAO BENTO DO SUL;LJ-015;Serra Alta;RAÇÃO;boleto;2;0;0;6,3;R$ 369,41;0,74;368;X;app;2023-12-29;2023-12-30;2024-01-03;2024-01-05;20,57;TransPet Log;Entregue;
PA-2023-01971;12/27/2023 07:05 PM;12/27/2023 08:25 PM;Pata Amiga Blumenau Centro/SC;LJ-001;;RACAO;Dinheiro;7;0;0;24.2;R$ 1.519,73;R$ 591,17;928,56;Sim;App;2023-12-29;;;;;Logistica Propria;Aguardando nota fiscal;pedido recorrente
PA-2023-01976;12/27/2023 07:10 PM;12/27/2023 08:30 PM;Pata Amiga Blumenal Centro;;Garcia;Medicamento;Cartão de Débito;11;;0;37.8;875,34;340,51;534,83;S;App;2023-12-30;2023-12-31;2024-01-03;;;Rapido Catarinense;Despachado - em transito;
PA-2023-01997;12/27/2023 10:35 AM;12/27/2023 08:35 PM;PATA AMIGA GASPAR;LJ-007;Bela Vista;MEDICAMENTO;Cartão de Crédito;11;0;;35,2;R$ 1.528,54;594;933,94;X;Site;2023-12-31;;;;;Entrega Expressa SC;Aguardando nota fiscal;pedido recorrente
PA-2023-02000;12/27/2023 06:07 PM;12/27/2023 09:07 PM;pata amiga gaspar;;Gasparinho;Med.;BOLETO;4;;0;11.5;549;213;336;SIM;LOJA FISICA;;;;;;;Retirada na loja;aguardando confirmacao de estoque
PA-2023-02005;12/27/2023 09:25 PM;12/27/2023 09:35 PM;PATA AMIGA JOINVILLE SUL;LJ-013;Vila Nova;PETISCO;PIX;;0;2;1,4;-;0,17;R$ 85,92;X;app;2023-12-30;2023-12-30;2024-01-02;2024-01-04;8,96;Entrega Expressa SC;Entregue;
PA-2023-01962;12/27/2023 09:35 PM;12/27/2023 09:45 PM;Pata Amiga Blumenal Centro;LJ-001;Salto do Norte;Racao;Debito;12;1;0;40,1;1.149,02;446;702.05;X;site;2023-12-29;2023-12-30;2024-01-04;2024-01-06;54,92;Entrega Expressa SC;Entregue;pedido recorrente
PA-2023-01988;12/27/2023 06:47 PM;12/27/2023 09:47 PM;Pata Amiga Timbo;;Araponguinhas;higiene;CARTAO DE DEBITO;9;1;0;33.1;R$ 332,05;108,91;R$ 223,14;S;;;;;;;;Retirada na loja;cliente pediu entrega no periodo da tarde
PA-2023-02003;12/27/2023 06:55 PM;12/27/2023 09:55 PM;PATA AMIGA RIO DOS CEDROS;LJ-012;Centro;Ração;Pix;12;1;2;7.7;1916;R$ 628,74;R$ 1.288,15;S;;2024-01-02;2024-01-02;2024-01-11;2024-01-13;28,79;Entrega Expressa SC;Entregue;aguardando confirmacao de estoque
PA-2023-01973;12/27/2023 09:23 PM;12/27/2023 10:13 PM;Pata Amiga Blumenau Centro/SC;;Velha;Higiene;Vale Pet;12;;2;50.0;357,04;R$ 138,89;218.15;V;Site;2023-12-29;2023-12-30;2024-01-04;2024-01-05;118,18;Logistica Propria;Entregue;
PA-2023-01983;12/27/2023 09:52 PM;12/27/2023 10:42 PM;PATA AMIGA ITAJAÍ PRAIA;LJ-003;Itaipava;brinquedo;Cartão de Débito;-;0;0;7.4;266.48;R$ 15,19;251,29;sim;LOJA FISICA;;;;;;;Retirada na loja;aguardando confirmacao de estoque
PA-2023-02001;12/27/2023 06:00 PM;12/27/2023 11:00 PM;Pata Amiga Rio dos cedros;;Palmeiras;HIGIENE;CARTAO DE DEBITO;4;0;0;16.2;110.75;36,33;74,42;1;APP;2023-12-30;2023-12-31;2024-01-11;2024-01-12;24.45;Entrega Expressa SC;Entregue;
PA-2023-01995;12/27/2023 11:40 PM;12/27/2023 11:50 PM; Pata Amiga Gaspar;LJ-007;Gasparinho;Ração;boleto;4;0;0;10.8;739,10;R$ 287,51;451;sim;Site;2023-12-29;2023-12-30;2024-01-01;2024-01-02;20.34;Entrega Expressa SC;Entregue;embalagem para presente
PA-2023-01991;12/27/2023 11:15 PM;12/28/2023 12:05 AM;Pata Amiga Gaspar;LJ-007;;Petisco;DINHEIRO;10;1;;5.7;;R$ 104,75;R$ 164,54;sim;site;2023-12-31;2024-01-01;2024-01-05;2024-01-06;16;Logistica Propria;Entregue;pedido recorrente
PA-2023-02022;12/28/2023 12:10 AM;12/28/2023 01:00 AM;Pata Amiga Blumenau Centro;LJ-001;Ribeirao Fresco;Petisco;boleto;8;0;0;27,0;403,40;193,63;209,77;1;Site;2023-12-30;;;;;TransPet Log;Aguardando nota fiscal;conferir endereco com o cliente
PA-2023-02018;12/28/2023 12:20 AM;12/28/2023 01:10 AM;Pata Amiga Blumenal Centro;LJ-001;Velha;Petiscos;Dinheiro;11;1;0;13,7;R$ 517,42;R$ 248,36;269,06;true;LOJA FISICA;;;;;;;Retirada na loja;
PA-2023-02062;12/28/2023 02:07 AM;12/28/2023 02:57 AM;Pata Amiga Laguna/SC;LJ-024;Magalhaes;Racao;vale pet;7;;2;6.9;772.52;224,80;547,72;true;Loja Física;;;;;;;Retirada na loja;
PA-2023-02064;12/28/2023 02:20 AM;12/28/2023 03:40 AM;Pata Amiga Sao Joaquim;LJ-026;Santa Terezinha;MEDICAMENTO;pix;1;;0;0,7;R$ 73,15;0,00;73,15;nao;site;2023-12-30;2023-12-31;2024-01-11;2024-01-12;6.45;Logistica Propria;Entregue;
PA-2023-02036;12/28/2023 04:15 AM;12/28/2023 05:35 AM;Pata Amiga Rio do sul;;Barragem;medicamento;Cartao de Credito;13;1;0;50.1;1417.09;R$ 680,20;736,89;SIM;App;2023-12-30;2024-01-01;2024-01-06;2024-01-08;73;Entrega Expressa SC;Entregue;
PA-2023-02042;12/28/2023 02:35 AM;12/28/2023 05:35 AM;pata amiga indaial;;Nacoes;Medicamentos;Especie;7;1;0;27,5;840.23;206.70;633;V;whatsapp;2023-12-30;2023-12-31;2024-01-03;2024-01-04;R$ 83,44;Logistica Propria;Entregue;
PA-2023-02043;12/28/2023 04:23 AM;12/28/2023 05:43 AM;pata amiga indaial;;Encano;Racao Seca;PIX;3;0;0;1.9;R$ 603,68;R$ 148,51;R$ 455,17;sim;Telefone;2024-01-01;2024-01-02;2024-01-05;2024-01-07;10,06;Logistica Propria;Entregue;
PA-2023-02060;12/28/2023 05:38 AM;12/28/2023 05:48 AM;pata amiga tubarao;LJ-022;Centro;Petiscos;VALE PET;5;0;0;11.1;105,53;30,71;R$ 74,82;true;app;2023-12-31;2023-12-31;2024-01-03;;;Rapido Catarinense;Despachado - em transito;
PA-2023-02014;12/27/2023 08:00 PM;12/28/2023 06:00 AM;PATA AMIGA PALHOCA;LJ-019;Pagani;ACESSORIO;BOLETO;3;0;2;2.0;202,74;27.37;175,37;Sim;Site;2024-01-01;2024-01-02;;;;Rapido Catarinense;Aguardando despacho;
PA-2023-02024;12/28/2023 01:10 AM;12/28/2023 06:10 AM;Pata Amiga Rio do sul;;Laranjeiras;Medicamento;vale pet;-;0;0;60.5;975;468,01;R$ 507,02;SIM;App Pata Amiga;2024-01-01;2024-01-02;2024-01-05;;;Logistica Propria;Despachado - em transito;embalagem para presente
PA-2023-02046;12/28/2023 05:30 AM;12/28/2023 06:20 AM;Pata Amiga Presidente Getulio;LJ-008;;Ração;VALE PET;5;0;0;16.9;R$ 776,49;68.33;708,16;true;Site;2024-01-03;2024-01-04;2024-01-11;2024-01-13;R$ 57,67;Correios;Entregue;conferir endereco com o cliente
PA-2023-01992;12/27/2023 09:00 PM;12/28/2023 07:00 AM;pata amiga gaspar;LJ-007;Gasparinho;Rac.;Vale Pet;8;;0;8.0;R$ 980,59;R$ 381,45;599.14;true;site;2023-12-31;2024-01-01;2024-01-02;;;Rapido Catarinense;Despachado - em transito;
PA-2023-02040;12/28/2023 07:15 AM;12/28/2023 07:25 AM;Pata Amiga Timbo;;Capitais;medicamento;Pix;1;0;2;3.7;81;R$ 20,10;61,61;true;Whatsapp;2023-12-31;2024-01-02;2024-01-07;;;Rapido Catarinense;Despachado - em transito;embalagem para presente
PA-2023-02034;12/28/2023 07:25 AM;12/28/2023 07:35 AM;Pata Amiga Rio Do Sul;;Centro;racao;VALE PET;13;0;0;41,0;1652;793.35;R$ 859,47;sim;App Pata Amiga;2023-12-30;2023-12-31;2024-01-05;2024-01-07;84,88;Rapido Catarinense;Entregue;
PA-2023-02029;12/28/2023 07:20 AM;12/28/2023 08:10 AM; Pata Amiga Rio do Sul;LJ-002;Budag;Ração;Cartao de Credito;;2;0;8.1;R$ 3.080,99;R$ 1.478,88;1.602,11;S;APP;2023-12-29;;;;;Rapido Catarinense;Aguardando nota fiscal;
PA-2023-02030;12/28/2023 05:23 AM;12/28/2023 08:23 AM;PATA AMIGA RIO DO SUL;LJ-002;Laranjeiras;petisco;boleto;21;0;0;42.3;1085.40;520,99;564.41;V;site;2023-12-29;2023-12-31;2024-01-06;2024-01-07;65,32;Entrega Expressa SC;Entregue;
PA-2023-01981;12/27/2023 11:15 PM;12/28/2023 09:15 AM;Pata Amiga Rio Do Sul;LJ-002;Canta Galo;Brinquedo;Credito;6;0;0;13.8;344,41;-;R$ 302,39;S;App;2023-12-31;2024-01-01;2024-01-02;2024-01-03;43;Rapido Catarinense;Entregue;
PA-2023-02009;12/27/2023 11:23 PM;12/28/2023 09:23 AM;pata amiga florianopolis norte;LJ-017;Ingleses;Racao Medicamentosa;BOLETO;3;0;0;6.8;284.72;68;215.82;sim;app;2023-12-30;2024-01-01;2024-01-05;2024-01-06;26.33;Correios;Entregue;cliente pediu entrega no periodo da tarde
PA-2023-02016;12/28/2023 09:20 AM;12/28/2023 09:40 AM;PATA AMIGA BLUMENAU CENTRO;LJ-001;Garcia;racao;Dinheiro;8;1;0;5.0;1247.47;R$ 598,79;648,68;Sim;APP;2023-12-30;2023-12-30;2024-01-03;2024-01-05;13,42;Correios;Entregue;
PA-2023-02017;12/28/2023 09:07 AM;12/28/2023 10:27 AM;pata amiga blumenau centro;LJ-001;Velha;RAÇÃO;CARTAO DE CREDITO;7;0;0;21.6;1.167,58;560,44;607,14;SIM;TELEFONE;2023-12-30;2023-12-31;;;;Correios;Aguardando despacho;aguardando confirmacao de estoque
PA-2023-02049;12/28/2023 08:45 AM;12/28/2023 10:45 AM;Pata Amiga Joinville Sul/SC;;Costa e Silva;ACESSORIO;Boleto;4;0;0;15,0;358,03;16.47;341,56;V;APP;2023-12-30;2023-12-31;2024-01-01;2024-01-04;R$ 44,85;TransPet Log;Entregue;
PA-2023-02039;12/28/2023 10:05 AM;12/28/2023 10:55 AM;Pata Amiga Timbo;;Centro;petisco;PIX;6;0;2;17,7;R$ 164,25;40,41;123,84;X;app;2023-12-30;2023-12-31;2024-01-05;2024-01-07;25;Correios;Entregue;
PA-2023-02065;12/28/2023 10:05 AM;12/28/2023 10:55 AM;Pata Amiga Chapeco;;Centro;Racao Medicamentosa;Cartao de Credito;3;0;0;2.7;R$ 430,51;0;430,51;false;APP;2023-12-30;2024-01-01;2024-01-03;2024-01-05;R$ 11,50;Correios;Entregue;aguardando confirmacao de estoque
PA-2023-02044;12/28/2023 08:07 AM;12/28/2023 11:07 AM;PATA AMIGA INDAIAL;;Warnow;Rac.;VALE PET;4;0;0;8.3;;176.05;539,60;V;SITE;2023-12-31;2024-01-02;2024-01-04;2024-01-06;15.99;Logistica Propria;Entregue;conferir endereco com o cliente
PA-2023-02056;12/28/2023 09:07 AM;12/28/2023 11:07 AM;pata amiga tubarao;LJ-022;Oficinas;Hig.;dinheiro;7;0;1;22,4;229;66;R$ 162,88;Sim;;2023-12-30;2023-12-31;;;;Entrega Expressa SC;Aguardando despacho;cliente pediu entrega no periodo da tarde
PA-2023-02038;12/28/2023 09:12 AM;12/28/2023 11:12 AM;PATA AMIGA RIO DO SUL;;Canta Galo;Med.;DINHEIRO;15;1;0;24.1;1698.21;;R$ 883,07;1;site;2023-12-31;2023-12-31;2024-01-03;2024-01-05;61,63;TransPet Log;Entregue;produto fora de linha - substituido
PA-2023-02054;12/28/2023 02:07 AM;12/28/2023 12:07 PM;Pata Amiga Palhoça;LJ-019;;RACAO;Especie;6;0;;4.8;R$ 674,73;99,19;575,54;sim;Site;2023-12-31;2024-01-02;2024-01-04;;;Logistica Propria;Despachado - em transito;aguardando confirmacao de estoque
PA-2023-02032;12/28/2023 09:25 AM;12/28/2023 12:25 PM;Pata Amiga Rio do sul;;Centro;Racao Seca;vale pet;2;0;-;7,3;R$ 424,24;203.64;R$ 220,60;true;TELEFONE;2023-12-29;2023-12-30;;;;Correios;Aguardando despacho;aguardando confirmacao de estoque
PA-2023-02020;12/28/2023 11:23 AM;12/28/2023 01:23 PM;PATA AMIGA BLUMENAU CENTRO;;Salto do Norte;petisco;Especie;15;1;0;28.4;741.78;356,05;R$ 385,73;;SITE;2023-12-30;2024-01-01;2024-01-03;2024-01-05;R$ 74,47;Correios;Entregue;
PA-2023-02026;12/28/2023 12:50 PM;12/28/2023 01:25 PM; Pata Amiga Rio do Sul;LJ-002;Sumare;medicamento;Especie;8;;0;11,7;1055;R$ 506,79;R$ 549,02;true;Loja Física;;;;;;;Retirada na loja;
PA-2023-02063;12/28/2023 12:10 PM;12/28/2023 01:30 PM;PATA AMIGA LAGUNA;;Ponta das Pedras;Rac.;Debito;7;0;0;14,9;710,37;206,72;503;1;app;2023-12-31;2024-01-01;2024-01-05;;;TransPet Log;Despachado - em transito;aguardando confirmacao de estoque
PA-2023-02047;12/28/2023 01:52 PM;12/28/2023 02:12 PM;PATA AMIGA ITUPORANGA;LJ-010;Vila Nova;Medicamentos;VALE PET;5;0;0;15,7;R$ 408,23;R$ 77,16;R$ 331,07;S;Whatsapp;2024-01-01;2024-01-02;2024-01-07;2024-01-10;26,65;Rapido Catarinense;Entregue;conferir endereco com o cliente
PA-2023-02057;12/28/2023 02:15 PM;12/28/2023 02:35 PM;Pata Amiga Tubarão;;Humaita;Racao;VALE PET;6;0;0;8,5;999,79;290,94;R$ 708,85;1;SITE;2023-12-31;2024-01-01;2024-01-05;2024-01-07;14,89;Correios;Entregue;produto fora de linha - substituido
PA-2023-02052;12/28/2023 04:40 AM;12/28/2023 02:40 PM;Pata Amiga São Jose Kobrasol;LJ-018;Kobrasol;servico;Especie;5;0;2;9,2;671,48;98,71;R$ 572,77;Sim;Site;2023-12-29;;;;;Rapido Catarinense;Aguardando nota fiscal;cliente pediu entrega no periodo da tarde
PA-2023-02037;12/28/2023 03:20 PM;12/28/2023 05:20 PM;Pata Amiga Rio do Sul;LJ-002;Budag;Ração;Vale Pet;;3;0;11.3;2.239,96;R$ 1.075,18;1.164,78;X;Loja Fisica;;;;;;;Retirada na loja;conferir endereco com o cliente
PA-2023-02031;12/28/2023 02:30 PM;12/28/2023 07:30 PM;Pata Amiga Rio Do Sul;;Laranjeiras;Petiscos;Debito;16;1;0;27.8;417,69;200;217.20;sim;App;2023-12-30;2023-12-30;2024-01-02;;;TransPet Log;Despachado - em transito;aguardando confirmacao de estoque
PA-2023-02033;12/28/2023 06:50 PM;12/28/2023 07:40 PM;Pata Amiga Rio do Sul;LJ-002;;Rac.;Boleto;9;1;0;16,1;R$ 1.232,88;591.78;R$ 641,10;Sim;Site;2023-12-31;2024-01-01;2024-01-05;2024-01-07;30,05;Entrega Expressa SC;Entregue;aguardando confirmacao de estoque
PA-2023-02051;12/28/2023 07:05 PM;12/28/2023 07:40 PM;Pata Amiga São Jose Kobrasol;LJ-018;Campinas;racao;CARTAO DE DEBITO;6;0;2;7.4;825,29;121;R$ 703,97;1;Loja Fisica;;;;;;;Retirada na loja;conferir endereco com o cliente
PA-2023-02061;12/28/2023 02:55 PM;12/28/2023 07:55 PM;Pata Amiga Ararangua;;Cidade Alta;Petisco;pix;6;0;0;24.2;199,13;34,25;164;sim;app;2023-12-31;2023-12-31;2024-01-03;2024-01-06;R$ 44,34;Correios;Entregue;conferir endereco com o cliente
PA-2023-02058;12/28/2023 06:52 PM;12/28/2023 08:12 PM;Pata Amiga Tubarão;LJ-022;;RAÇÃO;Boleto;5;0;n/d;11,1;R$ 950,27;276.53;673,74;1;;2023-12-31;2024-01-01;2024-01-06;2024-01-09;20,94;TransPet Log;Entregue;produto fora de linha - substituido
PA-2023-02027;12/28/2023 07:00 PM;12/28/2023 08:20 PM;Pata Amiga Rio Do Sul;LJ-002;Centro;petisco;Cartão de Débito;10;0;1;4,7;468.95;R$ 225,10;243,85;;telefone;2023-12-30;2023-12-31;2024-01-05;2024-01-07;R$ 13,24;Correios;Entregue;produto fora de linha - substituido
PA-2023-02035;12/28/2023 08:47 PM;12/28/2023 09:22 PM;Pata Amiga Rio do sul;LJ-002;Canta Galo;Rac.;CARTAO DE DEBITO;9;0;-;29,8;1605;770,63;-;sim;App;2023-12-31;2023-12-31;2024-01-04;2024-01-07;R$ 62,79;Logistica Propria;Entregue;produto fora de linha - substituido
PA-2023-02019;12/28/2023 08:20 PM;12/28/2023 09:40 PM;pata amiga blumenau centro;;Fortaleza;HIGIENE;Vale Pet;11;;2;25.1;;R$ 207,42;224,70;Sim;;2023-12-31;2024-01-01;2024-01-02;2024-01-04;60,19;TransPet Log;Entregue;aguardando confirmacao de estoque
PA-2023-02045;12/28/2023 09:05 PM;12/28/2023 09:40 PM;pata amiga gaspar;;Poco Grande;Petiscos;Credito;12;1;0;22,2;R$ 432,36;207.53;224;X;app;2023-12-31;2023-12-31;2024-01-02;2024-01-04;31,16;Logistica Propria;Entregue;conferir endereco com o cliente
PA-2023-02048;12/28/2023 08:52 PM;12/28/2023 10:12 PM;PATA AMIGA RIO DOS CEDROS;LJ-012;Centro;PETISCO;BOLETO;15;1;0;58.3;511.09;R$ 125,73;385,36;SIM;LOJA FISICA;;;;;;;Retirada na loja;pedido recorrente
PA-2023-02041;12/28/2023 12:20 PM;12/28/2023 10:20 PM;Pata Amiga Timbo;LJ-005;Centro;RAÇÃO;Debito;14;2;0;54,8;2490;R$ 612,59;R$ 1.877,61;X;app;;;;;;;Pedido cancelado;
PA-2023-02028;12/28/2023 06:47 PM;12/28/2023 11:47 PM; Pata Amiga Rio do Sul;LJ-002;Budag;RAÇÃO;CARTAO DE CREDITO;;2;0;12,8;1472;706,60;765.48;V;loja fisica;;;;;;;Retirada na loja;aguardando confirmacao de estoque
PA-2023-02053;12/28/2023 11:30 PM;12/28/2023 11:50 PM;Pata Amiga Palhoça;;Guarda do Cubatao;Ração Medicamentosa;boleto;6;;;15.4;R$ 647,82;95,23;R$ 552,59;SIM;App;2023-12-30;2023-12-30;;;;Entrega Expressa SC;Aguardando despacho;conferir endereco com o cliente
PA-2023-02023;12/28/2023 09:07 PM;12/29/2023 12:07 AM; Pata Amiga Rio do Sul;;;Ração;CARTAO DE CREDITO;10;1;0;18.2;R$ 1.060,68;R$ 509,13;551,55;S;site;;;;;;;Pedido cancelado;
PA-2023-02050;12/28/2023 07:38 PM;12/29/2023 12:38 AM;PATA AMIGA FLORIANOPOLIS NORTE;;Trindade;Rac.;PIX;12;1;0;20,4;R$ 2.576,63;R$ 1.236,78;1339.85;SIM;loja fisica;;;;;;;Retirada na loja;
PA-2023-02021;12/28/2023 11:25 PM;12/29/2023 12:45 AM;pata amiga blumenau centro;LJ-001;Velha;HIGIENE;CARTAO DE CREDITO;16;0;;62.3;R$ 743,35;356,81;386.54;V;whatsapp;2023-12-31;2024-01-01;2024-01-06;;;Rapido Catarinense;Despachado - em transito;
PA-2023-02055;12/28/2023 03:23 PM;12/29/2023 01:23 AM;PATA AMIGA SANTO AMARO DA IMPERATRIZ;LJ-020;Centro;Petiscos;Credito;4;0;0;8.1;127,03;R$ 13,08;R$ 113,95;sim;Loja Fisica;;;;;;;Retirada na loja;produto fora de linha - substituido
PA-2023-02085;12/29/2023 03:30 AM;12/29/2023 04:05 AM;Pata Amiga Jaragua Do Sul;;Ilha da Figueira;racao;Dinheiro;10;0;1;38,4;1.261,44;R$ 542,42;719.02;S;site;2023-12-31;2024-01-01;;;;Entrega Expressa SC;Aguardando despacho;cliente pediu entrega no periodo da tarde
PA-2023-02072;12/29/2023 03:55 AM;12/29/2023 04:15 AM;PATA AMIGA BRUSQUE;LJ-004;Limeira;RAÇÃO;dinheiro;4;;1;6.0;R$ 689,95;80.03;609,92;1;App Pata Amiga;2024-01-01;2024-01-01;2024-01-04;2024-01-05;23,96;Entrega Expressa SC;Entregue;
PA-2023-02099;12/29/2023 03:47 AM;12/29/2023 04:22 AM;Pata Amiga Palhoça;;Pagani;RAÇÃO;VALE PET;7;0;0;28.9;1328.21;637,54;690;sim;LOJA FISICA;;;;;;;Retirada na loja;
PA-2023-02059;12/28/2023 07:23 PM;12/29/2023 05:23 AM;PATA AMIGA TUBARAO;LJ-022;Humaita;Racao Seca;dinheiro;5;0;0;10.8;781,55;227.43;554,12;1;;;;;;;;Retirada na loja;aguardando confirmacao de estoque
PA-2023-02107;12/29/2023 06:05 AM;12/29/2023 06:15 AM;PATA AMIGA PALHOCA;;Passa Vinte;Petisco;Boleto;15;0;0;6,5;752,90;361,39;391;sim;Loja Fisica;;;;;;;Retirada na loja;embalagem para presente
PA-2023-02109;12/29/2023 01:23 AM;12/29/2023 06:23 AM;Pata Amiga Palhoça;LJ-019;Ponte do Imaruim;Rac.;Dinheiro;17;2;0;40.1;3438;R$ 1.650,67;1788.23;sim;LOJA FISICA;;;;;;;Retirada na loja;
PA-2023-02025;12/28/2023 09:15 PM;12/29/2023 07:15 AM;Pata Amiga Rio do Sul;LJ-002;Canta Galo;Racao Seca;Especie;15;2;1;15.6;2981.98;1.431,35;1550.63;Sim;Site;2023-12-30;2023-12-31;;;;Rapido Catarinense;Aguardando despacho;
PA-2023-02114;12/29/2023 02:25 AM;12/29/2023 07:25 AM;Pata Amiga Santo Amaro da Imperatriz;LJ-020;Centro;Rac.;BOLETO;20;2;0;68,0;R$ 2.888,91;1.386,68;1.502,23;S;App;2024-01-02;2024-01-02;2024-01-11;2024-01-14;91,81;Logistica Propria;Entregue;pedido recorrente
PA-2023-02115;12/29/2023 06:20 AM;12/29/2023 08:20 AM;PATA AMIGA SANTO AMARO DA IMPERATRIZ;LJ-020;Sul do Rio;RAÇÃO;BOLETO;19;0;0;79,3;;1766;R$ 1.913,50;SIM;app;2023-12-30;2023-12-31;2024-01-08;2024-01-11;197,09;TransPet Log;Entregue;
PA-2023-02098;12/29/2023 07:45 AM;12/29/2023 08:35 AM;Pata Amiga Palhoca;LJ-019;Passa Vinte;Racao Seca;Credito;18;0;0;68.3;2.943,52;R$ 1.412,89;1.530,63;sim;Loja Fisica;;;;;;;Retirada na loja;
PA-2023-02100;12/29/2023 08:30 AM;12/29/2023 08:50 AM;Pata Amiga Palhoca;LJ-019;Pagani;RACAO;Cartao de Debito;17;0;1;22,8;2.616,39;R$ 1.255,87;1360.52;S;Loja Física;;;;;;;Retirada na loja;
PA-2023-02097;12/29/2023 08:50 AM;12/29/2023 09:10 AM;pata amiga palhoca;LJ-019;Guarda do Cubatao;racao;boleto;;0;0;12.7;R$ 1.665,08;799.24;865.84;Sim;TELEFONE;2024-01-02;2024-01-03;2024-01-06;;;Correios;Despachado - em transito;
PA-2023-02087;12/29/2023 07:15 AM;12/29/2023 09:15 AM;Pata Amiga Jaragua Do Sul;;Jaragua Esquerdo;petisco;Pix;10;0;0;17,6;517;222,34;R$ 294,73;V;App Pata Amiga;2024-01-01;2024-01-02;2024-01-06;2024-01-07;59,14;TransPet Log;Entregue;conferir endereco com o cliente
PA-2023-02082;12/29/2023 09:52 AM;12/29/2023 10:02 AM;PATA AMIGA GASPAR;;Poco Grande;Racao Seca;PIX;1;0;0;1.3;217;89.13;128;1;APP;2023-12-31;2024-01-01;2024-01-07;2024-01-09;8,31;Entrega Expressa SC;Entregue;produto fora de linha - substituido
PA-2023-02076;12/29/2023 10:12 AM;12/29/2023 10:47 AM; Pata Amiga Gaspar;LJ-007;Poco Grande;Higiene e Beleza;Debito;10;1;0;13.8;501.66;205.68;295.98;SIM;SITE;2024-01-02;2024-01-03;2024-01-06;2024-01-08;45,88;Logistica Propria;Entregue;
PA-2023-02102;12/29/2023 10:47 AM;12/29/2023 11:07 AM;pata amiga palhoca;LJ-019;Passa Vinte;Higiene e Beleza;Especie;5;;;14,1;152,64;73.27;79.37;SIM;Loja Fisica;;;;;;;Retirada na loja;aguardando confirmacao de estoque
PA-2023-02068;12/29/2023 09:55 AM;12/29/2023 11:15 AM;PATA AMIGA ITAJAÍ PRAIA;LJ-003;Cordeiros;higiene;VALE PET;2;0;1;6,3;R$ 78,86;;69,71;SIM;App;2023-12-31;2024-01-01;2024-01-05;2024-01-06;R$ 18,15;Correios;Entregue;embalagem para presente
PA-2023-02073;12/29/2023 11:00 AM;12/29/2023 11:20 AM;Pata Amiga Indaial;;Encano;Racao Medicamentosa;Boleto;4;0;0;16.8;482;59.39;R$ 423,49;Sim;APP;2023-12-31;2024-01-01;2024-01-03;2024-01-04;55.39;Rapido Catarinense;Entregue;
PA-2023-02071;12/29/2023 01:35 AM;12/29/2023 11:35 AM;Pata Amiga Brusque;LJ-004;Aguas Claras;Racao Seca;BOLETO;5;0;N/I;17.3;991.19;114,98;876.21;1;LOJA FISICA;;;;;;;Retirada na loja;pedido recorrente
PA-2023-02086;12/29/2023 11:00 AM;12/29/2023 11:35 AM;Pata Amiga Jaraguá do Sul;;;Petisco;vale pet;13;0;0;52,0;360;155,23;205,76;S;loja fisica;;;;;;;Retirada na loja;
PA-2023-02104;12/29/2023 01:40 AM;12/29/2023 11:40 AM;pata amiga palhoca;LJ-019;Ponte do Imaruim;Racao;Pix;10;0;;21.3;2098.32;;1.091,13;true;App Pata Amiga;2024-01-02;2024-01-02;2024-01-07;2024-01-09;R$ 31,79;Correios;Entregue;conferir endereco com o cliente
PA-2023-02075;12/29/2023 09:50 AM;12/29/2023 11:50 AM;PATA AMIGA GASPAR;LJ-007;;Racao;Debito;13;1;0;27.9;1.542,18;632,29;909,89;X;APP;2023-12-30;2023-12-30;2024-01-02;2024-01-05;R$ 72,15;Logistica Propria;Entregue;pedido recorrente
PA-2023-02083;12/29/2023 12:10 PM;12/29/2023 12:45 PM;Pata Amiga Gaspar;;Bela Vista;Petiscos;PIX;6;0;0;19.5;R$ 191,07;78;112,73;X;Loja Fisica;;;;;;;Retirada na loja;
PA-2023-02096;12/29/2023 10:52 AM;12/29/2023 12:52 PM;Pata Amiga Floripa Norte;LJ-017;Trindade;petisco;Vale Pet;3;0;2;9.2;105.70;R$ 5,81;99;SIM;WhatsApp;2023-12-31;2024-01-01;2024-01-06;;;TransPet Log;Despachado - em transito;
PA-2023-02110;12/29/2023 10:12 AM;12/29/2023 01:12 PM;Pata Amiga Santo Amaro da Imperatriz;LJ-020;Braco Sao Joao;RACAO;Vale Pet;18;;2;20,9;3263;1566.69;R$ 1.697,24;SIM;site;2024-01-02;2024-01-03;2024-01-16;2024-01-18;54,14;Logistica Propria;Entregue;
PA-2023-02067;12/29/2023 12:55 PM;12/29/2023 01:45 PM; Pata Amiga Blumenau Centro;;Progresso;RAÇÃO;VALE PET;6;0;0;21.3;828;R$ 339,50;488,54;X;telefone;2023-12-30;2023-12-30;2024-01-05;2024-01-07;55;Entrega Expressa SC;Entregue;
PA-2023-02112;12/29/2023 01:05 PM;12/29/2023 01:55 PM;PATA AMIGA SANTO AMARO DA IMPERATRIZ;;Centro;HIGIENE;PIX;16;1;0;30.7;960;461.18;499;true;App Pata Amiga;2024-01-02;2024-01-03;2024-01-11;2024-01-14;89,51;Rapido Catarinense;Entregue;
PA-2023-02066;12/29/2023 12:52 PM;12/29/2023 03:52 PM;PATA AMIGA BLUMENAU CENTRO;LJ-001;Salto do Norte;Hig.;Boleto;16;1;0;12.6;R$ 1.008,85;413,63;595,22;S;;2024-01-01;2024-01-01;2024-01-02;2024-01-04;R$ 30,82;Correios;Entregue;pedido recorrente
PA-2023-02074;12/29/2023 11:00 AM;12/29/2023 04:00 PM; Pata Amiga Gaspar;;Gasparinho;RAÇÃO;Vale Pet;8;n/d;0;15.5;1.006,42;412.63;593,79;sim;Site;2024-01-01;2024-01-03;2024-01-06;2024-01-09;R$ 47,92;Rapido Catarinense;Entregue;pedido recorrente
PA-2023-02084;12/29/2023 03:50 PM;12/29/2023 04:25 PM; Pata Amiga Gaspar;LJ-007;;RAÇÃO;dinheiro;3;0;1;10,9;414,71;170;244,68;true;app;2023-12-31;2023-12-31;2024-01-05;2024-01-07;R$ 32,36;TransPet Log;Entregue;cliente pediu entrega no periodo da tarde
PA-2023-02079;12/29/2023 02:38 PM;12/29/2023 05:38 PM; Pata Amiga Gaspar;LJ-007;Bela Vista;Petisco;Vale Pet;10;0;0;19.8;R$ 218,08;89.41;128.67;Sim;loja fisica;;;;;;;Retirada na loja;produto fora de linha - substituido
PA-2023-02091;12/29/2023 04:50 PM;12/29/2023 05:40 PM;Pata Amiga Jgua do Sul;LJ-014;Barra do Rio Cerro;Rac.;PIX;7;1;0;12.6;R$ 1.073,21;461,48;611.73;true;;2024-01-01;2024-01-02;2024-01-03;2024-01-05;36,56;TransPet Log;Entregue;cliente pediu entrega no periodo da tarde
PA-2023-02113;12/29/2023 03:47 PM;12/29/2023 05:47 PM;PATA AMIGA SANTO AMARO DA IMPERATRIZ;LJ-020;Braco Sao Joao;Hig.;PIX;18;1;0;49,7;R$ 1.084,53;520,57;563,96;X;Loja Física;;;;;;;Retirada na loja;
PA-2023-02117;12/29/2023 03:52 PM;12/29/2023 05:52 PM;Pata Amiga Tubarao;;Passagem;Racao Seca;VALE PET;2;0;0;8,1;R$ 256,96;0,00;256,96;N;SITE;2024-01-01;2024-01-01;2024-01-03;2024-01-04;21;TransPet Log;Entregue;
PA-2023-02094;12/29/2023 05:35 PM;12/29/2023 05:55 PM;PATA AMIGA JARAGUA DO SUL;LJ-014;Barra do Rio Cerro;Ração Medicamentosa;vale pet;1;;0;3,7;100.01;43,00;R$ 57,01;1;LOJA FISICA;;;;;;;Retirada na loja;
PA-2023-02078;12/29/2023 05:25 PM;12/29/2023 06:00 PM;pata amiga gaspar;;;Racao;Especie;10;1;0;18,8;1740.44;R$ 713,58;1026;1;LOJA FISICA;;;;;;;Retirada na loja;cliente pediu entrega no periodo da tarde
PA-2023-02103;12/29/2023 05:10 PM;12/29/2023 06:00 PM;Pata Amiga Palhoca;LJ-019;Ponte do Imaruim;Racao Medicamentosa;PIX;13;0;0;49.1;1047.80;502.94;R$ 544,86;S;Loja Física;;;;;;;Retirada na loja;
PA-2023-02108;12/29/2023 08:10 AM;12/29/2023 06:10 PM;pata amiga palhoca;LJ-019;Passa Vinte;medicamento;pix;12;0;0;30,8;758,59;364;394.47;Sim;App;2023-12-31;2024-01-01;2024-01-04;2024-01-07;R$ 55,21;Logistica Propria;Entregue;pedido recorrente
PA-2023-02106;12/29/2023 05:52 PM;12/29/2023 06:12 PM;Pata Amiga Palhoça;LJ-019;Pagani;Rac.;pix;6;0;0;17,3;R$ 650,49;312.24;338,25;Sim;SITE;2024-01-01;2024-01-01;2024-01-04;2024-01-07;37,02;Logistica Propria;Entregue;cliente pediu entrega no periodo da tarde
PA-2023-02105;12/29/2023 04:38 PM;12/29/2023 06:38 PM;Pata Amiga Palhoça;LJ-019;Ponte do Imaruim;racao;Boleto;15;2;2;27.1;2.676,65;1.284,79;R$ 1.391,86;1;App;;;;;;;Pedido cancelado;aguardando confirmacao de estoque
PA-2023-02077;12/29/2023 02:05 PM;12/29/2023 07:05 PM;pata amiga gaspar;LJ-007;Poco Grande;RAÇÃO;Credito;15;1;;60,7;2.491,33;1021;1.469,88;1;SITE;2023-12-31;2024-01-02;2024-01-04;2024-01-07;150,08;Logistica Propria;Entregue;
PA-2023-02092;12/29/2023 05:12 PM;12/29/2023 07:12 PM;Pata Amiga Jaragua do Sul;;Ilha da Figueira;petisco;VALE PET;8;0;0;23.1;R$ 346,30;148,91;197,39;Sim;site;;;;;;;Pedido cancelado;
PA-2023-02088;12/29/2023 06:25 PM;12/29/2023 07:15 PM;Pata Amiga Jaraguá do Sul;LJ-014;Barra do Rio Cerro;petisco;boleto;13;0;0;39,0;371,23;159;R$ 211,60;X;;2024-01-01;2024-01-02;2024-01-04;2024-01-05;76.18;Logistica Propria;Entregue;embalagem para presente
PA-2023-02070;12/29/2023 09:50 AM;12/29/2023 07:50 PM;PATA AMIGA ITAJAI PRAIA;;Fazenda;Medicamento;boleto;6;0;0;14.3;R$ 412,99;47,91;365.08;1;App;2023-12-31;2023-12-31;2024-01-04;2024-01-06;22.40;TransPet Log;Entregue;aguardando confirmacao de estoque
PA-2023-02081;12/29/2023 07:38 PM;12/29/2023 07:58 PM;pata amiga gaspar;;;RAÇÃO;DINHEIRO;8;0;0;25,5;R$ 1.599,08;655,62;943,46;sim;App Pata Amiga;2023-12-31;2024-01-01;;;;Rapido Catarinense;Aguardando despacho;
PA-2023-02116;12/29/2023 06:30 PM;12/29/2023 08:30 PM;Pata Amiga Santo Amaro da Imperatriz;LJ-020;Centro;RACAO;VALE PET;9;1;0;8.1;R$ 1.700,49;R$ 816,24;884,25;sim;App Pata Amiga;2023-12-31;2023-12-31;2024-01-10;2024-01-13;R$ 28,83;Correios;Entregue;
PA-2023-02090;12/29/2023 08:05 PM;12/29/2023 08:55 PM;Pata Amiga Jaraguá do Sul;;Ilha da Figueira;Hig.;VALE PET;20;0;0;71,4;1048;450,89;R$ 597,69;SIM;LOJA FISICA;;;;;;;Retirada na loja;embalagem para presente
PA-2023-02080;12/29/2023 07:15 PM;12/29/2023 09:15 PM;PATA AMIGA GASPAR;LJ-007;Gasparinho;Petisco;Cartão de Débito;12;0;0;18.3;413,92;169,71;244,21;X;App Pata Amiga;2023-12-31;2024-01-02;2024-01-05;2024-01-08;42,88;Rapido Catarinense;Entregue;embalagem para presente
PA-2023-02093;12/29/2023 07:40 PM;12/29/2023 09:40 PM;Pata Amiga Jaragua Do Sul;;Ilha da Figueira;Racao Seca;Cartão de Débito;10;0;0;36.1;1100.48;473,21;627,27;X;Site;;;;;;;Pedido cancelado;
PA-2023-02089;12/29/2023 10:30 PM;12/29/2023 11:20 PM;Pata Amiga Jaraguá do Sul;LJ-014;Centro;Hig.;pix;13;1;0;41,0;779,51;R$ 335,19;444.32;true;LOJA FISICA;;;;;;;Retirada na loja;
PA-2023-02095;12/29/2023 10:30 PM;12/29/2023 11:20 PM;Pata Amiga Jgua do Sul;LJ-014;Centro;Medicamentos;Pix;10;0;0;24,4;908.47;390,64;517.83;sim;;;;;;;;Pedido cancelado;
PA-2023-02101;12/29/2023 02:30 PM;12/30/2023 12:30 AM;PATA AMIGA PALHOCA;LJ-019;;PETISCO;Cartao de Debito;2;0;0;4,7;95,03;45,61;R$ 49,42;sim;App;2024-01-01;2024-01-02;2024-01-06;2024-01-08;19;Rapido Catarinense;Entregue;cliente pediu entrega no periodo da tarde
PA-2023-02133;12/30/2023 12:47 AM;12/30/2023 12:57 AM;PATA AMIGA LAGES;LJ-025;Coral;ACESSORIO;pix;3;0;0;6.9;314.44;R$ 34,59;R$ 279,85;Sim;APP;2024-01-02;2024-01-02;;;;TransPet Log;Aguardando despacho;embalagem para presente
PA-2023-02124;12/30/2023 12:38 AM;12/30/2023 01:13 AM;Pata Amiga Florianopolis Norte/SC;;Centro;Higiene e Beleza;pix;4;0;1;10.1;211,75;29.86;R$ 181,89;SIM;LOJA FISICA;;;;;;;Retirada na loja;
PA-2023-02118;12/30/2023 01:15 AM;12/30/2023 01:35 AM;Pata Amiga Blumenau Centro;LJ-001;Velha;ACESSORIO;dinheiro;3;0;0;8,2;R$ 145,37;0.00;R$ 145,37;Não;Loja Física;;;;;;;Retirada na loja;embalagem para presente
PA-2023-02132;12/30/2023 02:25 AM;12/30/2023 02:35 AM;pata amiga lages;LJ-025;Habitacao;Medicamento;VALE PET;1;;0;0.5;108,12;11,89;96,23;Sim;App;2024-01-02;2024-01-03;2024-01-07;2024-01-09;5,61;Logistica Propria;Entregue;aguardando confirmacao de estoque
PA-2023-02123;12/30/2023 03:30 AM;12/30/2023 03:40 AM;Pata Amiga Florianópolis Norte;;Rio Vermelho;RAÇÃO;boleto;1;0;0;1,2;122;17,34;105.61;Sim;Site;2024-01-02;2024-01-02;2024-01-05;2024-01-08;6.71;Entrega Expressa SC;Entregue;
PA-2023-02111;12/29/2023 05:47 PM;12/30/2023 03:47 AM;Pata Amiga Santo Amaro da Imperatriz;LJ-020;Braco Sao Joao;higiene;Dinheiro;8;0;;31,9;R$ 268,88;129,06;139,82;true;Site;2024-01-04;2024-01-05;2024-01-18;2024-01-19;64;TransPet Log;Entregue;embalagem para presente
PA-2023-02130;12/30/2023 04:55 AM;12/30/2023 05:45 AM;Pata Amiga Criciúma;LJ-021;Sao Luiz;PETISCO;Vale Pet;2;0;;3.6;56,15;0,00;56;nao;Site;2024-01-02;2024-01-02;;;;Entrega Expressa SC;Aguardando despacho;
PA-2023-02069;12/29/2023 09:47 PM;12/30/2023 07:47 AM;PATA AMIGA ITAJAI PRAIA;LJ-003;Fazenda;acessorio;BOLETO;;0;0;6,9;359,20;41.67;R$ 317,53;V;App;2024-01-01;2024-01-01;2024-01-04;2024-01-05;R$ 21,17;Rapido Catarinense;Entregue;conferir endereco com o cliente
PA-2023-02129;12/30/2023 08:52 AM;12/30/2023 09:42 AM;Pata Amiga Palhoca;;Pagani;Rac.;VALE PET;4;0;0;15.3;909,31;110.03;799,28;sim;;;;;;;;Retirada na loja;conferir endereco com o cliente
PA-2023-02122;12/30/2023 10:05 AM;12/30/2023 10:40 AM;pata amiga florianopolis norte;;Ingleses;RAÇÃO;CARTAO DE DEBITO;4;0;0;8,5;585.71;R$ 82,59;503,12;X;app;2024-01-01;2024-01-02;2024-01-04;2024-01-06;R$ 15,78;Logistica Propria;Entregue;aguardando confirmacao de estoque
PA-2023-02120;12/30/2023 10:25 AM;12/30/2023 11:00 AM;Pata Amiga Taió;LJ-009;Centro;Petisco;Boleto;6;0;0;21.9;280,80;33.70;247.10;1;;2024-01-01;2024-01-02;;;;Entrega Expressa SC;Aguardando despacho;
PA-2023-02119;12/30/2023 12:52 PM;12/30/2023 01:12 PM;Pata Amiga Rio do sul;LJ-002;Laranjeiras;PETISCO;boleto;3;0;0;5,5;109,33;0.00;109;nao;APP;2024-01-02;2024-01-02;2024-01-05;2024-01-07;20;Entrega Expressa SC;Entregue;conferir endereco com o cliente
PA-2023-02125;12/30/2023 08:12 AM;12/30/2023 01:12 PM;Pata Amiga Sao Jose Kobrasol/SC;LJ-018;Kobrasol;racao;DINHEIRO;3;0;0;5,3;502,44;60,80;R$ 441,64;V;Loja Física;;;;;;;Retirada na loja;aguardando confirmacao de estoque
PA-2023-02127;12/30/2023 12:55 PM;12/30/2023 01:30 PM;PATA AMIGA PALHOCA;;Ponte do Imaruim;Medicamento;Cartão de Débito;1;0;0;1.8;134,64;;118.35;V;WHATSAPP;2024-01-02;2024-01-03;2024-01-07;2024-01-09;8.40;Logistica Propria;Entregue;
PA-2023-02126;12/30/2023 02:25 PM;12/30/2023 02:45 PM;Pata Amiga Sao Jose Kobrasol;LJ-018;Forquilhinhas;ACESSORIO;dinheiro;5;0;0;10.6;R$ 372,36;45,06;327.30;SIM;loja fisica;;;;;;;Retirada na loja;
PA-2023-02135;12/30/2023 11:47 AM;12/30/2023 02:47 PM;Pata Amiga Chapeco/SC;LJ-029;Passo dos Fortes;Acessório;Dinheiro;2;0;2;3,0;218,92;11,60;R$ 207,32;SIM;App Pata Amiga;2024-01-01;2024-01-03;2024-01-06;;;Entrega Expressa SC;Despachado - em transito;pedido recorrente
PA-2023-02128;12/30/2023 08:47 AM;12/30/2023 06:47 PM;PATA AMIGA PALHOCA;LJ-019;Guarda do Cubatao;RAÇÃO;PIX;6;0;0;7.7;1.053,90;127,52;926,38;Sim;SITE;2024-01-02;2024-01-03;2024-01-05;2024-01-07;R$ 18,89;Logistica Propria;Entregue;produto fora de linha - substituido
PA-2023-02134;12/30/2023 04:23 PM;12/30/2023 07:23 PM;Pata Amiga Otacílio Costa;LJ-027;Centro;Acessorios;boleto;5;0;0;18,2;-;R$ 32,76;265,03;S;Loja Física;;;;;;;Retirada na loja;aguardando confirmacao de estoque
PA-2023-02131;12/30/2023 10:10 PM;12/30/2023 10:20 PM;pata amiga araranguá;LJ-023;;Acessorios;DINHEIRO;3;0;0;3.5;225,23;R$ 35,36;189.87;1;app;2023-12-31;2024-01-02;2024-01-06;2024-01-08;12,30;Entrega Expressa SC;Entregue;aguardando confirmacao de estoque
PA-2023-02121;12/30/2023 06:45 PM;12/30/2023 11:45 PM;Pata Amiga Jgua do Sul;LJ-014;Barra do Rio Cerro;ACESSORIO;Cartão de Crédito;2;0;0;3,6;113,34;0,00;113,34;0;Telefone;2023-12-31;2023-12-31;2024-01-04;2024-01-07;11.24;TransPet Log;Entregue;embalagem para presente
PA-2023-02154;12/31/2023 01:07 AM;12/31/2023 01:57 AM;Pata Amiga Otacilio  Costa;;Bela Vista;PETISCO;Vale Pet;4;0;0;7,4;125,93;24,93;R$ 101,00;SIM;site;2024-01-02;;;;;Rapido Catarinense;Aguardando nota fiscal;
PA-2023-02142;12/31/2023 01:25 AM;12/31/2023 02:00 AM;Pata Amiga Ibirama;LJ-011;Bela Alianca;Med.;Especie;3;;0;1,4;R$ 373,94;45,62;328,32;Sim;site;2024-01-02;2024-01-05;;;;TransPet Log;Aguardando despacho;
PA-2023-02144;12/31/2023 04:47 AM;12/31/2023 04:57 AM;Pata Amiga Jgua do Sul;;Jaragua Esquerdo;medicamento;VALE PET;4;N/I;0;13.0;;89,79;370,65;1;Loja Fisica;;;;;;;Retirada na loja;
PA-2023-02157;12/31/2023 03:30 AM;12/31/2023 06:30 AM;Pata Amiga Xanxere;;;Med.;Cartao de Credito;5;0;0;3,9;356;R$ 26,01;R$ 330,23;1;;2024-01-01;2024-01-01;2024-01-05;;;Correios;Despachado - em transito;cliente pediu entrega no periodo da tarde
PA-2023-02140;12/31/2023 07:00 AM;12/31/2023 07:10 AM;Pata Amiga Gaspar;LJ-007;Poco Grande;Acessorios;PIX;5;0;0;6.0;506.12;41;R$ 464,62;X;loja fisica;;;;;;;Retirada na loja;
PA-2023-02137;12/31/2023 05:20 AM;12/31/2023 08:20 AM;PATA AMIGA RIO DO SUL;LJ-002;Sumare;petisco;pix;2;0;0;6,7;R$ 84,19;0,59;83,60;S;Loja Física;;;;;;;Retirada na loja;
PA-2023-02156;12/31/2023 11:12 AM;12/31/2023 11:32 AM;Pata Amiga Concórdia;LJ-030;Centro;Petisco;boleto;;0;0;7.4;81,15;R$ 5,92;75,23;V;Site;2024-01-02;2024-01-04;2024-01-05;2024-01-06;26,41;Correios;Entregue;
PA-2023-02145;12/31/2023 11:55 AM;12/31/2023 12:15 PM;Pata Amiga Jgua do Sul;LJ-014;Jaragua Esquerdo;Racao Medicamentosa;Credito;5;0;0;13.3;309.51;R$ 60,35;R$ 249,16;sim;loja fisica;;;;;;;Retirada na loja;
PA-2023-02152;12/31/2023 12:07 PM;12/31/2023 12:27 PM;PATA AMIGA LAGES;LJ-025;Centro;Serviço;Credito;9;N/I;0;33.5;985.95;195,22;R$ 790,73;X;LOJA FISICA;;;;;;;Retirada na loja;aguardando confirmacao de estoque
PA-2023-02147;12/31/2023 08:30 AM;12/31/2023 01:30 PM;PATA AMIGA FLORIANOPOLIS NORTE;LJ-017;Trindade;servico;boleto;6;0;0;8.8;1.055,48;121,38;934,10;V;Site;2024-01-02;2024-01-03;2024-01-07;2024-01-10;R$ 20,73;Rapido Catarinense;Entregue;
PA-2023-02149;12/31/2023 01:50 PM;12/31/2023 02:10 PM;PATA AMIGA PALHOCA;LJ-019;;Petiscos;CARTAO DE DEBITO;2;0;0;1,8;;1.45;42,38;V;LOJA FISICA;;;;;;;Retirada na loja;
PA-2023-02143;12/31/2023 04:20 AM;12/31/2023 02:20 PM;Pata Amiga Jaragua Do Sul;LJ-014;;medicamento;Cartão de Débito;8;0;0;29.4;R$ 1.189,76;232;R$ 957,76;V;;2024-01-03;2024-01-05;2024-01-08;;;Entrega Expressa SC;Despachado - em transito;embalagem para presente
PA-2023-02146;12/31/2023 12:47 PM;12/31/2023 02:47 PM;Pata Amiga Itapoá;;Balneario Itapoa;Petisco;Especie;3;0;0;2,8;R$ 92,35;R$ 5,26;87;true;Loja Física;;;;;;;Retirada na loja;
PA-2023-02139;12/31/2023 10:38 AM;12/31/2023 03:38 PM;pata amiga brusque;LJ-004;Dom Joaquim;Med.;Cartao de Credito;1;0;;1.2;99,93;0;R$ 99,93;false;Whatsapp;2024-01-02;2024-01-02;2024-01-06;2024-01-08;R$ 8,84;Entrega Expressa SC;Entregue;
PA-2023-02153;12/31/2023 02:20 PM;12/31/2023 04:20 PM;Pata Amiga São Joaquim;LJ-026;Centro;Petisco;Boleto;8;1;0;30,1;352.69;R$ 69,83;282.86;Sim;SITE;2024-01-02;2024-01-04;2024-01-12;2024-01-16;R$ 69,18;Correios;Entregue;cliente pediu entrega no periodo da tarde
PA-2023-02136;12/31/2023 04:07 PM;12/31/2023 04:27 PM; Pata Amiga Blumenau Centro;LJ-001;Itoupava Norte;Petisco;Cartao de Credito;3;0;0;9.8;121;R$ 9,93;111,17;V;App Pata Amiga;2024-01-02;2024-01-02;2024-01-05;2024-01-07;23,98;Correios;Entregue;
PA-2023-02151;12/31/2023 03:12 PM;12/31/2023 05:12 PM;Pata Amiga Tubarao;LJ-022;Centro;RAÇÃO;VALE PET;3;0;0;6.7;553,94;52.07;R$ 501,87;Sim;APP;2024-01-03;2024-01-03;2024-01-07;2024-01-09;R$ 12,90;Logistica Propria;Entregue;conferir endereco com o cliente
PA-2023-02155;12/31/2023 04:20 PM;12/31/2023 06:20 PM;Pata Amiga Chapecó;LJ-029;Centro;Medicamentos;Especie;-;0;0;8.2;;20,82;R$ 264,42;true;Site;2024-01-02;2024-01-04;2024-01-09;2024-01-12;30,38;Logistica Propria;Entregue;produto fora de linha - substituido
PA-2023-02148;12/31/2023 06:25 PM;12/31/2023 07:45 PM;Pata Amiga Florianópolis Norte;;Rio Vermelho;Ração Medicamentosa;Especie;5;0;0;9,9;548;63,05;485,25;Sim;APP;2024-01-03;;;;;Entrega Expressa SC;Aguardando nota fiscal;produto fora de linha - substituido
PA-2023-02138;12/31/2023 08:47 PM;12/31/2023 09:37 PM;PATA AMIGA ITAJAI PRAIA;LJ-003;Fazenda;Serviço;Dinheiro;3;0;0;11.0;388;R$ 0,00;388;nao;Site;;;;;;;Pedido cancelado;
PA-2024-02162;01/01/2024 12:07 AM;01/01/2024 12:27 AM;Pata Amiga Sao Jose Kobrasol/SC;;Campinas;racao;VALE PET;7;0;0;11.9;R$ 1.452,07;403,68;R$ 1.048,39;Sim;WhatsApp;2024-01-04;2024-01-05;2024-01-08;2024-01-11;18;Correios;Entregue;conferir endereco com o cliente
PA-2023-02150;12/31/2023 10:23 PM;01/01/2024 03:23 AM;PATA AMIGA CRICIUMA;LJ-021;Rio Maina;Ração;Cartao de Debito;8;;0;4,3;1246;226;1019;S;Loja Física;;;;;;;Retirada na loja;
PA-2024-02169;01/01/2024 01:00 AM;01/01/2024 06:00 AM;PATA AMIGA PALHOCA;LJ-019;Pagani;racao;boleto;5;0;0;11.5;R$ 1.130,10;314,17;815,93;sim;App;2024-01-02;2024-01-02;2024-01-05;2024-01-07;22,55;Correios;Entregue;cliente pediu entrega no periodo da tarde
PA-2024-02158;01/01/2024 01:12 AM;01/01/2024 06:12 AM;Pata Amiga Blumenau Centro;LJ-001;Salto do Norte;PETISCO;Pix;3;;0;3,1;R$ 87,31;0,00;R$ 87,31;false;APP;2024-01-04;2024-01-04;2024-01-08;;;Rapido Catarinense;Despachado - em transito;
PA-2023-02141;12/31/2023 09:30 PM;01/01/2024 07:30 AM;pata amiga ituporanga;LJ-010;Centro;Servicos;PIX;;0;0;1,4;88;0.00;88.83;;Loja Fisica;;;;;;;Retirada na loja;pedido recorrente
PA-2024-02172;01/01/2024 08:07 AM;01/01/2024 08:27 AM;PATA AMIGA CRICIUMA;LJ-021;Prospera;PETISCO;Cartão de Crédito;1;0;0;2,4;R$ 33,27;;R$ 33,17;;App;2024-01-03;2024-01-03;2024-01-08;2024-01-11;R$ 12,78;Correios;Entregue;
PA-2024-02165;01/01/2024 08:05 AM;01/01/2024 09:25 AM;Pata Amiga São Jose Kobrasol;LJ-018;;racao;Boleto;-;;0;4.9;1172;325.89;846,38;X;SITE;2024-01-03;2024-01-04;;;;TransPet Log;Aguardando despacho;
PA-2024-02167;01/01/2024 10:38 AM;01/01/2024 11:28 AM;pata amiga palhoca;LJ-019;;PETISCO;CARTAO DE DEBITO;10;0;0;35.1;R$ 337,34;93,78;R$ 243,56;V;APP;2024-01-03;2024-01-04;2024-01-08;2024-01-11;104,92;Entrega Expressa SC;Entregue;produto fora de linha - substituido
PA-2024-02171;01/01/2024 06:47 AM;01/01/2024 11:47 AM;pata amiga palhoca;LJ-019;Ponte do Imaruim;RACAO;pix;14;1;0;48.7;1.636,30;R$ 454,89;1181.41;V;Loja Fisica;;;;;;;Retirada na loja;
PA-2024-02159;01/01/2024 03:07 PM;01/01/2024 03:27 PM;Pata Amiga Rio do Sul;;Barragem;RAÇÃO;Dinheiro;7;1;;13.3;752;R$ 76,02;676,70;V;LOJA FISICA;;;;;;;Retirada na loja;produto fora de linha - substituido
PA-2024-02161;01/01/2024 08:00 AM;01/01/2024 06:00 PM;Pata Amiga Sao Jose Kobrasol/SC;;;Ração Medicamentosa;vale pet;10;0;0;40.8;R$ 1.399,91;R$ 389,17;R$ 1.010,74;true;Loja Física;;;;;;;Retirada na loja;conferir endereco com o cliente
PA-2024-02163;01/01/2024 05:45 PM;01/01/2024 06:35 PM;Pata Amiga Sao Jose Kobrasol;LJ-018;Campinas;RAÇÃO;Pix;7;1;;6,2;R$ 1.462,73;406,64;R$ 1.056,09;SIM;Loja Física;;;;;;;Retirada na loja;
PA-2024-02160;01/01/2024 04:45 PM;01/01/2024 07:45 PM;pata amiga joinville sul;LJ-013;Jarivatuba;BRINQUEDO;BOLETO;2;0;0;8.1;138.37;R$ 0,00;;Nao;site;2024-01-02;;;;;Logistica Propria;Aguardando nota fiscal;
PA-2024-02170;01/01/2024 08:40 PM;01/01/2024 09:00 PM;pata amiga palhoca;;Passa Vinte;Ração;pix;7;1;0;29.0;R$ 1.039,53;R$ 288,99;750,54;S;loja fisica;;;;;;;Retirada na loja;conferir endereco com o cliente
PA-2024-02164;01/01/2024 06:35 PM;01/01/2024 11:35 PM;Pata Amiga São José Kobrasol;;Campinas;medicamento;Especie;5;0;0;9.9;;126,04;R$ 327,33;true;SITE;2024-01-04;2024-01-05;2024-01-09;;;Correios;Despachado - em transito;cliente pediu entrega no periodo da tarde
PA-2024-02168;01/01/2024 10:50 PM;01/02/2024 12:10 AM;pata amiga palhoca;LJ-019;Guarda do Cubatao;Petisco;Cartao de Debito;8;1;0;30,4;R$ 277,60;R$ 77,17;;1;;2024-01-03;2024-01-03;2024-01-04;2024-01-06;50.96;Entrega Expressa SC;Entregue;
PA-2024-02176;01/02/2024 12:45 AM;01/02/2024 12:55 AM;PATA AMIGA JARAGUA DO SUL;LJ-014;Ilha da Figueira;ACESSORIO;Credito;3;0;0;7.5;R$ 358,58;R$ 65,62;292,96;V;APP;2024-01-04;2024-01-04;2024-01-06;2024-01-08;R$ 26,41;Rapido Catarinense;Entregue;pedido recorrente
PA-2024-02173;01/02/2024 01:50 AM;01/02/2024 03:50 AM; Pata Amiga Rio do Sul;;Sumare;SERVICO;pix;2;0;0;7,7;;0.00;R$ 269,55;;Site;2024-01-03;2024-01-04;2024-01-05;2024-01-08;20,25;Rapido Catarinense;Entregue;cliente pediu entrega no periodo da tarde
PA-2024-02166;01/01/2024 07:25 PM;01/02/2024 05:25 AM;Pata Amiga Palhoca;;Guarda do Cubatao;Med.;CARTAO DE CREDITO;7;0;0;3,3;R$ 590,06;R$ 164,04;R$ 426,02;sim;App;2024-01-04;2024-01-04;2024-01-06;2024-01-08;R$ 11,07;TransPet Log;Entregue;pedido recorrente
PA-2024-02182;01/02/2024 03:38 AM;01/02/2024 05:38 AM;PATA AMIGA LAGES;LJ-025;Habitacao;Brinquedos;dinheiro;10;0;0;21.4;744,81;R$ 147,47;R$ 597,34;V;;;;;;;;Retirada na loja;conferir endereco com o cliente
PA-2024-02175;01/02/2024 12:52 AM;01/02/2024 05:52 AM; Pata Amiga Gaspar;;Gasparinho;PETISCO;Debito;3;n/d;1;8,8;156,15;0,00;R$ 156,15;Não;site;2024-01-04;2024-01-05;2024-01-09;;;Correios;Despachado - em transito;cliente pediu entrega no periodo da tarde
PA-2024-02184;01/02/2024 05:00 AM;01/02/2024 06:20 AM;Pata Amiga Otacilio  Costa;LJ-027;Centro;Medicamento;CARTAO DE CREDITO;-;0;0;6.8;519,78;R$ 102,92;R$ 416,86;sim;Loja Fisica;;;;;;;Retirada na loja;
PA-2024-02183;01/02/2024 10:35 AM;01/02/2024 10:55 AM;pata amiga lages;;Centro;Med.;Vale Pet;3;0;1;3,6;190,25;R$ 37,67;152.58;1;APP;2024-01-04;2024-01-04;2024-01-08;2024-01-10;11;Logistica Propria;Entregue;conferir endereco com o cliente
PA-2024-02174;01/02/2024 11:25 AM;01/02/2024 11:45 AM;pata amiga itajai praia;LJ-003;Cabecudas;SERVICO;Cartão de Crédito;6;0;0;16,8;R$ 1.048,51;91,22;957,29;S;site;;;;;;;Pedido cancelado;
PA-2024-02177;01/02/2024 12:15 PM;01/02/2024 12:35 PM;Pata Amiga Jaraguá do Sul;LJ-014;Centro;PETISCO;Credito;11;1;0;31.0;560,41;102.56;457,85;1;App Pata Amiga;2024-01-03;2024-01-04;2024-01-06;2024-01-07;47.32;Correios;Entregue;aguardando confirmacao de estoque
PA-2024-02178;01/02/2024 03:20 AM;01/02/2024 01:20 PM;Pata Amiga Jaragua Do Sul;LJ-014;Ilha da Figueira;Racao;BOLETO;4;0;0;14,9;783,19;143,32;639,87;1;App Pata Amiga;2024-01-04;2024-01-04;2024-01-08;2024-01-09;31,21;Entrega Expressa SC;Entregue;cliente pediu entrega no periodo da tarde
PA-2024-02179;01/02/2024 02:10 PM;01/02/2024 03:00 PM;Pata Amiga Florianópolis Norte;LJ-017;Rio Vermelho;PETISCO;Boleto;;;0;8,4;;R$ 22,81;113,80;sim;Loja Física;;;;;;;Retirada na loja;
PA-2024-02181;01/02/2024 03:05 PM;01/02/2024 08:05 PM;Pata Amiga Ararangua;LJ-023;Cidade Alta;Racao Medicamentosa;Boleto;3;;0;8.4;438,13;34,61;R$ 403,52;Sim;WhatsApp;2024-01-04;2024-01-05;2024-01-08;2024-01-10;25.14;Logistica Propria;Entregue;embalagem para presente
PA-2024-02180;01/02/2024 07:30 PM;01/02/2024 08:20 PM;pata amiga florianopolis norte;;Centro;racao;VALE PET;6;0;0;2,8;1.285,22;214,63;1.070,59;sim;app;2024-01-03;2024-01-03;2024-01-06;2024-01-08;R$ 9,21;Entrega Expressa SC;Entregue;
PA-2024-02185;01/02/2024 09:10 PM;01/02/2024 09:20 PM;Pata Amiga Curitibanos;LJ-028;Centro;brinquedo;Cartao de Debito;4;0;0;5,2;R$ 137,39;27,20;110,19;V;Loja Fisica;;;;;;;Retirada na loja;embalagem para presente
PA-2024-02202;01/03/2024 01:25 AM;01/03/2024 02:15 AM;Pata Amiga Jaragua do Sul;;Jaragua Esquerdo;Acessorios;Cartão de Crédito;3;0;0;6,4;246,85;R$ 0,00;246,85;nao;Site;2024-01-06;2024-01-06;2024-01-09;2024-01-11;R$ 12,84;Logistica Propria;Entregue;
PA-2024-02191;01/03/2024 02:07 AM;01/03/2024 02:42 AM;pata amiga itajai praia;;Sao Vicente;Racao;Credito;4;0;0;3,3;889,09;211,60;677.49;true;app;2024-01-05;2024-01-06;2024-01-11;2024-01-13;;Logistica Propria;Entregue;cliente pediu entrega no periodo da tarde
PA-2024-02196;01/03/2024 02:52 AM;01/03/2024 04:12 AM;pata amiga brusque;LJ-004;Dom Joaquim;higiene;Dinheiro;11;0;;6.5;;134;429,14;true;WhatsApp;2024-01-05;2024-01-06;2024-01-08;2024-01-09;24,36;Correios;Entregue;produto fora de linha - substituido
PA-2024-02192;01/03/2024 07:05 AM;01/03/2024 07:55 AM;Pata Amiga Itajai Praia/SC;LJ-003;Cabecudas;Petiscos;PIX;9;1;0;32.9;331,14;78;252.33;SIM;telefone;2024-01-04;2024-01-05;2024-01-07;2024-01-09;R$ 88,65;TransPet Log;Entregue;embalagem para presente
PA-2024-02187;01/03/2024 07:55 AM;01/03/2024 08:05 AM;PATA AMIGA ITAJAÍ PRAIA;;Fazenda;RACAO;Vale Pet;4;0;0;4.0;840,19;199.97;R$ 640,22;sim;WhatsApp;2024-01-05;2024-01-06;;;;Correios;Aguardando despacho;
PA-2024-02200;01/03/2024 08:40 AM;01/03/2024 08:50 AM; Pata Amiga Gaspar;;Poco Grande;Hig.;Cartão de Crédito;2;0;0;5.4;108;0;108,45;false;app;2024-01-05;2024-01-06;2024-01-08;2024-01-09;R$ 21,00;Rapido Catarinense;Entregue;pedido recorrente
PA-2024-02203;01/03/2024 08:35 AM;01/03/2024 08:55 AM;Pata Amiga Florianópolis Norte;LJ-017;Ingleses;Petisco;Cartão de Crédito;1;0;0;1.4;30,24;R$ 0,00;R$ 30,24;F;Site;2024-01-06;2024-01-06;2024-01-09;2024-01-10;6,67;Rapido Catarinense;Entregue;
PA-2024-02205;01/03/2024 11:40 AM;01/03/2024 12:30 PM;pata amiga criciuma;;;Hig.;Cartão de Crédito;3;0;0;11.1;R$ 102,61;0;102.61;;APP;2024-01-05;2024-01-05;2024-01-10;2024-01-12;R$ 38,84;Rapido Catarinense;Entregue;
PA-2024-02195;01/03/2024 01:40 PM;01/03/2024 02:30 PM;Pata Amiga Brusque;;Santa Terezinha;medicamento;dinheiro;10;0;0;9.0;1.017,70;R$ 242,21;775.49;1;LOJA FISICA;;;;;;;Retirada na loja;aguardando confirmacao de estoque
PA-2024-02190;01/03/2024 12:52 PM;01/03/2024 02:52 PM;PATA AMIGA ITAJAÍ PRAIA;;Fazenda;racao;Cartão de Crédito;8;0;0;19.3;1.195,93;284.63;R$ 911,30;Sim;Tel.;2024-01-05;2024-01-06;2024-01-07;2024-01-10;55;Rapido Catarinense;Entregue;conferir endereco com o cliente
PA-2024-02198;01/03/2024 01:20 PM;01/03/2024 03:20 PM; Pata Amiga Brusque;;Dom Joaquim;Medicamento;vale pet;7;0;0;27.4;R$ 921,97;219,43;702;1;App;2024-01-04;2024-01-05;;;;Logistica Propria;Aguardando despacho;conferir endereco com o cliente
PA-2024-02197;01/03/2024 05:10 PM;01/03/2024 06:30 PM;PATA AMIGA BRUSQUE;LJ-004;Aguas Claras;Higiene;VALE PET;6;0;0;11.7;283,28;67,42;R$ 215,86;V;site;2024-01-05;2024-01-06;2024-01-11;;;Rapido Catarinense;Despachado - em transito;produto fora de linha - substituido
PA-2024-02206;01/03/2024 03:10 PM;01/03/2024 08:10 PM;Pata Amiga Ararangua;LJ-023;Centro;servico;dinheiro;3;0;0;2,9;366,10;0,00;366,10;N;app;2024-01-05;2024-01-06;2024-01-09;2024-01-12;12,79;Logistica Propria;Entregue;
PA-2024-02194;01/03/2024 08:30 PM;01/03/2024 08:50 PM;PATA AMIGA BRUSQUE;;Santa Terezinha;Petiscos;PIX;4;0;1;15,8;172,03;40,94;131,09;sim;;2024-01-05;2024-01-05;2024-01-10;2024-01-12;49.77;Correios;Entregue;aguardando confirmacao de estoque
PA-2024-02207;01/03/2024 08:10 PM;01/03/2024 09:00 PM;Pata Amiga Otacilio Costa;LJ-027;Bela Vista;petisco;Dinheiro;2;0;0;2.1;104,70;0;104;0;;2024-01-07;2024-01-08;;;;Rapido Catarinense;Aguardando despacho;produto fora de linha - substituido
PA-2024-02193;01/03/2024 09:25 PM;01/03/2024 10:00 PM;PATA AMIGA ITAJAÍ PRAIA;;Itaipava;Med.;Cartao de Credito;8;1;1;12.7;602;R$ 143,35;458,98;SIM;WhatsApp;2024-01-04;2024-01-04;2024-01-08;2024-01-09;R$ 26,84;TransPet Log;Entregue;
PA-2024-02188;01/03/2024 08:20 PM;01/03/2024 10:20 PM;PATA AMIGA ITAJAI PRAIA;LJ-003;Itaipava;Medicamentos;Cartão de Débito;9;0;0;23.2;1.179,69;R$ 280,77;898,92;true;telefone;2024-01-06;2024-01-06;2024-01-09;2024-01-12;R$ 68,44;Logistica Propria;Entregue;cliente pediu entrega no periodo da tarde
PA-2024-02199;01/03/2024 09:47 PM;01/03/2024 10:37 PM;Pata Amiga Brusque;;;racao;VALE PET;4;0;0;7,3;R$ 730,06;173.75;556;1;WhatsApp;2024-01-05;2024-01-06;2024-01-08;2024-01-09;23,76;Entrega Expressa SC;Entregue;
PA-2024-02186;01/03/2024 09:45 PM;01/03/2024 11:05 PM;Pata Amiga Blumenau Centro;;Itoupava Norte;Petiscos;Pix;2;0;0;7.5;49.35;0,00;R$ 49,35;F;;2024-01-05;;;;;Logistica Propria;Aguardando nota fiscal;conferir endereco com o cliente
PA-2024-02201;01/03/2024 10:55 PM;01/03/2024 11:15 PM;pata amiga ibirama;;Centro;acessorio;vale pet;1;0;0;2,4;57,32;0.92;-;SIM;Whatsapp;2024-01-08;2024-01-08;2024-01-14;2024-01-17;7,95;TransPet Log;Entregue;aguardando confirmacao de estoque
PA-2024-02244;01/04/2024 12:20 AM;01/04/2024 12:30 AM;Pata Amiga Laguna;;;Higiene e Beleza;dinheiro;10;1;0;29.6;379.17;129.68;249,49;SIM;Tel.;2024-01-05;2024-01-07;2024-01-09;2024-01-12;R$ 102,06;Correios;Entregue;conferir endereco com o cliente
PA-2024-02189;01/03/2024 09:50 PM;01/04/2024 12:50 AM;PATA AMIGA ITAJAÍ PRAIA;;Cabecudas;Med.;Vale Pet;11;1;0;41,7;1.370,55;326,19;1.044,36;S;App;2024-01-06;2024-01-07;;;;Logistica Propria;Aguardando despacho;cliente pediu entrega no periodo da tarde
PA-2024-02241;01/04/2024 12:15 AM;01/04/2024 12:50 AM;PATA AMIGA TUBARAO;;Centro;Ração;Especie;11;0;0;29.1;1140;389,91;750;1;WHATSAPP;2024-01-07;2024-01-08;;;;Rapido Catarinense;Aguardando despacho;conferir endereco com o cliente
PA-2024-02215;01/04/2024 01:38 AM;01/04/2024 01:58 AM;Pata Amiga Timbo;;Capitais;Ração Medicamentosa;VALE PET;10;0;1;37.9;-;R$ 306,12;331;S;APP;2024-01-06;2024-01-06;2024-01-13;2024-01-15;R$ 52,51;Correios;Entregue;
PA-2024-02227;01/04/2024 02:47 AM;01/04/2024 02:57 AM;Pata Amiga Ibirama/SC;LJ-011;Nossa Senhora de Fatima;Medicamento;Cartão de Crédito;6;0;0;4.8;845,18;194.39;650,79;true;App;;;;;;;Pedido cancelado;cliente pediu entrega no periodo da tarde
PA-2024-02219;01/04/2024 02:55 AM;01/04/2024 03:45 AM;pata amiga indaial;LJ-006;Warnow;Ração Medicamentosa;PIX;13;1;0;51.7;1.807,96;867,82;940,14;S;LOJA FISICA;;;;;;;Retirada na loja;conferir endereco com o cliente
PA-2024-02239;01/04/2024 03:52 AM;01/04/2024 04:02 AM;pata amiga tubarao;;Oficinas;racao;PIX;7;0;0;21.1;1.602,17;547;R$ 1.054,23;S;WhatsApp;2024-01-05;2024-01-05;2024-01-11;2024-01-12;47;Entrega Expressa SC;Entregue;conferir endereco com o cliente
PA-2024-02236;01/04/2024 04:00 AM;01/04/2024 04:50 AM;pata amiga tubarao;LJ-022;;Medicamentos;dinheiro;16;0;0;49.3;;493.89;950,22;sim;loja fisica;;;;;;;Retirada na loja;pedido recorrente
PA-2024-02235;01/04/2024 03:52 AM;01/04/2024 05:52 AM;Pata Amiga Palhoca;LJ-019;Passa Vinte;petisco;Pix;-;;0;3.5;R$ 31,25;0.00;R$ 31,25;N;SITE;2024-01-06;2024-01-07;2024-01-10;;;Logistica Propria;Despachado - em transito;aguardando confirmacao de estoque
PA-2024-02248;01/04/2024 05:40 AM;01/04/2024 06:15 AM;Pata Amiga Concórdia;;Nacoes;Med.;DINHEIRO;6;0;0;15,1;R$ 488,24;91,79;396;1;whatsapp;2024-01-06;2024-01-07;2024-01-08;2024-01-10;51,09;Rapido Catarinense;Entregue;conferir endereco com o cliente
PA-2024-02240;01/04/2024 06:00 AM;01/04/2024 08:00 AM;PATA AMIGA TUBARAO;;Oficinas;Ração Medicamentosa;Boleto;;0;0;7,4;588,18;201,16;387.02;1;app;2024-01-05;2024-01-05;2024-01-09;2024-01-10;24,38;Rapido Catarinense;Entregue;
PA-2024-02204;01/03/2024 10:23 PM;01/04/2024 08:23 AM;Pata Amiga Sao Jose Kobrasol/SC;LJ-018;Forquilhinhas;racao;Pix;1;0;0;2.7;201.84;0,00;201.84;Não;Loja Fisica;;;;;;;Retirada na loja;embalagem para presente
PA-2024-02213;01/04/2024 08:35 AM;01/04/2024 09:25 AM;PATA AMIGA TIMBO;LJ-005;Capitais;Med.;Credito;14;0;1;27,8;1.260,97;605,27;R$ 655,70;V;App Pata Amiga;;;;;;;Pedido cancelado;conferir endereco com o cliente
PA-2024-02242;01/04/2024 04:35 AM;01/04/2024 09:35 AM;pata amiga laguna;;Ponta das Pedras;Med.;Cartao de Credito;8;1;0;4.6;873.44;298.72;R$ 574,72;true;Site;2024-01-05;2024-01-05;2024-01-06;2024-01-09;14,02;TransPet Log;Entregue;conferir endereco com o cliente
PA-2024-02245;01/04/2024 06:38 AM;01/04/2024 09:38 AM;pata amiga laguna;;Centro;RAÇÃO;dinheiro;10;0;;22,0;1.065,22;364.31;700,91;S;TELEFONE;2024-01-07;2024-01-07;2024-01-08;2024-01-10;59,21;Correios;Entregue;
PA-2024-02247;01/04/2024 08:23 AM;01/04/2024 09:43 AM;pata amiga laguna;LJ-024;Magalhaes;Ração;Especie;8;1;0;16.1;R$ 1.174,09;401.54;R$ 772,55;Sim;site;2024-01-07;2024-01-08;2024-01-10;2024-01-12;;Logistica Propria;Entregue;
PA-2024-02224;01/04/2024 08:35 AM;01/04/2024 09:55 AM;PATA AMIGA PRESIDENTE GETULIO;LJ-008;Alto Dona Luiza;Ração Medicamentosa;Boleto;10;0;0;9.5;833;191.61;641.49;;App;2024-01-07;;;;;TransPet Log;Aguardando nota fiscal;pedido recorrente
PA-2024-02232;01/04/2024 09:40 AM;01/04/2024 11:00 AM;Pata Amiga Rio dos Cedros;;Centro;Higiene e Beleza;CARTAO DE DEBITO;16;0;0;44,9;537;258;R$ 279,61;S;app;2024-01-05;2024-01-06;2024-01-15;2024-01-18;R$ 127,42;Logistica Propria;Entregue;cliente pediu entrega no periodo da tarde
PA-2024-02211;01/04/2024 06:47 AM;01/04/2024 11:47 AM;Pata Amiga Timbo;LJ-005;Araponguinhas;Higiene;DINHEIRO;11;1;;15.4;515,75;247,56;R$ 268,19;;App;2024-01-06;2024-01-07;2024-01-09;2024-01-11;23,83;Rapido Catarinense;Entregue;cliente pediu entrega no periodo da tarde
PA-2024-02217;01/04/2024 02:15 AM;01/04/2024 12:15 PM;Pata Amiga Indaial;LJ-006;Nacoes;Higiene;Vale Pet;-;2;0;46.7;868;416,90;451,64;sim;SITE;2024-01-05;2024-01-06;2024-01-07;2024-01-10;R$ 130,23;TransPet Log;Entregue;conferir endereco com o cliente
PA-2024-02223;01/04/2024 11:00 AM;01/04/2024 12:20 PM;Pata Amiga Indaial;LJ-006;Nacoes;RAÇÃO;Vale Pet;9;0;0;23.0;1.547,47;R$ 742,79;R$ 804,68;true;;2024-01-06;2024-01-07;2024-01-10;2024-01-11;R$ 43,90;Correios;Entregue;produto fora de linha - substituido
PA-2024-02228;01/04/2024 11:07 AM;01/04/2024 01:07 PM;Pata Amiga Ibirama;;Nossa Senhora de Fatima;Petiscos;Debito;4;0;n/d;10.3;;R$ 20,02;67.02;1;APP;2024-01-06;2024-01-07;2024-01-13;;;Entrega Expressa SC;Despachado - em transito;
PA-2024-02212;01/04/2024 01:05 PM;01/04/2024 01:15 PM;Pata Amiga Timbó;LJ-005;Centro;Racao Medicamentosa;Especie;12;1;0;11.3;1.545,17;741.68;803.49;sim;;2024-01-06;2024-01-07;;;;Rapido Catarinense;Aguardando despacho;
PA-2024-02221;01/04/2024 01:35 PM;01/04/2024 01:45 PM;Pata Amiga Indaial;LJ-006;Nacoes;Petiscos;vale pet;11;1;0;45.1;R$ 304,22;146,03;158.19;Sim;WHATSAPP;2024-01-06;2024-01-07;2024-01-10;2024-01-12;62.49;Entrega Expressa SC;Entregue;
PA-2024-02208;01/04/2024 02:12 PM;01/04/2024 02:32 PM;PATA AMIGA BLUMENAU CENTRO;LJ-001;Vorstadt;Acessório;pix;4;0;0;11,3;270.37;0;R$ 270,37;Não;Site;2024-01-06;2024-01-06;2024-01-09;2024-01-11;R$ 33,57;Rapido Catarinense;Entregue;conferir endereco com o cliente
PA-2024-02243;01/04/2024 12:20 PM;01/04/2024 03:20 PM;pata amiga laguna;;Ponta das Pedras;RACAO;Cartão de Crédito;9;1;0;4.3;R$ 1.029,86;352.21;677,65;V;Loja Fisica;;;;;;;Retirada na loja;
PA-2024-02231;01/04/2024 05:55 AM;01/04/2024 03:55 PM;Pata Amiga Rio dos cedros;;Palmeiras;Rac.;CARTAO DE CREDITO;16;-;0;32,2;2.902,67;1393.28;1.509,39;X;;2024-01-07;2024-01-08;2024-01-15;2024-01-17;94,20;Correios;Entregue;
PA-2024-02214;01/04/2024 03:50 PM;01/04/2024 04:10 PM;Pata Amiga Timbó;LJ-005;Capitais;RACAO;Cartão de Crédito;13;1;;23.1;2639;R$ 1.266,96;R$ 1.372,55;1;APP;2024-01-07;;;;;Entrega Expressa SC;Aguardando nota fiscal;conferir endereco com o cliente
PA-2024-02238;01/04/2024 03:05 PM;01/04/2024 04:25 PM;PATA AMIGA TUBARAO;;;Racao Seca;PIX;5;0;0;4.5;R$ 940,23;321,56;R$ 618,67;V;WhatsApp;2024-01-06;2024-01-07;2024-01-10;2024-01-11;11,39;Logistica Propria;Entregue;embalagem para presente
PA-2024-02237;01/04/2024 05:50 PM;01/04/2024 06:10 PM;Pata Amiga Tubarão;;Passagem;Higiene;vale pet;3;0;0;9.0;R$ 83,71;28,63;55;V;WHATSAPP;2024-01-06;2024-01-07;2024-01-08;2024-01-11;R$ 14,95;TransPet Log;Entregue;embalagem para presente
PA-2024-02230;01/04/2024 06:55 PM;01/04/2024 07:05 PM;PATA AMIGA RIO DOS CEDROS;LJ-012;Palmeiras;Rac.;vale pet;14;1;0;26,7;1649.82;791;R$ 857,91;Sim;;2024-01-07;2024-01-07;2024-01-14;2024-01-19;R$ 53,95;Logistica Propria;Entregue;
PA-2024-02225;01/04/2024 05:12 PM;01/04/2024 07:12 PM;PATA AMIGA PRESIDENTE GETULIO;LJ-008;Alto Dona Luiza;Ração;Pix;5;0;2;19.8;R$ 1.107,71;R$ 254,77;852.94;sim;site;;;;;;;Pedido cancelado;cliente pediu entrega no periodo da tarde
PA-2024-02210;01/04/2024 06:23 PM;01/04/2024 07:13 PM;PATA AMIGA TIMBO;;Araponguinhas;Racao;Dinheiro;8;1;;27.8;848,68;R$ 407,37;441,31;;App;2024-01-05;2024-01-05;2024-01-09;2024-01-12;R$ 45,06;TransPet Log;Entregue;embalagem para presente
PA-2024-02226;01/04/2024 08:15 PM;01/04/2024 08:35 PM;pata amiga ibirama;LJ-011;Centro;medicamento;BOLETO;5;0;2;6,4;310.06;71,31;238,75;Sim;;2024-01-07;2024-01-08;2024-01-17;2024-01-20;25;TransPet Log;Entregue;conferir endereco com o cliente
PA-2024-02209;01/04/2024 08:00 PM;01/04/2024 09:20 PM;Pata Amiga Timbó;;Capitais;Racao Seca;VALE PET;11;0;0;35.4;R$ 1.139,44;546,93;R$ 592,51;Sim;Loja Física;;;;;;;Retirada na loja;
PA-2024-02229;01/04/2024 06:20 PM;01/04/2024 09:20 PM;Pata Amiga Rio dos Cedros;LJ-012;Palmeiras;Ração;PIX;8;0;0;14,7;R$ 738,77;354.61;384,16;V;Loja Física;;;;;;;Retirada na loja;
PA-2024-02246;01/04/2024 05:52 PM;01/04/2024 10:52 PM;Pata Amiga Laguna;LJ-024;Magalhaes;RACAO;Dinheiro;10;0;0;35,5;1.377,63;R$ 471,15;906.48;Sim;Loja Fisica;;;;;;;Retirada na loja;
PA-2024-02218;01/04/2024 09:20 PM;01/04/2024 11:20 PM;Pata Amiga Indaial;LJ-006;Encano;petisco;dinheiro;;0;2;32.9;R$ 428,27;205,57;222,70;1;SITE;;;;;;;Pedido cancelado;
PA-2024-02222;01/04/2024 09:30 PM;01/04/2024 11:30 PM;PATA AMIGA INDAIAL;LJ-006;Warnow;racao;CARTAO DE DEBITO;8;0;0;31.3;R$ 1.647,08;R$ 790,60;856.48;sim;LOJA FISICA;;;;;;;Retirada na loja;pedido recorrente
PA-2024-02234;01/04/2024 11:07 PM;01/05/2024 01:07 AM;Pata Amiga Sao Jose Kobrasol;LJ-018;Forquilhinhas;Acessorio;Especie;3;0;0;11.8;224,01;0.00;R$ 224,01;N;;;;;;;;Retirada na loja;
PA-2024-02257;01/05/2024 01:15 AM;01/05/2024 01:35 AM;Pata Amiga Sao Jose Kobrasol;;Forquilhinhas;RAÇÃO;Especie;2;0;0;5.5;422,82;0;421.97;true;App Pata Amiga;2024-01-07;;;;;Logistica Propria;Aguardando nota fiscal;cliente pediu entrega no periodo da tarde
PA-2024-02216;01/04/2024 11:55 PM;01/05/2024 02:55 AM;Pata Amiga Indaial;;Encano;Ração;Debito;11;0;;14.8;R$ 2.437,14;1.169,83;1.267,31;1;Site;2024-01-07;2024-01-08;2024-01-12;;;Correios;Despachado - em transito;
PA-2024-02233;01/04/2024 10:20 PM;01/05/2024 03:20 AM;pata amiga joinville sul;;Boa Vista;SERVICO;PIX;2;0;0;3.8;300.52;0,00;300,52;Nao;Site;;;;;;;Pedido cancelado;
PA-2024-02256;01/05/2024 02:38 AM;01/05/2024 03:28 AM;Pata Amiga São Bento do Sul;LJ-015;Serra Alta;Brinquedos;Dinheiro;4;0;0;2.3;131,43;15,90;R$ 115,53;Sim;;2024-01-08;2024-01-09;2024-01-11;2024-01-13;11.54;Entrega Expressa SC;Entregue;cliente pediu entrega no periodo da tarde
PA-2024-02258;01/05/2024 04:38 AM;01/05/2024 04:58 AM;Pata Amiga Araranguá;;;Higiene;vale pet;3;0;;8,6;84,65;4,83;R$ 79,82;V;Loja Fisica;;;;;;;Retirada na loja;
PA-2024-02249;01/05/2024 05:10 AM;01/05/2024 05:45 AM;Pata Amiga Indaial;;;Servico;BOLETO;3;0;n/d;1.5;466,03;5,13;R$ 460,90;SIM;Site;2024-01-06;2024-01-07;2024-01-10;2024-01-11;7,50;Logistica Propria;Entregue;pedido recorrente
PA-2024-02251;01/05/2024 04:15 AM;01/05/2024 06:15 AM;Pata Amiga Taió;LJ-009;Centro;Racao;boleto;4;0;0;8,7;811,57;R$ 57,62;753,95;sim;App;2024-01-07;2024-01-07;2024-01-22;2024-01-25;28;Rapido Catarinense;Entregue;aguardando confirmacao de estoque
PA-2024-02220;01/04/2024 09:30 PM;01/05/2024 07:30 AM;pata amiga indaial;LJ-006;Encano;RACAO;Boleto;-;0;0;21.6;R$ 2.060,74;R$ 989,16;1071.58;Sim;App Pata Amiga;2024-01-08;2024-01-09;2024-01-13;2024-01-16;75,78;Correios;Entregue;aguardando confirmacao de estoque
PA-2024-02250;01/05/2024 04:23 AM;01/05/2024 09:23 AM;pata amiga gaspar;LJ-007;Figueira;Ração Medicamentosa;pix;1;0;0;1,4;R$ 94,69;0,00;R$ 94,69;Nao;WHATSAPP;;;;;;;Pedido cancelado;embalagem para presente
PA-2024-02254;01/05/2024 11:30 AM;01/05/2024 11:50 AM;Pata Amiga Joinville Sul;LJ-013;Aventureiro;ACESSORIO;DINHEIRO;10;1;0;7.5;R$ 955,38;115.60;839,78;V;Loja Física;;;;;;;Retirada na loja;
PA-2024-02253;01/05/2024 06:55 AM;01/05/2024 11:55 AM;Pata Amiga Joinville Sul/SC;LJ-013;Jarivatuba;Petisco;vale pet;7;;0;9.8;312,06;37,76;R$ 274,30;V;App;2024-01-06;2024-01-06;2024-01-09;2024-01-11;19,11;TransPet Log;Entregue;produto fora de linha - substituido
PA-2024-02252;01/05/2024 03:47 PM;01/05/2024 06:47 PM;Pata Amiga Joinville Sul;;Jarivatuba;Rac.;PIX;-;0;0;4.4;1226.79;148,44;1078;true;Site;2024-01-07;2024-01-08;;;;Logistica Propria;Aguardando despacho;
PA-2024-02259;01/05/2024 03:05 PM;01/05/2024 08:05 PM;Pata Amiga Lages;LJ-025;Guarujal;PETISCO;BOLETO;5;0;;15.7;106,77;9;97,69;SIM;Whatsapp;2024-01-07;2024-01-08;2024-01-10;2024-01-12;35,74;Correios;Entregue;pedido recorrente
PA-2024-02255;01/05/2024 09:45 PM;01/05/2024 09:55 PM;PATA AMIGA JOINVILLE SUL;LJ-013;Aventureiro;Petisco;BOLETO;3;0;0;9.8;120;14.62;106;V;Telefone;2024-01-06;2024-01-07;2024-01-09;2024-01-11;24,80;TransPet Log;Entregue;pedido recorrente
PA-2024-02284;01/06/2024 01:52 AM;01/06/2024 02:02 AM;Pata Amiga Concordia;LJ-030;Nacoes;BRINQUEDO;BOLETO;6;0;0;3.8;R$ 430,72;52,12;378,60;V;APP;;;;;;;Pedido cancelado;
PA-2024-02276;01/06/2024 12:12 AM;01/06/2024 05:12 AM;pata amiga indaial;;Warnow;Higiene e Beleza;PIX;3;;0;6,0;-;29,22;R$ 141,66;SIM;App;2024-01-07;2024-01-07;2024-01-09;2024-01-13;R$ 19,97;Correios;Entregue;cliente pediu entrega no periodo da tarde
PA-2024-02268;01/06/2024 06:05 AM;01/06/2024 06:55 AM;pata amiga brusque;LJ-004;Aguas Claras;Hig.;Credito;7;n/d;0;14.4;R$ 235,49;55.10;180.39;V;telefone;2024-01-07;2024-01-07;2024-01-09;2024-01-12;30,79;Entrega Expressa SC;Entregue;conferir endereco com o cliente
PA-2024-02271;01/06/2024 06:07 AM;01/06/2024 08:07 AM;pata amiga brusque;LJ-004;Aguas Claras;petisco;PIX;7;1;0;22,6;R$ 329,87;77.19;252,68;1;LOJA FISICA;;;;;;;Retirada na loja;
PA-2024-02260;01/06/2024 09:10 AM;01/06/2024 09:45 AM;pata amiga blumenau centro;;Ribeirao Fresco;Racao Medicamentosa;CARTAO DE DEBITO;5;0;0;10.8;729;67.85;661,71;V;LOJA FISICA;;;;;;;Retirada na loja;
PA-2024-02263;01/06/2024 05:55 AM;01/06/2024 10:55 AM;PATA AMIGA ITAJAI PRAIA;LJ-003;Cordeiros;petisco;CARTAO DE DEBITO;9;1;;8.8;425.96;99.67;326,29;sim;app;2024-01-07;2024-01-08;2024-01-09;2024-01-11;17,88;Logistica Propria;Entregue;
PA-2024-02269;01/06/2024 10:35 AM;01/06/2024 10:55 AM; Pata Amiga Brusque;LJ-004;Santa Terezinha;racao;Debito;4;0;1;16.0;796,13;186,29;R$ 609,84;SIM;Site;2024-01-08;2024-01-09;2024-01-14;2024-01-16;;Correios;Entregue;
PA-2024-02277;01/06/2024 09:05 AM;01/06/2024 11:05 AM;Pata Amiga Rio dos Cedros;LJ-012;Centro;Racao;BOLETO;2;0;0;1.2;402.07;68,75;333,32;V;App;2024-01-07;2024-01-07;2024-01-17;;;Rapido Catarinense;Despachado - em transito;
PA-2024-02261;01/06/2024 02:30 PM;01/06/2024 02:40 PM;Pata Amiga Itajai Praia/SC;;Itaipava;Rac.;VALE PET;9;1;0;11,5;R$ 1.146,12;268;877;S;Site;2024-01-08;2024-01-08;2024-01-11;;;Logistica Propria;Despachado - em transito;
PA-2024-02275;01/06/2024 03:15 PM;01/06/2024 03:50 PM;Pata Amiga Indaial;;Encano;Rac.;boleto;4;0;0;4.7;902;154,32;;true;APP;2024-01-08;2024-01-09;2024-01-14;2024-01-17;18.75;Rapido Catarinense;Entregue;aguardando confirmacao de estoque
PA-2024-02264;01/06/2024 06:40 AM;01/06/2024 04:40 PM;Pata Amiga Itajaí Praia;LJ-003;Itaipava;Racao;BOLETO;14;0;0;18,7;3.018,20;706,26;2.311,94;;App Pata Amiga;2024-01-08;;;;;Entrega Expressa SC;Aguardando nota fiscal;pedido recorrente
PA-2024-02285;01/06/2024 12:25 PM;01/06/2024 05:25 PM;PATA AMIGA XANXERE;LJ-031;Centro;ACESSORIO;Cartao de Debito;2;0;0;0,9;116,42;14.09;102,33;V;SITE;2024-01-09;2024-01-10;2024-01-14;2024-01-16;7.08;Correios;Entregue;
PA-2024-02272;01/06/2024 04:07 PM;01/06/2024 06:07 PM;pata amiga brusque;LJ-004;Limeira;HIGIENE;DINHEIRO;6;0;0;6,7;159,96;37,43;R$ 122,53;S;app;2024-01-08;2024-01-10;2024-01-14;2024-01-15;21,32;TransPet Log;Entregue;pedido recorrente
PA-2024-02273;01/06/2024 07:55 PM;01/06/2024 08:05 PM; Pata Amiga Brusque;LJ-004;Limeira;Petiscos;Cartao de Credito;6;0;0;22.9;200,16;46,84;R$ 153,32;S;App Pata Amiga;2024-01-07;2024-01-08;2024-01-12;2024-01-14;48,83;Correios;Entregue;
PA-2024-02279;01/06/2024 08:25 PM;01/06/2024 08:35 PM;Pata Amiga Florianópolis Norte;LJ-017;Centro;Ração;dinheiro;2;0;0;1,8;218.23;0,00;R$ 218,23;N;Site;2024-01-08;2024-01-08;;;;Correios;Aguardando despacho;cliente pediu entrega no periodo da tarde
PA-2024-02267;01/06/2024 10:45 AM;01/06/2024 08:45 PM;PATA AMIGA ITAJAI PRAIA;;Cordeiros;Petisco;pix;5;0;0;9,1;R$ 256,53;60.03;R$ 196,50;S;Tel.;2024-01-07;2024-01-08;2024-01-11;2024-01-12;33,72;Correios;Entregue;conferir endereco com o cliente
PA-2024-02270;01/06/2024 06:52 PM;01/06/2024 09:52 PM;Pata Amiga Brusque;LJ-004;Limeira;higiene;vale pet;;0;;10,9;436,98;102;334,73;Sim;WHATSAPP;2024-01-08;2024-01-09;2024-01-13;2024-01-16;R$ 25,66;Logistica Propria;Entregue;pedido recorrente
PA-2024-02266;01/06/2024 09:40 PM;01/06/2024 10:00 PM;PATA AMIGA ITAJAI PRAIA;;Fazenda;Racao;Cartao de Credito;9;1;0;18.0;1.731,25;-;1.326,14;S;Whatsapp;2024-01-07;2024-01-07;2024-01-10;2024-01-12;51,65;Entrega Expressa SC;Entregue;
PA-2024-02280;01/06/2024 09:23 PM;01/06/2024 10:43 PM;Pata Amiga São José Kobrasol;LJ-018;Forquilhinhas;Servico;Vale Pet;2;0;0;4.0;173.90;12,00;161,90;S;app;2024-01-09;2024-01-09;2024-01-11;;;Entrega Expressa SC;Despachado - em transito;
PA-2024-02278;01/06/2024 11:25 PM;01/06/2024 11:35 PM;Pata Amiga São Bento do Sul;LJ-015;Serra Alta;Servico;CARTAO DE DEBITO;2;;;1,3;R$ 196,38;2,36;R$ 194,02;sim;;;;;;;;Retirada na loja;
PA-2024-02290;01/07/2024 12:40 AM;01/07/2024 01:00 AM;PATA AMIGA ITAJAI PRAIA;LJ-003;Cabecudas;Servicos;dinheiro;2;0;0;2.6;R$ 301,74;0,00;301.74;Não;site;2024-01-09;2024-01-10;2024-01-14;;;Entrega Expressa SC;Despachado - em transito;embalagem para presente
PA-2024-02262;01/06/2024 08:20 PM;01/07/2024 01:20 AM;pata amiga itajai praia;;Itaipava;Med.;BOLETO;8;n/d;0;32.8;737,51;172;R$ 564,93;true;;2024-01-09;2024-01-10;2024-01-13;2024-01-15;50;Logistica Propria;Entregue;
PA-2024-02282;01/06/2024 04:12 PM;01/07/2024 02:12 AM;Pata Amiga Chapecó;LJ-029;Centro;Petiscos;Vale Pet;4;0;0;9.1;R$ 160,57;19,43;141,14;S;WHATSAPP;2024-01-10;2024-01-11;2024-01-14;2024-01-16;17.18;Entrega Expressa SC;Entregue;aguardando confirmacao de estoque
PA-2024-02299;01/07/2024 01:20 AM;01/07/2024 02:40 AM;Pata Amiga Chapeco/SC;LJ-029;Passo dos Fortes;higiene;Pix;8;0;0;18,9;222.98;27,65;195,33;true;App Pata Amiga;2024-01-09;2024-01-10;2024-01-12;2024-01-14;35,24;Entrega Expressa SC;Entregue;
PA-2024-02283;01/06/2024 04:47 PM;01/07/2024 02:47 AM;Pata Amiga Chapeco/SC;LJ-029;Sao Cristovao;Brinquedos;Cartão de Crédito;6;0;0;7,4;R$ 391,89;47;R$ 344,47;sim;App Pata Amiga;2024-01-08;2024-01-08;2024-01-11;2024-01-13;26,20;TransPet Log;Entregue;
PA-2024-02281;01/06/2024 05:35 PM;01/07/2024 03:35 AM;pata amiga palhoca;;Ponte do Imaruim;Ração Medicamentosa;Cartao de Credito;2;0;0;6,1;R$ 192,71;13,30;179,41;Sim;telefone;2024-01-09;2024-01-10;2024-01-13;;;Logistica Propria;Despachado - em transito;
PA-2024-02297;01/07/2024 03:40 AM;01/07/2024 04:15 AM;Pata Amiga Criciuma/SC;LJ-021;Rio Maina;RACAO;vale pet;1;0;2;0.8;R$ 209,98;7.98;202,00;V;Tel.;2024-01-09;2024-01-10;2024-01-13;2024-01-15;6;TransPet Log;Entregue;
PA-2024-02293;01/07/2024 06:12 AM;01/07/2024 06:32 AM;Pata Amiga Taio;;Alto Santa Rosa;servico;CARTAO DE CREDITO;5;0;2;2,4;813,78;37,43;776.35;Sim;loja fisica;;;;;;;Retirada na loja;produto fora de linha - substituido
PA-2024-02287;01/07/2024 04:55 AM;01/07/2024 07:55 AM;Pata Amiga Blumenal Centro;;Itoupava Norte;PETISCO;Cartao de Debito;8;0;n/d;18,3;338,49;51.79;286,70;X;LOJA FISICA;;;;;;;Retirada na loja;aguardando confirmacao de estoque
PA-2024-02274;01/06/2024 10:30 PM;01/07/2024 08:30 AM;Pata Amiga Timbo;LJ-005;;Ração;BOLETO;4;;1;16,5;372,47;63.69;308,78;Sim;Telefone;2024-01-09;2024-01-10;2024-01-14;2024-01-15;59.32;Logistica Propria;Entregue;produto fora de linha - substituido
PA-2024-02265;01/06/2024 11:20 PM;01/07/2024 09:20 AM;Pata Amiga Itajaí Praia;;Itaipava;Petiscos;BOLETO;7;0;0;12.8;R$ 162,50;R$ 38,02;124,48;S;Site;2024-01-08;2024-01-09;2024-01-11;2024-01-13;21,05;Entrega Expressa SC;Entregue;
PA-2024-02288;01/07/2024 09:38 AM;01/07/2024 10:28 AM;pata amiga blumenau centro;;Salto do Norte;Rac.;pix;5;0;0;7.0;991.22;151;R$ 839,56;1;;2024-01-09;;;;;TransPet Log;Aguardando nota fiscal;produto fora de linha - substituido
PA-2024-02286;01/07/2024 08:52 AM;01/07/2024 10:52 AM; Pata Amiga Blumenau Centro;LJ-001;Itoupava Norte;Higiene;CARTAO DE DEBITO;1;0;0;4.1;39.04;5,97;33,07;true;SITE;2024-01-09;2024-01-10;2024-01-12;;;Entrega Expressa SC;Despachado - em transito;
PA-2024-02289;01/07/2024 12:05 PM;01/07/2024 12:55 PM;Pata Amiga Blumenal Centro;LJ-001;Progresso;MEDICAMENTO;vale pet;6;;0;4.4;878;R$ 134,41;R$ 744,07;V;TELEFONE;2024-01-08;2024-01-09;;;;Entrega Expressa SC;Aguardando despacho;
PA-2024-02291;01/07/2024 11:00 AM;01/07/2024 04:00 PM; Pata Amiga Brusque;LJ-004;Santa Terezinha;Petiscos;vale pet;2;0;0;3.9;64;0;64,61;F;App;2024-01-09;2024-01-10;2024-01-13;;;Correios;Despachado - em transito;
PA-2024-02296;01/07/2024 03:20 PM;01/07/2024 04:10 PM;Pata Amiga Florianopolis Norte;LJ-017;Ingleses;Racao;Credito;2;0;0;1,9;373,52;42,58;330;X;APP;2024-01-09;2024-01-10;2024-01-12;;;Entrega Expressa SC;Despachado - em transito;cliente pediu entrega no periodo da tarde
PA-2024-02295;01/07/2024 05:35 PM;01/07/2024 05:55 PM;Pata Amiga Florianopolis Norte/SC;LJ-017;Costeira;HIGIENE;boleto;4;0;0;14.0;166,78;R$ 19,01;147.77;S;SITE;2024-01-09;2024-01-10;2024-01-13;2024-01-15;22.03;Rapido Catarinense;Entregue;
PA-2024-02294;01/07/2024 07:52 PM;01/07/2024 08:42 PM;Pata Amiga Florianopolis Norte;LJ-017;Costeira;acessorio;Dinheiro;6;0;0;20.1;560.44;R$ 63,89;496;SIM;App Pata Amiga;2024-01-09;2024-01-10;2024-01-12;2024-01-13;63,16;TransPet Log;Entregue;
PA-2024-02301;01/07/2024 09:45 PM;01/07/2024 10:05 PM;Pata Amiga Xanxerê;;Centro;BRINQUEDO;Cartão de Crédito;5;0;0;2,9;398;49,47;R$ 349,45;true;WHATSAPP;2024-01-08;2024-01-08;2024-01-12;;;TransPet Log;Despachado - em transito;
PA-2024-02300;01/07/2024 10:12 PM;01/07/2024 11:32 PM;Pata Amiga Concordia;LJ-030;Centro;Acessorios;VALE PET;6;0;N/I;15,3;R$ 567,91;70,42;R$ 497,49;Sim;Site;2024-01-09;2024-01-10;;;;Logistica Propria;Aguardando despacho;pedido recorrente
PA-2024-02298;01/07/2024 07:07 PM;01/08/2024 12:07 AM;Pata Amiga Chapeco;LJ-029;Centro;Ração;boleto;5;0;;20,4;689;R$ 85,48;R$ 603,91;true;loja fisica;;;;;;;Retirada na loja;pedido recorrente
PA-2024-02333;01/08/2024 12:00 AM;01/08/2024 12:20 AM;Pata Amiga Tubarao;LJ-022;Oficinas;RAÇÃO;PIX;3;0;0;3,8;627,71;R$ 301,30;R$ 326,41;S;site;2024-01-11;2024-01-11;2024-01-15;2024-01-17;10;Entrega Expressa SC;Entregue;produto fora de linha - substituido
PA-2024-02292;01/07/2024 09:38 PM;01/08/2024 12:38 AM; Pata Amiga Gaspar;;Figueira;Medicamento;VALE PET;4;0;0;9.5;351,51;53.78;;X;APP;2024-01-09;2024-01-10;2024-01-15;2024-01-18;R$ 36,08;Rapido Catarinense;Entregue;
PA-2024-02337;01/08/2024 12:50 AM;01/08/2024 01:10 AM;Pata Amiga Laguna;LJ-024;Magalhaes;Medicamento;Cartão de Crédito;21;1;0;15,9;1.557,43;747,57;809,86;V;Whatsapp;2024-01-12;2024-01-13;2024-01-18;2024-01-20;R$ 54,12;Correios;Entregue;cliente pediu entrega no periodo da tarde
PA-2024-02313;01/08/2024 12:47 AM;01/08/2024 01:22 AM;Pata Amiga Jaragua do Sul;;;Racao;Especie;4;0;0;10.9;562,26;219;R$ 342,98;;Whatsapp;2024-01-11;2024-01-13;2024-01-16;2024-01-19;37,82;Rapido Catarinense;Entregue;embalagem para presente
PA-2024-02302;01/08/2024 01:35 AM;01/08/2024 01:45 AM;Pata Amiga Blumenau Centro;LJ-001;Progresso;Medicamento;Pix;3;0;0;1,9;369.10;R$ 10,33;R$ 358,77;true;LOJA FISICA;;;;;;;Retirada na loja;
PA-2024-02310;01/08/2024 12:15 AM;01/08/2024 03:15 AM;Pata Amiga Jaragua do Sul;;Centro;racao;pix;13;0;0;53,5;1.841,66;718,25;1.123,41;true;site;2024-01-11;2024-01-13;2024-01-17;2024-01-18;171,66;TransPet Log;Entregue;aguardando confirmacao de estoque
PA-2024-02306;01/08/2024 03:50 AM;01/08/2024 04:40 AM;PATA AMIGA JARAGUA DO SUL;LJ-014;Ilha da Figueira;PETISCO;Vale Pet;11;0;;7.1;521,47;203.37;-;V;Loja Fisica;;;;;;;Retirada na loja;
PA-2024-02329;01/08/2024 04:10 AM;01/08/2024 04:45 AM;PATA AMIGA TUBARAO;;Humaita;racao;Vale Pet;14;1;0;29,8;R$ 1.928,47;925,67;1.002,80;true;LOJA FISICA;;;;;;;Retirada na loja;conferir endereco com o cliente
PA-2024-02315;01/08/2024 03:35 AM;01/08/2024 04:55 AM;Pata Amiga Jaraguá do Sul;;Centro;Hig.;vale pet;6;0;0;8,3;-;R$ 61,50;R$ 96,19;;Loja Fisica;;;;;;;Retirada na loja;conferir endereco com o cliente
PA-2024-02327;01/08/2024 04:10 AM;01/08/2024 06:10 AM;Pata Amiga Tubarao;LJ-022;Centro;MEDICAMENTO;VALE PET;14;1;0;30,2;1.197,13;574.62;R$ 622,51;X;app;2024-01-12;2024-01-14;2024-01-15;2024-01-16;75,78;Logistica Propria;Entregue;aguardando confirmacao de estoque
PA-2024-02318;01/08/2024 07:52 AM;01/08/2024 08:12 AM;pata amiga palhoca;LJ-019;Ponte do Imaruim;BRINQUEDO;Cartão de Crédito;3;0;0;6.0;R$ 199,16;13,74;R$ 185,42;SIM;App Pata Amiga;2024-01-09;2024-01-10;2024-01-15;2024-01-16;15,55;Rapido Catarinense;Entregue;cliente pediu entrega no periodo da tarde
PA-2024-02323;01/08/2024 06:15 AM;01/08/2024 09:15 AM;Pata Amiga Tubarão;;Passagem;Racao;CARTAO DE CREDITO;19;1;0;53.0;1921;R$ 922,38;999,24;true;App Pata Amiga;2024-01-11;2024-01-13;2024-01-17;2024-01-20;183,70;Entrega Expressa SC;Entregue;pedido recorrente
PA-2024-02336;01/08/2024 09:20 AM;01/08/2024 09:30 AM;Pata Amiga Tubarao;LJ-022;Humaita;Racao;boleto;15;0;;28.0;3.222,09;;1675.49;X;site;2024-01-11;2024-01-12;;;;TransPet Log;Aguardando despacho;embalagem para presente
PA-2024-02308;01/08/2024 06:52 AM;01/08/2024 09:52 AM;Pata Amiga Jaragua do Sul;;Barra do Rio Cerro;racao;PIX;7;1;0;18.3;1071.64;417.94;653,70;S;WHATSAPP;2024-01-11;2024-01-13;2024-01-17;2024-01-18;R$ 49,80;Entrega Expressa SC;Entregue;aguardando confirmacao de estoque
PA-2024-02334;01/08/2024 07:38 AM;01/08/2024 12:38 PM;Pata Amiga Tubarão;;Passagem;Ração;BOLETO;10;1;0;34.8;1.167,31;R$ 560,31;607.00;X;WhatsApp;2024-01-09;2024-01-10;2024-01-11;;;Rapido Catarinense;Despachado - em transito;
PA-2024-02328;01/08/2024 12:47 PM;01/08/2024 12:57 PM;pata amiga tubarao;LJ-022;Humaita;Med.;dinheiro;12;0;0;40.5;;465,98;504,81;X;WhatsApp;2024-01-10;2024-01-11;2024-01-12;2024-01-14;78;Rapido Catarinense;Entregue;
PA-2024-02325;01/08/2024 12:12 PM;01/08/2024 01:02 PM;Pata Amiga Tubarão;LJ-022;Centro;Ração Medicamentosa;Credito;;2;0;54.2;1164.42;558,92;605;V;site;2024-01-09;2024-01-09;2024-01-12;2024-01-15;125.53;TransPet Log;Entregue;
PA-2024-02317;01/08/2024 11:52 AM;01/08/2024 01:52 PM;Pata Amiga Floripa Norte;LJ-017;Costeira;racao;DINHEIRO;5;0;0;2,0;1.100,97;115;R$ 985,37;V;SITE;2024-01-11;2024-01-14;2024-01-19;2024-01-21;9;TransPet Log;Entregue;
PA-2024-02305;01/08/2024 10:55 AM;01/08/2024 01:55 PM;Pata Amiga Jgua do Sul;LJ-014;Ilha da Figueira;Petisco;Vale Pet;4;0;;3,8;137;R$ 53,78;84.13;sim;SITE;2024-01-10;2024-01-11;2024-01-15;2024-01-17;R$ 9,38;Logistica Propria;Entregue;
PA-2024-02326;01/08/2024 01:35 PM;01/08/2024 01:55 PM;pata amiga tubarao;LJ-022;Centro;RAÇÃO;Cartao de Debito;22;1;0;89.0;R$ 4.599,09;2.207,56;R$ 2.391,53;V;Loja Fisica;;;;;;;Retirada na loja;embalagem para presente
PA-2024-02324;01/08/2024 09:12 AM;01/08/2024 02:12 PM;Pata Amiga Tubarão;LJ-022;Oficinas;Higiene;Cartao de Credito;12;0;0;17.8;362;173,84;R$ 188,32;SIM;SITE;2024-01-10;2024-01-10;2024-01-12;2024-01-13;R$ 36,85;TransPet Log;Entregue;produto fora de linha - substituido
PA-2024-02339;01/08/2024 01:45 PM;01/08/2024 02:20 PM;Pata Amiga Laguna;LJ-024;Magalhaes;Petiscos;vale pet;9;0;0;7,3;304,15;145,99;158,16;SIM;SITE;2024-01-10;2024-01-11;2024-01-13;2024-01-17;R$ 17,38;Entrega Expressa SC;Entregue;
PA-2024-02309;01/08/2024 09:30 AM;01/08/2024 02:30 PM;Pata Amiga Jaragua do Sul;;Ilha da Figueira;higiene;dinheiro;13;2;1;17.9;598,52;233.42;365;V;APP;2024-01-10;2024-01-11;2024-01-15;2024-01-18;48;TransPet Log;Entregue;
PA-2024-02314;01/08/2024 03:05 PM;01/08/2024 03:15 PM;Pata Amiga Jaraguá do Sul;LJ-014;Jaragua Esquerdo;Racao Seca;Especie;8;0;0;12.8;1444.08;563,19;880,89;S;APP;2024-01-11;2024-01-12;2024-01-17;2024-01-19;R$ 31,10;Entrega Expressa SC;Entregue;pedido recorrente
PA-2024-02304;01/08/2024 03:20 PM;01/08/2024 06:20 PM;Pata Amiga Jaragua Do Sul;;Centro;Racao Seca;dinheiro;5;0;0;5.7;R$ 1.066,06;415,76;R$ 650,30;X;telefone;2024-01-10;2024-01-12;;;;TransPet Log;Aguardando despacho;
PA-2024-02330;01/08/2024 08:23 AM;01/08/2024 06:23 PM;Pata Amiga Tubarao;;Oficinas;higiene;Especie;5;0;0;18,5;R$ 270,72;129;R$ 140,77;sim;Loja Física;;;;;;;Retirada na loja;cliente pediu entrega no periodo da tarde
PA-2024-02322;01/08/2024 08:00 PM;01/08/2024 08:20 PM;Pata Amiga Criciuma/SC;LJ-021;Centro;Racao;boleto;5;0;0;11,2;671.85;187.45;R$ 484,40;V;Loja Física;;;;;;;Retirada na loja;pedido recorrente
PA-2024-02331;01/08/2024 03:25 PM;01/08/2024 08:25 PM;Pata Amiga Tubarão;;Humaita;Ração;DINHEIRO;3;0;0;9.4;367.99;176;R$ 191,35;X;;2024-01-11;;;;;Correios;Aguardando nota fiscal;
PA-2024-02321;01/08/2024 07:50 PM;01/08/2024 09:10 PM;Pata Amiga Santo Amaro da Imperatriz;LJ-020;Centro;RAÇÃO;pix;;;0;7,0;650.02;137;512.87;Sim;telefone;2024-01-13;2024-01-14;2024-01-20;2024-01-24;R$ 23,56;Logistica Propria;Entregue;produto fora de linha - substituido
PA-2024-02342;01/08/2024 06:30 PM;01/08/2024 09:30 PM;PATA AMIGA CURITIBANOS;;Centro;Ração Medicamentosa;vale pet;5;0;0;16.1;614,79;78,69;536.10;Sim;site;;;;;;;Pedido cancelado;
PA-2024-02316;01/08/2024 08:25 PM;01/08/2024 09:45 PM;pata amiga florianopolis norte;;;Racao Seca;vale pet;6;0;0;8.8;R$ 1.082,22;113,63;R$ 968,59;SIM;Site;2024-01-12;2024-01-12;2024-01-13;2024-01-14;R$ 22,91;TransPet Log;Entregue;
PA-2024-02320;01/08/2024 10:23 PM;01/08/2024 10:33 PM;Pata Amiga Santo Amaro da Imperatriz;LJ-020;Braco Sao Joao;Racao Medicamentosa;Credito;5;0;n/d;13.6;R$ 328,33;69,28;259,05;;WhatsApp;2024-01-12;2024-01-13;2024-01-27;2024-01-31;R$ 47,71;Correios;Entregue;conferir endereco com o cliente
PA-2024-02332;01/08/2024 08:12 PM;01/08/2024 11:12 PM;Pata Amiga Tubarao;;Oficinas;PETISCO;Cartao de Credito;5;;0;8,3;169,20;81,22;87,98;;LOJA FISICA;;;;;;;Retirada na loja;aguardando confirmacao de estoque
PA-2024-02338;01/08/2024 02:05 PM;01/09/2024 12:05 AM;pata amiga laguna;;Ponta das Pedras;Higiene;Dinheiro;2;0;0;2,2;R$ 96,36;R$ 46,25;R$ 50,11;sim;App;;;;;;;Pedido cancelado;conferir endereco com o cliente
PA-2024-02341;01/08/2024 11:40 PM;01/09/2024 12:15 AM;Pata Amiga São Joaquim;;Santa Terezinha;acessorio;Especie;3;0;0;3,0;193;24,81;R$ 169,00;S;app;2024-01-10;2024-01-10;2024-01-20;2024-01-23;8.77;TransPet Log;Entregue;
PA-2024-02319;01/08/2024 09:45 PM;01/09/2024 12:45 AM;Pata Amiga Santo Amaro da Imperatriz;LJ-020;Sul do Rio;racao;Cartão de Débito;4;0;0;2.1;791.08;R$ 166,92;R$ 624,16;V;app;2024-01-14;2024-01-15;2024-01-22;2024-01-27;7,71;Correios;Entregue;
PA-2024-02303;01/08/2024 09:52 PM;01/09/2024 12:52 AM;PATA AMIGA BRUSQUE;;Santa Terezinha;Petiscos;Dinheiro;;0;2;43,7;661,28;280.38;380.90;sim;App;;;;;;;Pedido cancelado;embalagem para presente
PA-2024-02335;01/08/2024 10:52 PM;01/09/2024 12:52 AM;PATA AMIGA TUBARAO;;Centro;Petiscos;BOLETO;11;1;2;8.4;R$ 416,68;200;216.67;V;SITE;2024-01-12;2024-01-12;2024-01-14;2024-01-16;R$ 22,03;Correios;Entregue;produto fora de linha - substituido
PA-2024-02311;01/08/2024 10:05 PM;01/09/2024 01:05 AM;Pata Amiga Jaragua Do Sul;;Barra do Rio Cerro;Petisco;Dinheiro;7;;-;28.9;169,55;66,12;R$ 103,43;1;App Pata Amiga;2024-01-12;2024-01-13;2024-01-15;2024-01-16;68,82;Correios;Entregue;conferir endereco com o cliente
PA-2024-02344;01/09/2024 12:35 AM;01/09/2024 01:10 AM;Pata Amiga Presidente Getulio;LJ-008;Fundo Canoas;Petisco;DINHEIRO;10;1;n/d;41,3;R$ 468,99;R$ 140,70;R$ 328,29;S;App Pata Amiga;2024-01-12;2024-01-13;2024-01-18;2024-01-23;R$ 100,92;TransPet Log;Entregue;cliente pediu entrega no periodo da tarde
PA-2024-02348;01/09/2024 12:12 AM;01/09/2024 01:32 AM;Pata Amiga Ibirama/SC;LJ-011;Bela Alianca;RACAO;dinheiro;7;0;0;8,4;988.98;296,69;692;1;WHATSAPP;2024-01-12;2024-01-13;2024-01-18;2024-01-21;27.27;Logistica Propria;Entregue;produto fora de linha - substituido
PA-2024-02312;01/08/2024 03:47 PM;01/09/2024 01:47 AM;Pata Amiga Jaragua do Sul;LJ-014;Centro;Racao Medicamentosa;Cartao de Credito;12;1;0;25,7;1419;R$ 553,79;R$ 866,19;true;whatsapp;2024-01-12;2024-01-14;2024-01-18;2024-01-19;R$ 62,78;TransPet Log;Entregue;
PA-2024-02360;01/09/2024 01:52 AM;01/09/2024 02:12 AM;Pata Amiga São Jose Kobrasol;;Campinas;Ração;CARTAO DE CREDITO;16;;;53.6;3151.54;1512;1638.80;1;LOJA FISICA;;;;;;;Retirada na loja;conferir endereco com o cliente
PA-2024-02346;01/09/2024 01:25 AM;01/09/2024 02:45 AM;Pata Amiga Taió;LJ-009;Centro;Brinquedos;BOLETO;3;0;0;7.5;100,18;R$ 6,61;R$ 93,57;V;WhatsApp;2024-01-12;2024-01-14;2024-01-23;2024-01-27;27,44;Correios;Entregue;
PA-2024-02367;01/09/2024 12:05 AM;01/09/2024 03:05 AM;PATA AMIGA PALHOCA;LJ-019;Passa Vinte;Petisco;Credito;-;1;0;21.9;235,78;113.17;122;X;telefone;2024-01-10;2024-01-10;2024-01-13;2024-01-15;54,83;Entrega Expressa SC;Entregue;aguardando confirmacao de estoque
PA-2024-02350;01/09/2024 12:10 AM;01/09/2024 03:10 AM;Pata Amiga Ibirama;LJ-011;Centro;Rac.;CARTAO DE DEBITO;;0;0;13,8;R$ 703,78;211.13;492,65;S;App Pata Amiga;2024-01-10;;;;;Logistica Propria;Aguardando nota fiscal;cliente pediu entrega no periodo da tarde
PA-2024-02393;01/09/2024 02:50 AM;01/09/2024 03:25 AM;PATA AMIGA LAGUNA;LJ-024;Magalhaes;Medicamentos;dinheiro;9;1;0;9.5;1.178,18;272;906.02;X;Loja Física;;;;;;;Retirada na loja;produto fora de linha - substituido
PA-2024-02369;01/09/2024 04:15 AM;01/09/2024 04:50 AM;PATA AMIGA SANTO AMARO DA IMPERATRIZ;;Sul do Rio;petisco;Dinheiro;;2;0;12.2;542,16;260;R$ 281,92;true;APP;2024-01-13;2024-01-15;2024-01-30;2024-02-01;R$ 23,69;Logistica Propria;Entregue;aguardando confirmacao de estoque
PA-2024-02384;01/09/2024 04:12 AM;01/09/2024 05:02 AM;Pata Amiga Tubarão;LJ-022;Oficinas;racao;Dinheiro;5;0;0;8,4;810,30;187;623;X;loja fisica;;;;;;;Retirada na loja;produto fora de linha - substituido
PA-2024-02378;01/09/2024 03:47 AM;01/09/2024 05:07 AM;Pata Amiga Criciuma/SC;;Rio Maina;Ração;Vale Pet;19;1;0;74.5;2.517,16;1.208,24;1.308,92;sim;site;2024-01-13;2024-01-14;2024-01-17;2024-01-20;196,39;Rapido Catarinense;Entregue;
PA-2024-02361;01/09/2024 05:15 AM;01/09/2024 05:35 AM;Pata Amiga São José Kobrasol;LJ-018;Real Parque;Medicamentos;Vale Pet;11;1;0;43.7;1.201,48;R$ 576,71;624,77;Sim;site;2024-01-11;2024-01-12;2024-01-15;2024-01-17;87,21;Logistica Propria;Entregue;embalagem para presente
PA-2024-02394;01/09/2024 05:55 AM;01/09/2024 06:30 AM;PATA AMIGA LAGUNA;LJ-024;Magalhaes;Petiscos;Cartao de Credito;10;0;0;18.2;500,24;R$ 115,56;384,68;S;LOJA FISICA;;;;;;;Retirada na loja;aguardando confirmacao de estoque
PA-2024-02349;01/09/2024 05:05 AM;01/09/2024 07:05 AM;Pata Amiga Ibirama/SC;LJ-011;;medicamento;Especie;4;0;0;15.2;564;169,24;394.88;true;site;2024-01-14;2024-01-14;2024-01-16;2024-01-19;22,96;Entrega Expressa SC;Entregue;aguardando confirmacao de estoque
PA-2024-02354;01/09/2024 03:10 AM;01/09/2024 08:10 AM;Pata Amiga Jaragua do Sul;LJ-014;Ilha da Figueira;Petiscos;VALE PET;1;0;0;3.0;R$ 31,55;R$ 0,00;31;N;Whatsapp;2024-01-12;2024-01-12;2024-01-14;;;Entrega Expressa SC;Despachado - em transito;
PA-2024-02387;01/09/2024 06:55 AM;01/09/2024 08:15 AM;Pata Amiga Ararangua;LJ-023;Urussanguinha;Petisco;Credito;11;0;0;22.4;351,87;168;182,97;Sim;LOJA FISICA;;;;;;;Retirada na loja;
PA-2024-02375;01/09/2024 07:40 AM;01/09/2024 09:00 AM;PATA AMIGA SANTO AMARO DA IMPERATRIZ;LJ-020;Centro;Ração;Cartão de Crédito;8;0;2;29.0;1264.05;R$ 606,74;657,31;1;site;2024-01-10;2024-01-10;2024-01-25;2024-01-30;42,33;Rapido Catarinense;Entregue;produto fora de linha - substituido
PA-2024-02307;01/08/2024 11:05 PM;01/09/2024 09:05 AM;Pata Amiga Jgua do Sul;LJ-014;Jaragua Esquerdo;Petiscos;VALE PET;7;0;1;18.4;301.19;117;183,73;V;site;2024-01-10;2024-01-10;2024-01-14;2024-01-17;35,94;Rapido Catarinense;Entregue;
PA-2024-02371;01/09/2024 04:20 AM;01/09/2024 09:20 AM;PATA AMIGA SANTO AMARO DA IMPERATRIZ;LJ-020;Braco Sao Joao;RACAO;vale pet;16;1;0;57,0;2.431,97;R$ 1.167,35;R$ 1.264,62;V;site;2024-01-12;2024-01-13;2024-01-14;2024-01-17;128,55;Correios;Entregue;produto fora de linha - substituido
PA-2024-02340;01/08/2024 11:25 PM;01/09/2024 09:25 AM;Pata Amiga Lages;LJ-025;Guarujal;Petisco;CARTAO DE DEBITO;5;0;0;9,5;255,61;32.72;222.89;S;WHATSAPP;2024-01-13;2024-01-16;2024-01-20;2024-01-22;R$ 24,01;Correios;Entregue;embalagem para presente
PA-2024-02358;01/09/2024 08:35 AM;01/09/2024 09:25 AM;Pata Amiga Sao Jose Kobrasol;LJ-018;Campinas;Ração;Credito;16;0;0;61.7;R$ 2.752,35;1.321,13;1.431,22;Sim;whatsapp;2024-01-13;2024-01-14;2024-01-18;2024-01-20;R$ 103,38;Rapido Catarinense;Entregue;
PA-2024-02363;01/09/2024 06:35 AM;01/09/2024 09:35 AM;Pata Amiga Sao Jose Kobrasol/SC;;Campinas;PETISCO;Cartão de Crédito;11;0;2;27,5;250,51;120.24;R$ 130,27;true;App Pata Amiga;2024-01-11;2024-01-11;2024-01-14;2024-01-15;90;Correios;Entregue;embalagem para presente
PA-2024-02352;01/09/2024 05:38 AM;01/09/2024 10:38 AM;Pata Amiga Ibirama;;Centro;Higiene e Beleza;Debito;9;1;0;6.8;279.38;R$ 83,81;195.57;1;SITE;2024-01-15;2024-01-16;2024-01-24;2024-01-28;12,99;TransPet Log;Entregue;
PA-2024-02396;01/09/2024 06:10 AM;01/09/2024 11:10 AM;PATA AMIGA LAGES;LJ-025;Coral;RAÇÃO;Cartão de Débito;7;0;0;13,1;R$ 1.099,97;R$ 191,39;908.58;sim;Whatsapp;2024-01-11;2024-01-13;2024-01-18;2024-01-20;R$ 27,33;Logistica Propria;Entregue;conferir endereco com o cliente
PA-2024-02389;01/09/2024 10:40 AM;01/09/2024 11:15 AM;Pata Amiga Araranguá;LJ-023;Cidade Alta;Medicamentos;Cartão de Débito;7;0;0;7,4;658,21;315.94;342,27;1;telefone;2024-01-11;2024-01-12;2024-01-16;2024-01-17;R$ 23,49;Entrega Expressa SC;Entregue;
PA-2024-02343;01/09/2024 09:23 AM;01/09/2024 11:23 AM;PATA AMIGA BRUSQUE;;Aguas Claras;PETISCO;Cartão de Débito;1;0;2;4,0;R$ 21,77;0,00;R$ 21,77;Nao;App Pata Amiga;2024-01-12;2024-01-12;2024-01-18;2024-01-20;18,21;TransPet Log;Entregue;aguardando confirmacao de estoque
PA-2024-02380;01/09/2024 10:15 AM;01/09/2024 12:15 PM;Pata Amiga Tubarao;LJ-022;Passagem;petisco;BOLETO;8;;0;13,7;319,84;73,88;245;;Loja Física;;;;;;;Retirada na loja;embalagem para presente
PA-2024-02345;01/09/2024 07:20 AM;01/09/2024 12:20 PM;Pata Amiga Presidente Getulio;;Centro;Racao;PIX;7;1;0;5.1;1582.45;474;1107;Sim;;2024-01-11;2024-01-11;2024-01-25;2024-01-27;R$ 19,38;Logistica Propria;Entregue;
PA-2024-02383;01/09/2024 11:05 AM;01/09/2024 12:25 PM;pata amiga tubarao;;;Racao Seca;CARTAO DE CREDITO;6;;0;15,1;1338.49;309;1.029,30;true;App Pata Amiga;2024-01-12;2024-01-13;;;;Logistica Propria;Aguardando despacho;conferir endereco com o cliente
PA-2024-02385;01/09/2024 11:05 AM;01/09/2024 12:25 PM;PATA AMIGA ARARANGUA;LJ-023;Centro;RACAO;vale pet;10;1;0;27.7;1.104,19;530,01;574;SIM;;2024-01-11;2024-01-13;2024-01-15;2024-01-16;81,39;Logistica Propria;Entregue;
PA-2024-02390;01/09/2024 08:55 AM;01/09/2024 01:55 PM;pata amiga araranguá;;Cidade Alta;Med.;PIX;14;1;0;18.5;1.545,63;R$ 741,90;803,73;1;app;2024-01-13;2024-01-14;2024-01-19;2024-01-21;R$ 63,29;Logistica Propria;Entregue;aguardando confirmacao de estoque
PA-2024-02347;01/09/2024 04:12 AM;01/09/2024 02:12 PM;PATA AMIGA IBIRAMA;LJ-011;Nossa Senhora de Fatima;Medicamento;VALE PET;9;1;0;33,8;1.002,36;300,71;701,65;1;Site;2024-01-12;2024-01-13;2024-01-19;;;Logistica Propria;Despachado - em transito;
PA-2024-02362;01/09/2024 12:23 PM;01/09/2024 02:23 PM;Pata Amiga São Jose Kobrasol;;Forquilhinhas;Petisco;pix;13;0;0;49,6;420.62;201.90;218,72;;site;2024-01-10;2024-01-11;2024-01-15;2024-01-17;98.34;Correios;Entregue;
PA-2024-02357;01/09/2024 02:47 PM;01/09/2024 02:57 PM;pata amiga florianopolis norte;;Saco Grande;RAÇÃO;Cartao de Debito;13;0;0;25,3;2116.13;R$ 1.015,74;R$ 1.100,39;SIM;Loja Física;;;;;;;Retirada na loja;aguardando confirmacao de estoque
PA-2024-02359;01/09/2024 03:20 PM;01/09/2024 03:30 PM;Pata Amiga Sao Jose Kobrasol;LJ-018;Real Parque;Ração;PIX;5;0;0;2.9;940.33;R$ 451,36;488;1;Loja Física;;;;;;;Retirada na loja;cliente pediu entrega no periodo da tarde
PA-2024-02391;01/09/2024 03:15 PM;01/09/2024 03:50 PM;PATA AMIGA ARARANGUA;LJ-023;Urussanguinha;Petiscos;Vale Pet;;0;0;13.6;R$ 218,73;R$ 104,99;113.74;1;Loja Física;;;;;;;Retirada na loja;
PA-2024-02376;01/09/2024 06:45 AM;01/09/2024 04:45 PM;Pata Amiga Criciúma;;Centro;Racao Medicamentosa;vale pet;12;0;;22.3;1.379,05;661.94;717,11;X;;2024-01-11;2024-01-12;;;;Logistica Propria;Aguardando despacho;aguardando confirmacao de estoque
PA-2024-02366;01/09/2024 01:47 PM;01/09/2024 04:47 PM;Pata Amiga Palhoca;LJ-019;Guarda do Cubatao;Petisco;vale pet;9;;0;27,8;412.38;R$ 197,94;214,44;V;APP;2024-01-13;2024-01-13;2024-01-16;2024-01-18;54,47;TransPet Log;Entregue;
PA-2024-02392;01/09/2024 05:00 PM;01/09/2024 05:20 PM;PATA AMIGA ARARANGUA;;Urussanguinha;racao;boleto;9;0;0;24,2;R$ 1.639,06;786,75;852,31;SIM;Whatsapp;2024-01-11;;;;;Logistica Propria;Aguardando nota fiscal;
PA-2024-02370;01/09/2024 12:25 PM;01/09/2024 05:25 PM;Pata Amiga Santo Amaro da Imperatriz;LJ-020;Braco Sao Joao;Hig.;PIX;9;0;0;11.4;285;137,22;R$ 148,65;Sim;;2024-01-13;2024-01-14;2024-01-22;2024-01-27;R$ 29,49;Rapido Catarinense;Entregue;
PA-2024-02386;01/09/2024 05:10 PM;01/09/2024 05:30 PM;Pata Amiga Ararangua;;Urussanguinha;petisco;CARTAO DE DEBITO;11;1;0;18.1;517;248,46;269;1;Loja Fisica;;;;;;;Retirada na loja;embalagem para presente
PA-2024-02373;01/09/2024 03:45 PM;01/09/2024 05:45 PM;PATA AMIGA SANTO AMARO DA IMPERATRIZ;LJ-020;Centro;PETISCO;vale pet;18;0;0;51.9;814,72;391,07;423,65;1;Loja Fisica;;;;;;;Retirada na loja;
PA-2024-02372;01/09/2024 09:00 AM;01/09/2024 07:00 PM;PATA AMIGA SANTO AMARO DA IMPERATRIZ;LJ-020;Sul do Rio;Ração;pix;15;1;0;39.1;3.285,97;1577.27;R$ 1.708,70;true;App;2024-01-11;2024-01-12;;;;Rapido Catarinense;Aguardando despacho;
PA-2024-02351;01/09/2024 05:45 PM;01/09/2024 07:45 PM;Pata Amiga Ibirama/SC;LJ-011;Bela Alianca;RAÇÃO;dinheiro;10;1;1;31.5;R$ 2.182,62;R$ 654,79;R$ 1.527,83;V;loja fisica;;;;;;;Retirada na loja;aguardando confirmacao de estoque
PA-2024-02356;01/09/2024 06:15 PM;01/09/2024 08:15 PM;Pata Amiga Florianópolis Norte;LJ-017;Saco Grande;Petiscos;pix;21;2;1;53,9;724;347,70;376,68;true;;2024-01-12;2024-01-12;2024-01-13;2024-01-16;135,35;Rapido Catarinense;Entregue;
PA-2024-02365;01/09/2024 07:20 PM;01/09/2024 08:40 PM;Pata Amiga Palhoca;LJ-019;Ponte do Imaruim;Rac.;PIX;12;0;0;40,2;R$ 1.619,01;777,12;841,89;Sim;WhatsApp;2024-01-11;2024-01-13;2024-01-16;2024-01-17;83;Logistica Propria;Entregue;aguardando confirmacao de estoque
PA-2024-02355;01/09/2024 11:15 AM;01/09/2024 09:15 PM;Pata Amiga Florianopolis Norte/SC;LJ-017;Saco Grande;Racao;Vale Pet;11;1;0;35.6;1496;718,17;778,01;X;LOJA FISICA;;;;;;;Retirada na loja;embalagem para presente
PA-2024-02377;01/09/2024 09:10 PM;01/09/2024 09:30 PM;Pata Amiga Criciuma;LJ-021;Centro;higiene;Cartao de Debito;9;0;0;34,8;R$ 362,88;174,18;188,70;X;Loja Física;;;;;;;Retirada na loja;
PA-2024-02381;01/09/2024 08:50 PM;01/09/2024 09:40 PM;Pata Amiga Tubarão;LJ-022;Oficinas;Racao;Dinheiro;7;1;1;23.2;979,17;R$ 226,19;752;true;Tel.;2024-01-11;2024-01-12;2024-01-15;2024-01-17;42,32;Rapido Catarinense;Entregue;aguardando confirmacao de estoque
PA-2024-02388;01/09/2024 08:50 PM;01/09/2024 10:10 PM;pata amiga araranguá;;Cidade Alta;Med.;boleto;11;0;0;27.9;1048;R$ 503,04;544;Sim;App Pata Amiga;2024-01-13;2024-01-13;2024-01-17;2024-01-20;R$ 50,65;Rapido Catarinense;Entregue;produto fora de linha - substituido
PA-2024-02397;01/09/2024 09:15 PM;01/09/2024 10:35 PM;Pata Amiga São Joaquim;LJ-026;Centro;petisco;BOLETO;6;0;0;24.8;213,64;R$ 37,17;176,47;X;Loja Física;;;;;;;Retirada na loja;aguardando confirmacao de estoque
PA-2024-02379;01/09/2024 10:25 PM;01/09/2024 10:45 PM;PATA AMIGA CRICIUMA;LJ-021;;petisco;Pix;15;2;0;60.0;359;R$ 172,48;186,86;SIM;site;2024-01-12;2024-01-13;2024-01-19;2024-01-22;80,41;Rapido Catarinense;Entregue;
PA-2024-02353;01/09/2024 06:10 PM;01/09/2024 11:10 PM;Pata Amiga Joinville Sul/SC;LJ-013;Jarivatuba;HIGIENE;Cartao de Credito;1;0;0;1.2;61.69;0,00;61,69;Nao;TELEFONE;2024-01-11;2024-01-12;2024-01-15;2024-01-17;7;Correios;Entregue;produto fora de linha - substituido
PA-2024-02368;01/09/2024 11:40 PM;01/10/2024 01:40 AM;Pata Amiga Palhoça;LJ-019;Guarda do Cubatao;higiene;boleto;15;1;0;53,5;809;388.46;420,83;sim;App Pata Amiga;2024-01-11;2024-01-12;;;;TransPet Log;Aguardando despacho;aguardando confirmacao de estoque
PA-2024-02395;01/09/2024 11:12 PM;01/10/2024 02:12 AM;pata amiga lages;;Coral;PETISCO;BOLETO;6;0;0;17,5;234;40,77;193.53;true;WhatsApp;2024-01-13;2024-01-14;2024-01-18;2024-01-21;24;TransPet Log;Entregue;produto fora de linha - substituido
PA-2024-02382;01/09/2024 09:30 PM;01/10/2024 02:30 AM;pata amiga tubarao;;Centro;Petisco;Especie;7;1;;28,8;R$ 364,38;84,17;280.21;1;SITE;2024-01-13;2024-01-13;;;;Entrega Expressa SC;Aguardando despacho;cliente pediu entrega no periodo da tarde
PA-2024-02364;01/09/2024 10:20 PM;01/10/2024 03:20 AM;PATA AMIGA PALHOCA;LJ-019;Pagani;HIGIENE;Boleto;12;0;1;26.7;R$ 713,73;342,59;371;S;App;2024-01-11;2024-01-13;2024-01-17;2024-01-19;53,96;TransPet Log;Entregue;
PA-2024-02438;01/10/2024 03:07 AM;01/10/2024 03:27 AM;Pata Amiga Laguna;LJ-024;;racao;Cartão de Débito;9;0;0;11.7;1248.06;R$ 599,07;648,99;V;LOJA FISICA;;;;;;;Retirada na loja;produto fora de linha - substituido
PA-2024-02450;01/10/2024 12:50 AM;01/10/2024 03:50 AM;pata amiga lages;LJ-025;Habitacao;Petisco;VALE PET;9;0;0;34.4;432,88;167,52;265,36;Sim;LOJA FISICA;;;;;;;Retirada na loja;
PA-2024-02424;01/10/2024 02:35 AM;01/10/2024 03:55 AM;PATA AMIGA CRICIUMA;;Prospera;RAÇÃO;Cartão de Débito;10;1;1;29,2;1.165,88;559.62;606,26;SIM;SITE;2024-01-12;2024-01-12;2024-01-14;2024-01-16;R$ 89,97;Logistica Propria;Entregue;
PA-2024-02419;01/10/2024 02:00 AM;01/10/2024 04:00 AM;Pata Amiga Palhoca;LJ-019;Pagani;Rac.;Boleto;9;0;0;25.2;1.251,03;420;R$ 830,68;1;LOJA FISICA;;;;;;;Retirada na loja;aguardando confirmacao de estoque
PA-2024-02446;01/10/2024 04:38 AM;01/10/2024 04:58 AM;PATA AMIGA LAGES;LJ-025;;RACAO;CARTAO DE CREDITO;15;1;0;37.3;2.583,22;R$ 999,71;1583;sim;SITE;2024-01-12;2024-01-13;2024-01-17;2024-01-20;51,34;Rapido Catarinense;Entregue;embalagem para presente
PA-2024-02428;01/10/2024 03:35 AM;01/10/2024 05:35 AM;PATA AMIGA CRICIUMA;LJ-021;;MEDICAMENTO;Dinheiro;16;1;0;34.5;1.240,97;595,67;R$ 645,30;S;APP;2024-01-14;2024-01-15;2024-01-20;2024-01-23;63,97;Correios;Entregue;
PA-2024-02427;01/10/2024 05:00 AM;01/10/2024 05:50 AM;Pata Amiga Criciuma;;Sao Luiz;Higiene;DINHEIRO;12;0;0;40,4;R$ 603,58;289;313,86;1;WhatsApp;2024-01-15;2024-01-17;2024-01-21;;;TransPet Log;Despachado - em transito;aguardando confirmacao de estoque
PA-2024-02439;01/10/2024 06:05 AM;01/10/2024 06:15 AM;Pata Amiga Laguna;LJ-024;Ponta das Pedras;Petisco;boleto;9;1;0;28.7;464,37;222;R$ 241,47;1;;2024-01-14;2024-01-14;2024-01-20;2024-01-23;42,27;TransPet Log;Entregue;
PA-2024-02440;01/10/2024 05:47 AM;01/10/2024 07:47 AM;Pata Amiga Laguna/SC;;Magalhaes;Higiene;CARTAO DE DEBITO;12;2;0;37.2;735,38;352,98;382,40;Sim;app;2024-01-12;2024-01-14;2024-01-17;2024-01-19;60,50;Correios;Entregue;aguardando confirmacao de estoque
PA-2024-02374;01/09/2024 10:23 PM;01/10/2024 08:23 AM;Pata Amiga Santo Amaro da Imperatriz;LJ-020;Braco Sao Joao;Racao;pix;7;0;0;15,9;690,20;331,30;R$ 358,90;true;Telefone;2024-01-13;;;;;Logistica Propria;Aguardando nota fiscal;produto fora de linha - substituido
PA-2024-02447;01/10/2024 08:20 AM;01/10/2024 08:30 AM;pata amiga lages;LJ-025;Coral;Racao;boleto;5;0;0;11.8;492,23;190,49;R$ 301,74;X;Loja Física;;;;;;;Retirada na loja;
PA-2024-02441;01/10/2024 05:38 AM;01/10/2024 08:38 AM;PATA AMIGA LAGUNA;LJ-024;Magalhaes;racao;Cartao de Debito;15;0;;59.1;R$ 2.771,86;1.330,49;1441.37;1;Site;2024-01-11;2024-01-13;2024-01-17;2024-01-18;R$ 114,62;Entrega Expressa SC;Entregue;
PA-2024-02403;01/10/2024 08:00 AM;01/10/2024 08:50 AM;Pata Amiga Florianopolis Norte;LJ-017;Centro;Racao Medicamentosa;dinheiro;4;-;0;12.4;R$ 521,69;63,12;R$ 458,57;Sim;App;2024-01-11;2024-01-13;2024-01-17;;;TransPet Log;Despachado - em transito;embalagem para presente
PA-2024-02456;01/10/2024 06:10 AM;01/10/2024 09:10 AM;Pata Amiga Otacílio Costa;LJ-027;Centro;Petiscos;VALE PET;7;0;2;6,1;352.06;136,25;215.81;Sim;site;2024-01-13;2024-01-14;;;;Logistica Propria;Aguardando despacho;conferir endereco com o cliente
PA-2024-02431;01/10/2024 08:55 AM;01/10/2024 09:30 AM;PATA AMIGA CRICIUMA;LJ-021;Centro;RACAO;PIX;10;0;0;36.5;1.261,49;R$ 605,52;655.97;sim;Loja Fisica;;;;;;;Retirada na loja;pedido recorrente
PA-2024-02460;01/10/2024 09:38 AM;01/10/2024 10:13 AM;PATA AMIGA CURITIBANOS;;Santa Cruz;Higiene;pix;9;;0;9.5;294.81;114;180,72;Sim;whatsapp;2024-01-13;2024-01-14;2024-01-17;2024-01-20;R$ 19,88;Logistica Propria;Entregue;embalagem para presente
PA-2024-02420;01/10/2024 09:50 AM;01/10/2024 10:25 AM;Pata Amiga Palhoça;LJ-019;Passa Vinte;Rac.;Cartão de Crédito;11;1;0;32.3;1675.26;562,89;R$ 1.112,37;SIM;TELEFONE;2024-01-13;2024-01-14;2024-01-15;;;Entrega Expressa SC;Despachado - em transito;pedido recorrente
PA-2024-02399;01/10/2024 12:40 AM;01/10/2024 10:40 AM;pata amiga brusque;;Limeira;petisco;Boleto;1;0;0;3.5;35,86;R$ 0,00;35;N;SITE;2024-01-12;2024-01-13;2024-01-18;2024-01-20;R$ 8,79;Correios;Entregue;aguardando confirmacao de estoque
PA-2024-02414;01/10/2024 05:50 AM;01/10/2024 10:50 AM;Pata Amiga São Jose Kobrasol;LJ-018;Campinas;Racao;Vale Pet;2;;;6,8;281,49;94,58;186,91;true;APP;2024-01-13;2024-01-15;2024-01-17;2024-01-18;12,41;Rapido Catarinense;Entregue;
PA-2024-02462;01/10/2024 08:50 AM;01/10/2024 10:50 AM;Pata Amiga Curitibanos;LJ-028;Santa Cruz;HIGIENE;Cartao de Credito;11;1;0;36.1;560,31;216,84;343;sim;Site;2024-01-12;2024-01-13;2024-01-17;2024-01-19;125.40;Logistica Propria;Entregue;
PA-2024-02418;01/10/2024 08:05 AM;01/10/2024 11:05 AM;Pata Amiga Palhoça;LJ-019;Guarda do Cubatao;petisco;VALE PET;7;0;0;9,7;347.23;116,67;230,56;true;SITE;2024-01-13;2024-01-15;2024-01-17;2024-01-20;30.60;Entrega Expressa SC;Entregue;
PA-2024-02458;01/10/2024 06:05 AM;01/10/2024 11:05 AM;Pata Amiga Otacilio Costa;LJ-027;Centro;MEDICAMENTO;Cartão de Crédito;10;0;0;12,6;838,27;R$ 324,41;513.86;1;site;2024-01-14;2024-01-15;2024-01-25;2024-01-28;R$ 24,26;Logistica Propria;Entregue;produto fora de linha - substituido
PA-2024-02407;01/10/2024 10:23 AM;01/10/2024 11:13 AM;Pata Amiga São Jose Kobrasol;;Kobrasol;Petiscos;VALE PET;;0;0;7,4;165.05;55;109,59;1;App;;;;;;;Pedido cancelado;produto fora de linha - substituido
PA-2024-02433;01/10/2024 10:23 AM;01/10/2024 11:13 AM;Pata Amiga Criciúma;;Centro;Racao Medicamentosa;PIX;4;0;0;14.2;R$ 367,27;176.29;R$ 190,98;SIM;TELEFONE;2024-01-11;2024-01-12;2024-01-16;2024-01-17;46.48;Rapido Catarinense;Entregue;pedido recorrente
PA-2024-02417;01/10/2024 11:12 AM;01/10/2024 11:47 AM;Pata Amiga São José Kobrasol;;Real Parque;Medicamentos;Boleto;;0;;12.7;800,99;269,13;R$ 531,86;V;Whatsapp;2024-01-13;2024-01-15;2024-01-19;;;Correios;Despachado - em transito;
PA-2024-02442;01/10/2024 11:50 AM;01/10/2024 12:00 PM;PATA AMIGA LAGUNA;;Magalhaes;racao;BOLETO;10;1;0;16.0;;835;905;true;Telefone;2024-01-12;2024-01-14;2024-01-19;2024-01-20;R$ 34,92;TransPet Log;Entregue;aguardando confirmacao de estoque
PA-2024-02443;01/10/2024 02:05 AM;01/10/2024 12:05 PM;PATA AMIGA LAGUNA;LJ-024;Magalhaes;Ração Medicamentosa;pix;;0;2;42,4;R$ 1.697,65;814,87;882,78;true;;2024-01-12;2024-01-13;;;;TransPet Log;Aguardando despacho;pedido recorrente
PA-2024-02422;01/10/2024 09:12 AM;01/10/2024 12:12 PM;Pata Amiga Santo Amaro da Imperatriz;;Braco Sao Joao;MEDICAMENTO;Boleto;4;;0;5.2;483,42;91.85;391.57;X;WhatsApp;2024-01-13;2024-01-15;2024-01-26;2024-01-28;10,96;Correios;Entregue;cliente pediu entrega no periodo da tarde
PA-2024-02434;01/10/2024 12:38 PM;01/10/2024 12:58 PM;Pata Amiga Criciúma;LJ-021;Rio Maina;Racao Seca;Cartao de Debito;3;0;0;2,4;361.80;173,66;R$ 188,14;X;Site;2024-01-13;2024-01-13;2024-01-15;2024-01-18;10,58;Logistica Propria;Entregue;
PA-2024-02423;01/10/2024 12:50 PM;01/10/2024 01:10 PM;Pata Amiga Criciuma;;Centro;Ração;Pix;15;1;;61.4;2.711,58;1301.56;1410.02;V;SITE;;;;;;;Pedido cancelado;cliente pediu entrega no periodo da tarde
PA-2024-02454;01/10/2024 12:47 PM;01/10/2024 01:22 PM;Pata Amiga São Joaquim;;Centro;PETISCO;Especie;1;0;0;2.3;35.85;R$ 13,87;21,98;V;App Pata Amiga;2024-01-13;2024-01-15;2024-01-27;2024-01-28;10,39;Correios;Entregue;cliente pediu entrega no periodo da tarde
PA-2024-02459;01/10/2024 01:10 PM;01/10/2024 01:30 PM;PATA AMIGA OTACILIO COSTA;;Bela Vista;medicamento;pix;13;0;0;5,4;R$ 867,71;335,80;R$ 531,91;sim;loja fisica;;;;;;;Retirada na loja;
PA-2024-02421;01/10/2024 01:52 PM;01/10/2024 02:02 PM;Pata Amiga Palhoca;LJ-019;Ponte do Imaruim;racao;Vale Pet;7;N/I;0;23.2;R$ 735,17;R$ 247,02;488,15;sim;LOJA FISICA;;;;;;;Retirada na loja;conferir endereco com o cliente
PA-2024-02409;01/10/2024 01:52 PM;01/10/2024 02:12 PM;Pata Amiga Sao Jose Kobrasol/SC;LJ-018;Real Parque;RAÇÃO;PIX;9;0;0;20.7;;556,95;1100;V;;2024-01-13;2024-01-13;2024-01-16;2024-01-17;64;TransPet Log;Entregue;
PA-2024-02400;01/10/2024 09:40 AM;01/10/2024 02:40 PM;Pata Amiga Presidente Getulio;;Fundo Canoas;Serviço;Debito;;0;0;9.1;R$ 503,92;R$ 0,00;503,92;Não;Loja Fisica;;;;;;;Retirada na loja;
PA-2024-02404;01/10/2024 01:12 PM;01/10/2024 03:12 PM;PATA AMIGA SAO JOSE KOBRASOL;LJ-018;Forquilhinhas;MEDICAMENTO;CARTAO DE CREDITO;9;1;2;29,4;1010.22;339;670,79;true;App;2024-01-13;2024-01-15;2024-01-16;2024-01-18;86,38;Logistica Propria;Entregue;cliente pediu entrega no periodo da tarde
PA-2024-02413;01/10/2024 02:52 PM;01/10/2024 03:12 PM;PATA AMIGA SAO JOSE KOBRASOL;LJ-018;Real Parque;RAÇÃO;Pix;6;0;0;3.6;R$ 1.241,26;417,06;824;SIM;Tel.;2024-01-11;2024-01-13;;;;Correios;Aguardando despacho;aguardando confirmacao de estoque
PA-2024-02410;01/10/2024 02:25 PM;01/10/2024 03:45 PM;Pata Amiga Sao Jose Kobrasol;LJ-018;Forquilhinhas;racao;dinheiro;2;0;0;5,2;299,24;100,54;198,70;V;app;2024-01-12;2024-01-13;;;;Correios;Aguardando despacho;
PA-2024-02453;01/10/2024 05:07 PM;01/10/2024 05:17 PM;PATA AMIGA SAO JOAQUIM;LJ-026;Santa Terezinha;Higiene;dinheiro;12;1;0;25,7;543,17;R$ 210,21;R$ 332,96;sim;WHATSAPP;2024-01-14;2024-01-15;2024-01-28;;;Correios;Despachado - em transito;
PA-2024-02429;01/10/2024 07:35 AM;01/10/2024 05:35 PM;Pata Amiga Criciúma;LJ-021;Rio Maina;Petisco;dinheiro;8;0;0;18.0;311,12;149,34;161,78;true;Loja Física;;;;;;;Retirada na loja;conferir endereco com o cliente
PA-2024-02436;01/10/2024 12:40 PM;01/10/2024 05:40 PM;PATA AMIGA TUBARAO;;;Racao Medicamentosa;VALE PET;12;0;0;15,0;1645.22;R$ 789,71;R$ 855,51;sim;;2024-01-14;2024-01-17;2024-01-20;2024-01-22;51,55;Entrega Expressa SC;Entregue;
PA-2024-02398;01/10/2024 04:23 PM;01/10/2024 05:43 PM;PATA AMIGA ITAJAÍ PRAIA;LJ-003;Sao Vicente;Acessorios;CARTAO DE CREDITO;2;0;0;1,3;R$ 169,16;0,00;R$ 169,16;Não;APP;2024-01-13;2024-01-14;2024-01-16;2024-01-17;R$ 8,35;Correios;Entregue;aguardando confirmacao de estoque
PA-2024-02457;01/10/2024 05:23 PM;01/10/2024 05:43 PM;Pata Amiga Otacilio Costa;;Centro;racao;Especie;9;0;;10,5;1.640,96;635,05;1.005,91;V;;2024-01-15;2024-01-16;2024-01-23;2024-01-26;32,44;TransPet Log;Entregue;
PA-2024-02448;01/10/2024 05:23 PM;01/10/2024 05:58 PM;pata amiga lages;;Habitacao;Hig.;Boleto;4;0;-;11,6;134,79;R$ 52,16;82,63;SIM;Site;2024-01-11;2024-01-11;2024-01-15;2024-01-16;25,34;Logistica Propria;Entregue;pedido recorrente
PA-2024-02411;01/10/2024 05:07 PM;01/10/2024 06:27 PM;Pata Amiga Sao Jose Kobrasol;LJ-018;Kobrasol;RACAO;Cartao de Credito;6;0;0;3,9;R$ 656,45;R$ 220,57;435;true;Loja Física;;;;;;;Retirada na loja;cliente pediu entrega no periodo da tarde
PA-2024-02408;01/10/2024 06:07 PM;01/10/2024 06:57 PM;Pata Amiga São José Kobrasol;LJ-018;Kobrasol;racao;pix;1;N/I;0;2,7;99,76;R$ 33,52;66,24;X;Tel.;2024-01-12;2024-01-14;2024-01-18;2024-01-20;R$ 8,24;Rapido Catarinense;Entregue;cliente pediu entrega no periodo da tarde
PA-2024-02449;01/10/2024 05:45 PM;01/10/2024 07:05 PM;pata amiga lages;LJ-025;;Ração;Credito;5;0;0;13.3;1.066,02;412,55;R$ 653,47;sim;SITE;2024-01-12;2024-01-12;;;;Correios;Aguardando despacho;
PA-2024-02452;01/10/2024 05:52 PM;01/10/2024 07:12 PM;Pata Amiga Sao Joaquim;LJ-026;;Petisco;Cartão de Crédito;13;;;53,8;399;154,49;244,71;Sim;loja fisica;;;;;;;Retirada na loja;
PA-2024-02405;01/10/2024 06:23 PM;01/10/2024 07:13 PM;PATA AMIGA SAO JOSE KOBRASOL;LJ-018;Campinas;Racao Seca;Especie;12;0;0;20.4;R$ 1.700,18;571,26;;S;App;2024-01-14;2024-01-16;2024-01-18;2024-01-20;48.64;Correios;Entregue;
PA-2024-02416;01/10/2024 05:12 PM;01/10/2024 08:12 PM;Pata Amiga São José Kobrasol;LJ-018;Campinas;medicamento;boleto;7;0;0;21.8;877,90;294,97;R$ 582,93;sim;Loja Fisica;;;;;;;Retirada na loja;produto fora de linha - substituido
PA-2024-02430;01/10/2024 08:12 PM;01/10/2024 08:47 PM;Pata Amiga Criciuma;LJ-021;Rio Maina;Ração;Boleto;2;0;;3.8;351,79;R$ 168,86;182,93;SIM;SITE;2024-01-12;2024-01-13;2024-01-15;2024-01-17;R$ 13,45;Entrega Expressa SC;Entregue;conferir endereco com o cliente
PA-2024-02444;01/10/2024 08:30 PM;01/10/2024 09:05 PM;pata amiga laguna;LJ-024;Magalhaes;RAÇÃO;CARTAO DE DEBITO;16;2;1;32.7;3.631,41;1.743,08;R$ 1.888,33;S;Loja Física;;;;;;;Retirada na loja;
PA-2024-02425;01/10/2024 08:25 PM;01/10/2024 09:45 PM;Pata Amiga Criciuma/SC;;Sao Luiz;racao;Credito;16;2;0;28.7;2.138,43;1.026,45;R$ 1.111,98;S;Loja Fisica;;;;;;;Retirada na loja;cliente pediu entrega no periodo da tarde
PA-2024-02401;01/10/2024 09:12 PM;01/10/2024 10:32 PM;Pata Amiga Sao Bento do Sul;LJ-015;Centro;Brinquedos;Boleto;1;;0;1,3;-;0,00;65;false;Site;2024-01-12;2024-01-14;2024-01-19;2024-01-21;9;Entrega Expressa SC;Entregue;
PA-2024-02451;01/10/2024 09:52 PM;01/10/2024 10:42 PM;Pata Amiga Lages;LJ-025;Guarujal;Med.;vale pet;12;1;0;18.5;873.69;338.12;535;sim;SITE;2024-01-13;2024-01-14;2024-01-18;2024-01-20;63;Correios;Entregue;
PA-2024-02426;01/10/2024 06:00 PM;01/10/2024 11:00 PM;Pata Amiga Criciuma;LJ-021;Prospera;Ração;CARTAO DE CREDITO;17;2;0;58,2;2.544,67;1.221,44;1.323,23;V;Loja Física;;;;;;;Retirada na loja;
PA-2024-02412;01/10/2024 09:38 PM;01/10/2024 11:38 PM;PATA AMIGA SAO JOSE KOBRASOL;LJ-018;Forquilhinhas;Racao Seca;boleto;10;0;0;22.7;1789;601,44;1.188,55;S;WhatsApp;2024-01-11;;;;;Logistica Propria;Aguardando nota fiscal;produto fora de linha - substituido
PA-2024-02437;01/10/2024 11:25 PM;01/11/2024 12:00 AM;pata amiga araranguá;;Centro;medicamento;BOLETO;5;0;0;17.6;374,53;40,82;333,71;Sim;SITE;2024-01-15;;;;;Logistica Propria;Aguardando nota fiscal;
PA-2024-02435;01/10/2024 11:20 PM;01/11/2024 12:10 AM;Pata Amiga Criciúma;;Prospera;Petisco;Credito;14;1;0;56,1;503.58;R$ 241,72;261.86;SIM;Site;2024-01-13;2024-01-13;2024-01-16;2024-01-19;168,35;TransPet Log;Entregue;
PA-2024-02415;01/10/2024 07:50 PM;01/11/2024 12:50 AM;Pata Amiga São José Kobrasol;;;racao;Cartao de Credito;8;0;0;23,1;1658.86;557,38;R$ 1.101,48;SIM;Site;2024-01-15;2024-01-16;;;;Rapido Catarinense;Aguardando despacho;conferir endereco com o cliente
PA-2024-02515;01/11/2024 12:05 AM;01/11/2024 01:25 AM;PATA AMIGA LAGUNA;LJ-024;Magalhaes;Rac.;Boleto;7;1;0;12.4;1430.61;686,69;743,92;1;App;2024-01-14;2024-01-15;2024-01-18;2024-01-20;44,88;TransPet Log;Entregue;
PA-2024-02432;01/10/2024 03:30 PM;01/11/2024 01:30 AM;Pata Amiga Criciuma;LJ-021;Sao Luiz;Rac.;CARTAO DE CREDITO;8;0;0;27,1;-;724.09;R$ 784,44;SIM;App Pata Amiga;2024-01-13;2024-01-14;2024-01-15;2024-01-16;94.32;Rapido Catarinense;Entregue;
PA-2024-02402;01/10/2024 11:35 PM;01/11/2024 01:35 AM;Pata Amiga Florianopolis Norte/SC;;Rio Vermelho;Med.;Dinheiro;3;0;0;1,9;362,76;43,89;318;sim;TELEFONE;2024-01-13;2024-01-14;2024-01-17;;;Entrega Expressa SC;Despachado - em transito;pedido recorrente
PA-2024-02467;01/11/2024 01:07 AM;01/11/2024 01:42 AM;Pata Amiga Jaragua do Sul;;Centro;Racao;Cartão de Débito;5;0;0;2.3;R$ 603,38;127.31;R$ 476,07;;Site;2024-01-13;2024-01-14;2024-01-18;2024-01-21;8,69;TransPet Log;Entregue;
PA-2024-02502;01/11/2024 01:38 AM;01/11/2024 01:48 AM;Pata Amiga Tubarao;LJ-022;Passagem;RACAO;pix;11;1;2;7,3;1580.29;758,54;R$ 821,75;sim;Whatsapp;2024-01-15;2024-01-16;;;;TransPet Log;Aguardando despacho;conferir endereco com o cliente
PA-2024-02455;01/10/2024 09:05 PM;01/11/2024 02:05 AM;PATA AMIGA SAO JOAQUIM;LJ-026;Santa Terezinha;Petiscos;dinheiro;15;1;0;34.9;346;-;212,12;Sim;telefone;2024-01-14;2024-01-16;2024-01-25;2024-01-28;R$ 115,20;Rapido Catarinense;Entregue;cliente pediu entrega no periodo da tarde
PA-2024-02514;01/11/2024 01:45 AM;01/11/2024 02:05 AM;pata amiga laguna;LJ-024;Centro;Racao;BOLETO;13;;0;21,7;1602;769,30;833,40;1;App;2024-01-14;2024-01-17;2024-01-19;2024-01-21;31,07;TransPet Log;Entregue;
PA-2024-02406;01/10/2024 09:07 PM;01/11/2024 02:07 AM;Pata Amiga São Jose Kobrasol;;;Higiene;Vale Pet;11;1;0;44,3;R$ 567,66;190,73;376;X;App;2024-01-14;2024-01-14;2024-01-19;2024-01-21;R$ 150,29;Logistica Propria;Entregue;
PA-2024-02508;01/11/2024 12:20 AM;01/11/2024 02:20 AM;Pata Amiga Ararangua;;Cidade Alta;Racao;Credito;5;0;0;19.8;981;;510.21;S;app;2024-01-15;2024-01-16;2024-01-18;2024-01-20;50,75;Rapido Catarinense;Entregue;
PA-2024-02526;01/11/2024 02:00 AM;01/11/2024 02:20 AM;Pata Amiga Otacilio Costa;;Bela Vista;Rac.;Cartão de Crédito;6;0;0;4.7;R$ 1.340,15;R$ 643,27;696;;;;;;;;;Retirada na loja;
PA-2024-02487;01/11/2024 02:15 AM;01/11/2024 02:25 AM;Pata Amiga Sao Jose Kobrasol/SC;;Kobrasol;Racao Seca;VALE PET;8;0;n/d;11.2;1.109,19;532,41;;true;APP;2024-01-14;;;;;Entrega Expressa SC;Aguardando nota fiscal;pedido recorrente
PA-2024-02445;01/10/2024 06:05 PM;01/11/2024 04:05 AM;PATA AMIGA LAGES;LJ-025;;RAÇÃO;vale pet;6;0;N/I;3.7;945,64;-;579,68;;App Pata Amiga;2024-01-15;2024-01-17;2024-01-21;2024-01-23;R$ 16,35;Correios;Entregue;
PA-2024-02468;01/11/2024 03:35 AM;01/11/2024 04:25 AM;Pata Amiga Jaraguá do Sul;;Barra do Rio Cerro;Rac.;Credito;6;0;0;12.7;892,70;188,36;R$ 704,34;X;WhatsApp;2024-01-14;2024-01-16;2024-01-18;2024-01-21;23.91;Logistica Propria;Entregue;embalagem para presente
PA-2024-02465;01/11/2024 03:10 AM;01/11/2024 04:30 AM;pata amiga indaial;;Nacoes;Higiene;Dinheiro;1;0;0;0.4;44,48;0,00;44,48;Não;site;2024-01-13;2024-01-15;2024-01-17;2024-01-18;5.88;TransPet Log;Entregue;conferir endereco com o cliente
PA-2024-02522;01/11/2024 04:47 AM;01/11/2024 05:22 AM;Pata Amiga São Joaquim;LJ-026;Centro;MEDICAMENTO;VALE PET;11;0;0;23.3;675,98;324,47;351,51;X;site;2024-01-14;2024-01-15;2024-01-23;2024-01-24;67,02;Correios;Entregue;aguardando confirmacao de estoque
PA-2024-02461;01/10/2024 07:45 PM;01/11/2024 05:45 AM;Pata Amiga Curitibanos;;Centro;Medicamentos;Especie;13;2;1;25,2;1575.64;609;965.87;true;APP;2024-01-12;2024-01-13;2024-01-20;2024-01-24;71,89;TransPet Log;Entregue;
PA-2024-02492;01/11/2024 03:40 AM;01/11/2024 06:40 AM;PATA AMIGA SANTO AMARO DA IMPERATRIZ;LJ-020;Braco Sao Joao;Racao;dinheiro;11;1;;26,1;R$ 2.294,17;864,90;1.429,27;Sim;SITE;2024-01-14;2024-01-17;2024-01-28;2024-01-31;71,00;Entrega Expressa SC;Entregue;
PA-2024-02498;01/11/2024 06:47 AM;01/11/2024 07:22 AM;PATA AMIGA TUBARAO;;Oficinas;Petiscos;CARTAO DE DEBITO;15;1;0;38,3;491;235,92;255,59;S;Tel.;;;;;;;Pedido cancelado;
PA-2024-02488;01/11/2024 07:15 AM;01/11/2024 07:50 AM;Pata Amiga Sao Jose Kobrasol/SC;LJ-018;Kobrasol;MEDICAMENTO;Cartao de Credito;18;0;0;64.5;1.476,45;708;767.75;;LOJA FISICA;;;;;;;Retirada na loja;pedido recorrente
PA-2024-02518;01/11/2024 07:30 AM;01/11/2024 08:05 AM;pata amiga lages;;Coral;Med.;Dinheiro;;0;0;16.1;1404;R$ 674,06;730,24;SIM;LOJA FISICA;;;;;;;Retirada na loja;
PA-2024-02491;01/11/2024 05:23 AM;01/11/2024 08:23 AM;Pata Amiga Santo Amaro da Imperatriz;;Braco Sao Joao;petisco;Cartão de Débito;6;;0;18.6;288;108.58;179.44;1;APP;2024-01-15;2024-01-16;2024-01-22;2024-01-25;57,71;Entrega Expressa SC;Entregue;
PA-2024-02517;01/11/2024 05:25 AM;01/11/2024 08:25 AM;Pata Amiga Lages;LJ-025;Centro;PETISCO;PIX;14;0;;10.0;728,82;349,83;378;1;WHATSAPP;2024-01-13;2024-01-13;2024-01-15;2024-01-18;23,86;Entrega Expressa SC;Entregue;
PA-2024-02504;01/11/2024 03:40 AM;01/11/2024 08:40 AM;Pata Amiga Ararangua;;Urussanguinha;Medicamento;Boleto;13;;0;26.8;1.707,26;R$ 819,48;887,78;X;Loja Fisica;;;;;;;Retirada na loja;embalagem para presente
PA-2024-02525;01/11/2024 08:52 AM;01/11/2024 09:42 AM;Pata Amiga Otacilio  Costa;LJ-027;Bela Vista;RAÇÃO;PIX;8;1;n/d;16,2;1.744,19;837,21;906.98;sim;App;2024-01-12;;;;;Correios;Aguardando nota fiscal;
PA-2024-02474;01/11/2024 04:45 AM;01/11/2024 09:45 AM;Pata Amiga Florianópolis Norte;;Saco Grande;MEDICAMENTO;Cartão de Débito;13;0;1;19.9;R$ 1.540,84;479.20;1.061,64;;app;2024-01-13;2024-01-14;2024-01-19;2024-01-22;53,36;TransPet Log;Entregue;aguardando confirmacao de estoque
PA-2024-02503;01/11/2024 09:05 AM;01/11/2024 09:55 AM;PATA AMIGA TUBARAO;LJ-022;Centro;Rac.;DINHEIRO;15;0;2;23.2;;R$ 918,01;994,52;Sim;SITE;2024-01-14;2024-01-15;2024-01-18;;;Logistica Propria;Despachado - em transito;embalagem para presente
PA-2024-02519;01/11/2024 08:45 AM;01/11/2024 10:05 AM;pata amiga lages;LJ-025;Habitacao;RACAO;BOLETO;8;;0;28,5;1475.91;708,44;767.47;sim;TELEFONE;2024-01-14;2024-01-16;2024-01-18;2024-01-20;41,46;Correios;Entregue;
PA-2024-02480;01/11/2024 07:20 AM;01/11/2024 10:20 AM;Pata Amiga Florianopolis Norte;;Rio Vermelho;petisco;DINHEIRO;5;0;0;16,2;251,82;78.32;R$ 173,50;Sim;APP;2024-01-13;2024-01-14;2024-01-16;2024-01-18;R$ 35,14;Correios;Entregue;produto fora de linha - substituido
PA-2024-02496;01/11/2024 09:45 AM;01/11/2024 10:20 AM;PATA AMIGA SANTO AMARO DA IMPERATRIZ;;Braco Sao Joao;Medicamento;Dinheiro;14;1;0;52,7;983.90;370,93;612,97;true;Loja Física;;;;;;;Retirada na loja;aguardando confirmacao de estoque
PA-2024-02501;01/11/2024 09:55 AM;01/11/2024 10:45 AM;PATA AMIGA TUBARAO;LJ-022;Humaita;Hig.;BOLETO;12;1;0;27.6;388,19;R$ 186,33;201,86;Sim;Loja Fisica;;;;;;;Retirada na loja;pedido recorrente
PA-2024-02532;01/11/2024 10:15 AM;01/11/2024 10:50 AM;PATA AMIGA CURITIBANOS;LJ-028;Santa Cruz;Ração;boleto;12;1;0;19,0;1.758,28;R$ 843,97;R$ 914,31;Sim;APP;2024-01-15;2024-01-16;;;;TransPet Log;Aguardando despacho;pedido recorrente
PA-2024-02516;01/11/2024 12:52 AM;01/11/2024 10:52 AM;pata amiga lages;LJ-025;Guarujal;petisco;DINHEIRO;13;1;0;39.6;654,25;314;340;;site;2024-01-13;2024-01-14;2024-01-16;2024-01-18;79,56;Logistica Propria;Entregue;
PA-2024-02485;01/11/2024 10:47 AM;01/11/2024 11:22 AM;pata amiga florianopolis norte;;Saco Grande;Petiscos;Dinheiro;6;0;;23.7;254.68;79,21;R$ 175,47;Sim;Loja Fisica;;;;;;;Retirada na loja;aguardando confirmacao de estoque
PA-2024-02490;01/11/2024 06:35 AM;01/11/2024 11:35 AM;PATA AMIGA SANTO AMARO DA IMPERATRIZ;LJ-020;Sul do Rio;RAÇÃO;DINHEIRO;5;0;0;9,7;553,83;208,79;345,04;SIM;site;2024-01-15;2024-01-16;2024-01-28;2024-01-31;29.94;Entrega Expressa SC;Entregue;
PA-2024-02528;01/11/2024 10:23 AM;01/11/2024 11:43 AM;Pata Amiga Otacílio Costa;LJ-027;Bela Vista;Racao;boleto;15;1;;29,1;3431.14;1.646,95;R$ 1.784,19;1;App Pata Amiga;2024-01-13;2024-01-15;;;;Correios;Aguardando despacho;produto fora de linha - substituido
PA-2024-02470;01/11/2024 06:47 AM;01/11/2024 11:47 AM;Pata Amiga Jgua do Sul;LJ-014;Ilha da Figueira;racao;Cartão de Débito;8;;0;15.9;1.751,45;369,56;1381.89;Sim;app;2024-01-15;2024-01-17;2024-01-22;2024-01-23;37,31;Logistica Propria;Entregue;
PA-2024-02521;01/11/2024 10:15 AM;01/11/2024 12:15 PM;PATA AMIGA SAO JOAQUIM;;Centro;higiene;vale pet;17;3;0;13.4;747.61;R$ 358,85;388,76;SIM;APP;2024-01-14;2024-01-15;;;;TransPet Log;Aguardando despacho;pedido recorrente
PA-2024-02463;01/11/2024 11:00 AM;01/11/2024 12:20 PM;Pata Amiga Blumenal Centro;LJ-001;Ribeirao Fresco;Servicos;Pix;4;;0;3,4;361,72;0,00;361,72;nao;APP;2024-01-13;2024-01-13;2024-01-17;2024-01-18;R$ 15,27;Rapido Catarinense;Entregue;cliente pediu entrega no periodo da tarde
PA-2024-02507;01/11/2024 12:15 PM;01/11/2024 01:05 PM;Pata Amiga Ararangua;LJ-023;;Ração;CARTAO DE DEBITO;19;2;0;13.1;3638;1.746,48;1.892,01;SIM;site;2024-01-14;2024-01-15;;;;Entrega Expressa SC;Aguardando despacho;embalagem para presente
PA-2024-02493;01/11/2024 12:55 PM;01/11/2024 01:15 PM;Pata Amiga Santo Amaro da Imperatriz;LJ-020;;medicamento;Especie;8;0;0;33.1;R$ 671,41;253,12;418.29;S;App Pata Amiga;2024-01-16;2024-01-18;2024-01-29;2024-02-02;68,36;Logistica Propria;Entregue;produto fora de linha - substituido
PA-2024-02486;01/11/2024 01:20 PM;01/11/2024 01:30 PM;Pata Amiga Florianópolis Norte;LJ-017;Trindade;HIGIENE;PIX;11;0;0;44.0;335,33;104;231,04;SIM;Loja Fisica;;;;;;;Retirada na loja;conferir endereco com o cliente
PA-2024-02469;01/11/2024 11:38 AM;01/11/2024 02:38 PM;PATA AMIGA JARAGUA DO SUL;LJ-014;Jaragua Esquerdo;Medicamento;VALE PET;8;0;0;6.4;980,44;206,87;773,57;sim;app;;;;;;;Pedido cancelado;produto fora de linha - substituido
PA-2024-02500;01/11/2024 02:35 PM;01/11/2024 03:10 PM;Pata Amiga Tubarao;;;Racao Medicamentosa;VALE PET;12;1;0;8,4;1.648,76;;;Sim;telefone;2024-01-14;;;;;Entrega Expressa SC;Aguardando nota fiscal;conferir endereco com o cliente
PA-2024-02494;01/11/2024 11:00 AM;01/11/2024 04:00 PM;PATA AMIGA SANTO AMARO DA IMPERATRIZ;LJ-020;Sul do Rio;RACAO;pix;12;1;;44.3;1.968,47;742.11;1226.36;Sim;app;2024-01-15;2024-01-15;2024-01-24;;;Correios;Despachado - em transito;pedido recorrente
PA-2024-02531;01/11/2024 03:25 PM;01/11/2024 04:00 PM;pata amiga curitibanos;LJ-028;Centro;petisco;vale pet;17;0;0;17,8;548,86;R$ 263,45;R$ 285,41;SIM;Site;2024-01-14;2024-01-14;2024-01-17;2024-01-19;29,59;Rapido Catarinense;Entregue;
PA-2024-02511;01/11/2024 02:50 PM;01/11/2024 04:10 PM;Pata Amiga Laguna/SC;LJ-024;Centro;RACAO;PIX;16;0;0;58,9;3523.11;1.691,09;-;sim;;2024-01-13;2024-01-14;2024-01-19;2024-01-21;180,98;TransPet Log;Entregue;embalagem para presente
PA-2024-02506;01/11/2024 04:00 PM;01/11/2024 04:35 PM;Pata Amiga Ararangua;LJ-023;Cidade Alta;Medicamento;Cartão de Débito;10;1;2;19.2;767,51;368,40;399.11;sim;;2024-01-13;2024-01-14;;;;Logistica Propria;Aguardando despacho;conferir endereco com o cliente
PA-2024-02483;01/11/2024 06:50 AM;01/11/2024 04:50 PM;Pata Amiga Florianópolis Norte;LJ-017;Trindade;Racao Seca;CARTAO DE DEBITO;8;0;0;19.3;807.38;251;;X;Site;2024-01-14;2024-01-15;2024-01-18;2024-01-20;55,23;Correios;Entregue;
PA-2024-02529;01/11/2024 04:07 PM;01/11/2024 04:57 PM;PATA AMIGA CURITIBANOS;;;RACAO;Boleto;4;0;0;15.0;427.00;204,96;222.04;V;App Pata Amiga;2024-01-14;2024-01-14;2024-01-17;2024-01-19;36,95;Correios;Entregue;conferir endereco com o cliente
PA-2024-02495;01/11/2024 04:47 PM;01/11/2024 05:07 PM;PATA AMIGA SANTO AMARO DA IMPERATRIZ;LJ-020;Braco Sao Joao;Rac.;vale pet;12;1;0;15,2;1.270,22;478,87;791,35;X;telefone;2024-01-14;2024-01-14;2024-01-25;2024-01-29;51.33;Rapido Catarinense;Entregue;
PA-2024-02475;01/11/2024 07:40 AM;01/11/2024 05:40 PM;pata amiga florianopolis norte;;Centro;Petisco;VALE PET;10;0;0;27.4;R$ 508,59;R$ 158,17;R$ 350,42;1;Site;2024-01-13;2024-01-15;2024-01-21;2024-01-22;R$ 46,37;Logistica Propria;Entregue;
PA-2024-02527;01/11/2024 05:05 PM;01/11/2024 05:40 PM;Pata Amiga Otacílio Costa;;Bela Vista;Petiscos;Vale Pet;17;1;0;21,5;612,22;293,87;R$ 318,35;V;app;2024-01-15;2024-01-17;2024-01-22;2024-01-24;31;Logistica Propria;Entregue;
PA-2024-02484;01/11/2024 03:15 PM;01/11/2024 06:15 PM;Pata Amiga Floripa Norte;LJ-017;Saco Grande;Racao Seca;Vale Pet;6;0;0;8.9;658.60;R$ 204,82;453,78;S;telefone;2024-01-15;2024-01-16;2024-01-20;2024-01-22;20;Correios;Entregue;embalagem para presente
PA-2024-02509;01/11/2024 06:25 PM;01/11/2024 06:45 PM;pata amiga laguna;LJ-024;Magalhaes;Racao;BOLETO;;1;0;26,5;1467.46;704,38;R$ 763,08;sim;TELEFONE;2024-01-13;;;;;Rapido Catarinense;Aguardando nota fiscal;embalagem para presente
PA-2024-02482;01/11/2024 04:47 PM;01/11/2024 06:47 PM;pata amiga florianopolis norte;LJ-017;Saco Grande;Ração;Credito;5;0;0;19.9;R$ 701,20;R$ 218,07;483.13;Sim;App Pata Amiga;2024-01-13;2024-01-13;2024-01-17;;;Rapido Catarinense;Despachado - em transito;embalagem para presente
PA-2024-02472;01/11/2024 05:05 PM;01/11/2024 07:05 PM;Pata Amiga Jaragua Do Sul;;Jaragua Esquerdo;Higiene e Beleza;Vale Pet;5;0;0;9,8;215,22;45,41;169,81;S;Site;2024-01-15;;;;;Entrega Expressa SC;Aguardando nota fiscal;produto fora de linha - substituido
PA-2024-02530;01/11/2024 06:47 PM;01/11/2024 07:22 PM;Pata Amiga Curitibanos;;Centro;RACAO;boleto;18;0;0;38.8;R$ 3.596,28;R$ 1.726,21;1.870,07;sim;TELEFONE;2024-01-15;2024-01-17;2024-01-22;;;Entrega Expressa SC;Despachado - em transito;
PA-2024-02505;01/11/2024 07:52 PM;01/11/2024 08:02 PM;PATA AMIGA ARARANGUA;;Centro;Racao;BOLETO;18;3;0;75.5;R$ 3.220,19;1.545,69;R$ 1.674,50;Sim;WHATSAPP;2024-01-15;2024-01-16;2024-01-19;2024-01-22;R$ 252,06;Rapido Catarinense;Entregue;
PA-2024-02489;01/11/2024 05:20 PM;01/11/2024 08:20 PM;Pata Amiga São José Kobrasol;LJ-018;Forquilhinhas;Petisco;Cartão de Débito;12;1;0;17.6;358,35;172.01;R$ 186,34;1;Telefone;2024-01-13;2024-01-15;2024-01-17;2024-01-18;40,29;Logistica Propria;Entregue;
PA-2024-02533;01/11/2024 07:38 PM;01/11/2024 08:28 PM;Pata Amiga Concordia;LJ-030;Centro;Acessório;CARTAO DE CREDITO;3;0;;9.0;203.40;0;203;N;;;;;;;;Pedido cancelado;aguardando confirmacao de estoque
PA-2024-02466;01/11/2024 08:15 PM;01/11/2024 09:05 PM;PATA AMIGA JOINVILLE SUL;;Jarivatuba;brinquedo;PIX;4;0;;13,8;176,58;0,00;176.58;false;APP;2024-01-12;2024-01-14;2024-01-16;2024-01-17;;Rapido Catarinense;Entregue;pedido recorrente
PA-2024-02499;01/11/2024 08:38 PM;01/11/2024 09:13 PM;Pata Amiga Tubarão;LJ-022;Passagem;Medicamento;DINHEIRO;;0;0;46.2;1.013,60;R$ 486,53;R$ 527,07;;Loja Fisica;;;;;;;Retirada na loja;
PA-2024-02512;01/11/2024 11:23 AM;01/11/2024 09:23 PM;Pata Amiga Laguna;LJ-024;Magalhaes;Petiscos;Dinheiro;20;0;0;78.2;R$ 827,10;R$ 397,01;430,09;SIM;Site;2024-01-13;2024-01-14;2024-01-15;2024-01-17;R$ 183,43;Logistica Propria;Entregue;
PA-2024-02464;01/11/2024 05:00 PM;01/11/2024 10:00 PM;PATA AMIGA ITAJAÍ PRAIA;LJ-003;Cordeiros;Petisco;pix;1;-;0;1.7;23;0,00;23.50;;site;2024-01-13;2024-01-14;2024-01-17;2024-01-19;R$ 9,58;Entrega Expressa SC;Entregue;cliente pediu entrega no periodo da tarde
PA-2024-02476;01/11/2024 10:07 PM;01/11/2024 10:57 PM;pata amiga florianopolis norte;;Centro;RACAO;Cartão de Crédito;12;0;0;11,3;2562.06;796;R$ 1.765,26;SIM;App;2024-01-14;2024-01-15;2024-01-18;2024-01-20;28,62;Correios;Entregue;embalagem para presente
PA-2024-02523;01/11/2024 10:35 PM;01/11/2024 11:10 PM;PATA AMIGA SAO JOAQUIM;;Centro;higiene;pix;17;2;0;48.5;1.073,02;515,05;R$ 557,97;SIM;Site;2024-01-16;2024-01-17;2024-01-24;2024-01-27;163.85;Entrega Expressa SC;Entregue;cliente pediu entrega no periodo da tarde
PA-2024-02520;01/11/2024 11:07 PM;01/11/2024 11:27 PM;pata amiga lages;;Coral;Rac.;Vale Pet;14;2;0;16.2;R$ 2.265,25;R$ 1.087,32;1177.93;X;APP;2024-01-14;2024-01-14;;;;TransPet Log;Aguardando despacho;
PA-2024-02513;01/11/2024 10:55 PM;01/11/2024 11:45 PM;PATA AMIGA LAGUNA;LJ-024;Ponta das Pedras;RAÇÃO;pix;13;0;0;6.6;1.203,40;R$ 577,63;625,77;1;Loja Física;;;;;;;Retirada na loja;
PA-2024-02478;01/11/2024 11:12 PM;01/12/2024 12:02 AM;pata amiga florianopolis norte;;Ingleses;Petiscos;BOLETO;10;1;0;21.5;310.65;R$ 96,61;214,04;sim;site;2024-01-15;2024-01-17;2024-01-20;2024-01-22;72,62;Logistica Propria;Entregue;cliente pediu entrega no periodo da tarde
PA-2024-02545;01/12/2024 12:00 AM;01/12/2024 12:10 AM;Pata Amiga Brusque;LJ-004;Dom Joaquim;Rac.;Cartao de Credito;4;0;0;7.0;580,51;116,10;;sim;App Pata Amiga;;;;;;;Pedido cancelado;
PA-2024-02471;01/11/2024 10:52 PM;01/12/2024 12:12 AM;Pata Amiga Jaraguá do Sul;LJ-014;Centro;Higiene;boleto;5;0;0;18.3;R$ 164,22;34,65;129,57;true;WHATSAPP;;;;;;;Pedido cancelado;
PA-2024-02497;01/11/2024 10:55 PM;01/12/2024 12:15 AM;PATA AMIGA CRICIUMA;LJ-021;Sao Luiz;Servicos;Dinheiro;4;0;0;10,7;;R$ 22,69;361;SIM;App Pata Amiga;2024-01-14;2024-01-15;2024-01-18;2024-01-21;33,73;Logistica Propria;Entregue;
PA-2024-02481;01/11/2024 11:00 PM;01/12/2024 12:20 AM;Pata Amiga Florianopolis Norte/SC;;;Racao;Pix;13;2;0;16,0;2.814,26;R$ 875,23;1.939,03;1;APP;2024-01-14;;;;;Logistica Propria;Aguardando nota fiscal;
PA-2024-02479;01/11/2024 02:30 PM;01/12/2024 12:30 AM;Pata Amiga Florianopolis Norte/SC;;Costeira;Petisco;Vale Pet;5;0;;9.9;215,48;67,01;148;Sim;telefone;2024-01-14;2024-01-15;2024-01-17;2024-01-18;23,89;TransPet Log;Entregue;
PA-2024-02477;01/11/2024 11:05 PM;01/12/2024 01:05 AM;Pata Amiga Florianópolis Norte;;Saco Grande;racao;PIX;5;0;0;13.0;1.011,35;R$ 314,53;R$ 696,82;SIM;App;2024-01-15;2024-01-16;2024-01-22;2024-01-24;39,43;Rapido Catarinense;Entregue;
PA-2024-02510;01/11/2024 11:25 PM;01/12/2024 01:25 AM;Pata Amiga Laguna;;Magalhaes;Medicamentos;Boleto;17;0;1;57,3;1.884,02;904,33;R$ 979,69;sim;site;2024-01-16;2024-01-18;2024-01-22;2024-01-23;179;Correios;Entregue;
PA-2024-02524;01/11/2024 10:50 PM;01/12/2024 01:50 AM;Pata Amiga Otacilio  Costa;;Centro;Ração;Cartão de Crédito;7;1;0;25,3;;352.97;R$ 382,39;X;loja fisica;;;;;;;Retirada na loja;conferir endereco com o cliente
PA-2024-02567;01/12/2024 01:52 AM;01/12/2024 02:12 AM;Pata Amiga Araranguá;LJ-023;Urussanguinha;RACAO;dinheiro;16;N/I;0;34.3;2327;1.117,17;R$ 1.210,27;true;Telefone;2024-01-14;2024-01-15;2024-01-20;2024-01-23;83.93;Correios;Entregue;produto fora de linha - substituido
PA-2024-02554;01/12/2024 12:52 AM;01/12/2024 02:52 AM;PATA AMIGA SANTO AMARO DA IMPERATRIZ;LJ-020;Centro;Medicamentos;Especie;10;;0;12,1;R$ 634,86;151,10;483;V;App;2024-01-16;2024-01-18;2024-01-26;2024-01-30;R$ 40,60;Correios;Entregue;
PA-2024-02473;01/11/2024 06:30 PM;01/12/2024 04:30 AM;PATA AMIGA SAO BENTO DO SUL;;Centro;Acessorios;Pix;1;0;0;0,6;86;0,00;R$ 86,98;N;APP;2024-01-15;2024-01-16;2024-01-20;2024-01-22;6,52;Correios;Entregue;
PA-2024-02555;01/12/2024 04:12 AM;01/12/2024 04:47 AM;Pata Amiga Santo Amaro da Imperatriz;LJ-020;Braco Sao Joao;Medicamentos;CARTAO DE CREDITO;7;;0;18,5;1.014,69;241,50;773,19;S;Loja Física;;;;;;;Retirada na loja;
PA-2024-02563;01/12/2024 06:00 AM;01/12/2024 06:20 AM;pata amiga araranguá;LJ-023;Urussanguinha;medicamento;VALE PET;13;2;0;18.6;786,81;377,67;409,14;sim;Whatsapp;2024-01-14;2024-01-14;2024-01-20;2024-01-23;61;Entrega Expressa SC;Entregue;aguardando confirmacao de estoque
PA-2024-02558;01/12/2024 05:52 AM;01/12/2024 06:27 AM;pata amiga criciuma;LJ-021;Centro;medicamento;Cartão de Crédito;9;0;2;32.8;R$ 536,74;230.26;306,48;S;App;2024-01-14;2024-01-14;2024-01-16;2024-01-18;103,09;Rapido Catarinense;Entregue;
PA-2024-02536;01/12/2024 06:45 AM;01/12/2024 06:55 AM;Pata Amiga Itajai Praia/SC;;;PETISCO;Cartão de Crédito;9;0;1;36,3;288.47;R$ 57,69;R$ 230,78;S;whatsapp;2024-01-16;2024-01-18;2024-01-24;2024-01-26;R$ 78,71;Entrega Expressa SC;Entregue;aguardando confirmacao de estoque
PA-2024-02553;01/12/2024 05:07 AM;01/12/2024 07:07 AM;PATA AMIGA SAO JOSE KOBRASOL;LJ-018;Real Parque;Med.;Vale Pet;17;;0;17.2;R$ 1.916,61;919,97;996,64;1;site;2024-01-15;2024-01-16;2024-01-21;2024-01-23;R$ 47,13;Logistica Propria;Entregue;
PA-2024-02540;01/12/2024 04:52 AM;01/12/2024 07:52 AM;Pata Amiga Itajai Praia;LJ-003;Cordeiros;Ração;PIX;6;0;0;14,0;1.032,86;206;826,29;S;site;2024-01-17;2024-01-19;;;;Entrega Expressa SC;Aguardando despacho;produto fora de linha - substituido
PA-2024-02542;01/12/2024 07:25 AM;01/12/2024 09:25 AM;pata amiga brusque;LJ-004;Limeira;RAÇÃO;VALE PET;-;;0;24.3;1720.20;344,04;1376.16;;App;2024-01-15;2024-01-16;2024-01-19;2024-01-21;59.20;Entrega Expressa SC;Entregue;conferir endereco com o cliente
PA-2024-02549;01/12/2024 04:52 AM;01/12/2024 09:52 AM;Pata Amiga Jgua do Sul;;Jaragua Esquerdo;brinquedo;VALE PET;;0;0;6,9;129,71;;129;Não;app;2024-01-15;2024-01-17;2024-01-20;2024-01-22;R$ 18,65;Correios;Entregue;aguardando confirmacao de estoque
PA-2024-02556;01/12/2024 09:23 AM;01/12/2024 09:58 AM;Pata Amiga Santo Amaro da Imperatriz;;Centro;medicamento;Vale Pet;7;0;0;8.5;540;128;;;Loja Física;;;;;;;Retirada na loja;pedido recorrente
PA-2024-02550;01/12/2024 12:50 AM;01/12/2024 10:50 AM;Pata Amiga Itapoa;LJ-016;Balneario Itapoa;Higiene e Beleza;boleto;2;0;0;7.7;;R$ 0,00;51,44;N;App;2024-01-15;2024-01-16;2024-01-28;2024-01-29;R$ 30,31;Correios;Entregue;conferir endereco com o cliente
PA-2024-02562;01/12/2024 08:12 AM;01/12/2024 11:12 AM;Pata Amiga Ararangua;LJ-023;Cidade Alta;Higiene e Beleza;pix;9;0;0;18.7;R$ 364,07;174;189;1;App;2024-01-14;2024-01-15;2024-01-18;;;Correios;Despachado - em transito;
PA-2024-02534;01/12/2024 08:35 AM;01/12/2024 11:35 AM; Pata Amiga Blumenau Centro;;Salto do Norte;Petisco;PIX;2;0;0;1.2;76,41;R$ 0,00;76,41;false;app;2024-01-14;2024-01-14;2024-01-17;2024-01-19;6.84;Logistica Propria;Entregue;
PA-2024-02543;01/12/2024 08:10 AM;01/12/2024 01:10 PM;pata amiga brusque;LJ-004;Aguas Claras;Racao Medicamentosa;Cartao de Debito;9;0;0;27,3;899,41;179.88;719,53;1;LOJA FISICA;;;;;;;Retirada na loja;produto fora de linha - substituido
PA-2024-02565;01/12/2024 12:40 PM;01/12/2024 01:15 PM;Pata Amiga Araranguá;LJ-023;Centro;Ração;Cartão de Crédito;16;0;0;49.5;R$ 1.475,33;R$ 708,16;767,17;sim;WHATSAPP;2024-01-15;2024-01-16;2024-01-21;2024-01-23;133.77;Logistica Propria;Entregue;produto fora de linha - substituido
PA-2024-02548;01/12/2024 11:25 AM;01/12/2024 01:25 PM;Pata Amiga Taió;LJ-009;Centro;Higiene;Cartão de Crédito;1;;0;3.4;34,91;0,00;34,91;0;Whatsapp;2024-01-15;;;;;Correios;Aguardando nota fiscal;
PA-2024-02544;01/12/2024 08:38 AM;01/12/2024 01:38 PM;PATA AMIGA BRUSQUE;LJ-004;Aguas Claras;RACAO;PIX;6;;0;14.6;714.50;142,90;571;V;app;2024-01-15;2024-01-16;;;;Rapido Catarinense;Aguardando despacho;conferir endereco com o cliente
PA-2024-02541;01/12/2024 09:20 AM;01/12/2024 02:20 PM;PATA AMIGA ITAJAÍ PRAIA;LJ-003;Sao Vicente;racao;Pix;5;0;0;19.8;663,54;R$ 132,71;530,83;sim;App;2024-01-14;2024-01-15;2024-01-18;2024-01-20;37.79;Logistica Propria;Entregue;
PA-2024-02557;01/12/2024 01:52 PM;01/12/2024 02:27 PM;PATA AMIGA CRICIUMA;LJ-021;Prospera;Petiscos;BOLETO;9;0;0;20.4;253.75;108,86;R$ 144,89;1;app;2024-01-15;2024-01-16;2024-01-19;2024-01-23;R$ 43,08;Logistica Propria;Entregue;
PA-2024-02568;01/12/2024 02:52 PM;01/12/2024 03:42 PM;Pata Amiga Ararangua;;Cidade Alta;RAÇÃO;CARTAO DE DEBITO;13;0;0;22.9;1536.12;R$ 737,34;798,78;Sim;App;2024-01-15;2024-01-17;2024-01-20;2024-01-22;66,91;Correios;Entregue;aguardando confirmacao de estoque
PA-2024-02566;01/12/2024 02:47 PM;01/12/2024 04:07 PM;PATA AMIGA ARARANGUA;LJ-023;Centro;Racao Seca;DINHEIRO;19;0;0;30.3;R$ 4.020,07;1.929,63;2090;SIM;App Pata Amiga;2024-01-16;2024-01-18;2024-01-21;2024-01-24;50.99;Rapido Catarinense;Entregue;conferir endereco com o cliente
PA-2024-02564;01/12/2024 04:00 PM;01/12/2024 04:10 PM;PATA AMIGA ARARANGUA;;Cidade Alta;Petisco;Especie;6;-;0;11.6;R$ 261,00;;135,72;S;Loja Fisica;;;;;;;Retirada na loja;cliente pediu entrega no periodo da tarde
PA-2024-02537;01/12/2024 04:05 PM;01/12/2024 04:15 PM;PATA AMIGA ITAJAI PRAIA;LJ-003;Cordeiros;Med.;Pix;8;0;0;28,0;647.97;129,59;518,38;S;;2024-01-16;2024-01-17;2024-01-19;2024-01-20;R$ 50,15;Entrega Expressa SC;Entregue;cliente pediu entrega no periodo da tarde
PA-2024-02571;01/12/2024 03:47 PM;01/12/2024 04:37 PM;pata amiga chapeco;LJ-029;Passo dos Fortes;Servicos;DINHEIRO;2;0;0;8,3;R$ 225,87;20,78;205,09;Sim;app;2024-01-14;2024-01-16;2024-01-20;2024-01-23;30;Rapido Catarinense;Entregue;conferir endereco com o cliente
PA-2024-02552;01/12/2024 04:40 PM;01/12/2024 05:00 PM;Pata Amiga Florianopolis Norte/SC;LJ-017;Saco Grande;Petiscos;CARTAO DE CREDITO;6;0;1;7,0;187.48;34,87;152;SIM;App Pata Amiga;2024-01-14;2024-01-16;;;;Logistica Propria;Aguardando despacho;cliente pediu entrega no periodo da tarde
PA-2024-02570;01/12/2024 05:23 PM;01/12/2024 05:43 PM;PATA AMIGA LAGUNA;;Centro;RACAO;Cartão de Crédito;13;2;0;40,4;2.963,40;R$ 776,41;2.186,99;true;Loja Fisica;;;;;;;Retirada na loja;pedido recorrente
PA-2024-02547;01/12/2024 05:30 PM;01/12/2024 05:50 PM;pata amiga gaspar;;Figueira;servico;CARTAO DE DEBITO;2;;0;3.7;226,29;0,00;226,29;nao;WhatsApp;2024-01-16;2024-01-17;2024-01-23;2024-01-24;14,03;Entrega Expressa SC;Entregue;cliente pediu entrega no periodo da tarde
PA-2024-02559;01/12/2024 05:15 PM;01/12/2024 05:50 PM;Pata Amiga Criciúma;LJ-021;;medicamento;Especie;3;;0;9.1;R$ 384,53;164,96;219,57;SIM;App Pata Amiga;2024-01-14;2024-01-15;2024-01-19;2024-01-21;21,17;Correios;Entregue;
PA-2024-02551;01/12/2024 06:55 PM;01/12/2024 07:05 PM;pata amiga florianopolis norte;;Trindade;Racao;pix;8;;0;22.4;1458.92;R$ 271,36;R$ 1.187,56;S;APP;2024-01-13;2024-01-14;2024-01-18;2024-01-19;38,97;Logistica Propria;Entregue;
PA-2024-02572;01/12/2024 06:05 PM;01/12/2024 07:25 PM;Pata Amiga Sao Miguel do Oeste;LJ-032;Agostini;Serviço;PIX;5;0;0;12,1;R$ 553,91;50.96;502,95;S;whatsapp;2024-01-14;2024-01-14;2024-01-19;2024-01-21;R$ 40,44;Entrega Expressa SC;Entregue;pedido recorrente
PA-2024-02546;01/12/2024 07:47 PM;01/12/2024 08:37 PM;Pata Amiga Timbo;;Araponguinhas;Petisco;Credito;1;0;;2.9;36.64;R$ 0,00;36,64;Nao;site;2024-01-14;2024-01-15;2024-01-19;2024-01-21;R$ 12,87;Entrega Expressa SC;Entregue;pedido recorrente
PA-2024-02535;01/12/2024 09:07 PM;01/12/2024 09:17 PM;PATA AMIGA ITAJAI PRAIA;LJ-003;Fazenda;Ração Medicamentosa;Cartao de Credito;5;0;;15,8;520.53;104,11;-;X;app;2024-01-14;2024-01-14;2024-01-18;2024-01-21;26,58;Entrega Expressa SC;Entregue;pedido recorrente
PA-2024-02561;01/12/2024 10:50 PM;01/12/2024 11:00 PM;PATA AMIGA ARARANGUA;LJ-023;Centro;Rac.;Dinheiro;16;0;0;11,2;1.828,70;877,78;950.92;Sim;App Pata Amiga;2024-01-14;2024-01-14;2024-01-16;2024-01-18;37.73;TransPet Log;Entregue;aguardando confirmacao de estoque
PA-2024-02588;01/13/2024 12:00 AM;01/13/2024 12:10 AM;PATA AMIGA ITAJAI PRAIA;LJ-003;Fazenda;HIGIENE;Pix;-;0;0;15.8;686,99;285,10;R$ 401,89;Sim;loja fisica;;;;;;;Retirada na loja;produto fora de linha - substituido
PA-2024-02595;01/13/2024 12:07 AM;01/13/2024 12:17 AM;Pata Amiga Brusque;LJ-004;;Petisco;CARTAO DE DEBITO;14;0;;24.7;582,51;241,74;R$ 340,77;Sim;whatsapp;2024-01-16;2024-01-17;2024-01-18;2024-01-19;79.40;Correios;Entregue;pedido recorrente
PA-2024-02569;01/12/2024 11:38 PM;01/13/2024 12:28 AM;PATA AMIGA LAGUNA;LJ-024;Centro;Ração;Cartão de Crédito;7;0;0;9.6;1.431,16;R$ 374,96;1.056,20;X;SITE;2024-01-14;2024-01-16;2024-01-20;2024-01-22;;Entrega Expressa SC;Entregue;cliente pediu entrega no periodo da tarde
PA-2024-02594;01/13/2024 01:15 AM;01/13/2024 02:05 AM;Pata Amiga Brusque;LJ-004;Limeira;Racao Seca;Especie;13;N/I;0;40.0;R$ 2.379,44;987,47;1391.97;S;Loja Física;;;;;;;Retirada na loja;cliente pediu entrega no periodo da tarde
PA-2024-02538;01/12/2024 04:20 PM;01/13/2024 02:20 AM;PATA AMIGA ITAJAÍ PRAIA;;;racao;CARTAO DE DEBITO;8;0;0;28.9;919,16;R$ 183,83;735,33;true;loja fisica;;;;;;;Retirada na loja;pedido recorrente
PA-2024-02581;01/13/2024 02:10 AM;01/13/2024 02:45 AM;Pata Amiga Itajai Praia/SC;LJ-003;;PETISCO;Dinheiro;12;1;1;17,1;R$ 475,06;197,15;277.91;S;LOJA FISICA;;;;;;;Retirada na loja;pedido recorrente
PA-2024-02539;01/12/2024 10:10 PM;01/13/2024 03:10 AM;PATA AMIGA ITAJAI PRAIA;LJ-003;Fazenda;Petisco;CARTAO DE CREDITO;8;1;0;7,4;415,71;R$ 83,14;332,57;SIM;Site;2024-01-16;2024-01-19;2024-01-22;;;Entrega Expressa SC;Despachado - em transito;conferir endereco com o cliente
PA-2024-02589;01/13/2024 01:50 AM;01/13/2024 03:50 AM;pata amiga itajai praia;;Itaipava;Medicamento;Boleto;;0;0;27,7;737;306.01;R$ 431,36;;Loja Física;;;;;;;Retirada na loja;cliente pediu entrega no periodo da tarde
PA-2024-02597;01/13/2024 01:07 AM;01/13/2024 04:07 AM;Pata Amiga Brusque;LJ-004;Limeira;Petiscos;PIX;13;1;0;48.0;R$ 308,14;127.88;180,26;Sim;Loja Fisica;;;;;;;Retirada na loja;
PA-2024-02560;01/12/2024 06:20 PM;01/13/2024 04:20 AM;pata amiga tubarao;;Humaita;RACAO;CARTAO DE DEBITO;5;;0;6,0;R$ 516,43;R$ 135,30;381,13;V;App;2024-01-16;2024-01-17;2024-01-20;2024-01-23;20,43;Entrega Expressa SC;Entregue;
PA-2024-02580;01/13/2024 04:05 AM;01/13/2024 04:25 AM;Pata Amiga Itajai Praia;LJ-003;Sao Vicente;Medicamentos;CARTAO DE DEBITO;15;1;0;12,3;1.132,03;469;662,24;SIM;App Pata Amiga;2024-01-16;2024-01-18;2024-01-22;2024-01-24;35,80;Rapido Catarinense;Entregue;
PA-2024-02598;01/13/2024 04:45 AM;01/13/2024 05:20 AM;pata amiga brusque;;Limeira;Racao Seca;BOLETO;9;1;0;15,3;1284.09;R$ 532,90;751;SIM;Loja Física;;;;;;;Retirada na loja;produto fora de linha - substituido
PA-2024-02576;01/13/2024 04:52 AM;01/13/2024 05:42 AM;PATA AMIGA ITAJAÍ PRAIA;;Itaipava;Petisco;CARTAO DE DEBITO;;0;0;2.3;42;17.64;24.87;X;LOJA FISICA;;;;;;;Retirada na loja;
PA-2024-02585;01/13/2024 04:45 AM;01/13/2024 06:45 AM;Pata Amiga Itajai Praia;LJ-003;Cabecudas;Petisco;vale pet;5;0;0;3,2;R$ 132,42;54,95;77,47;Sim;whatsapp;2024-01-14;2024-01-15;2024-01-19;2024-01-21;9,42;Correios;Entregue;aguardando confirmacao de estoque
PA-2024-02599;01/13/2024 06:00 AM;01/13/2024 07:20 AM;pata amiga brusque;;Aguas Claras;Petisco;Especie;2;0;0;3.6;93.86;R$ 38,95;54,91;X;APP;2024-01-15;2024-01-15;2024-01-19;2024-01-21;16,89;Correios;Entregue;aguardando confirmacao de estoque
PA-2024-02574;01/13/2024 06:52 AM;01/13/2024 07:27 AM;Pata Amiga Itajaí Praia;LJ-003;;PETISCO;Cartao de Debito;9;;0;19,7;R$ 460,78;191,22;269,56;S;Site;2024-01-14;2024-01-15;2024-01-18;2024-01-20;36,39;Entrega Expressa SC;Entregue;pedido recorrente
PA-2024-02606;01/13/2024 07:00 AM;01/13/2024 07:50 AM;pata amiga criciuma;LJ-021;Rio Maina;Petisco;boleto;4;0;;4.5;R$ 120,92;27.81;93,11;sim;Loja Física;;;;;;;Retirada na loja;aguardando confirmacao de estoque
PA-2024-02596;01/13/2024 06:07 AM;01/13/2024 08:07 AM;pata amiga brusque;LJ-004;Dom Joaquim;Medicamentos;Especie;7;1;0;13.6;R$ 742,34;308;434,27;Sim;;2024-01-15;2024-01-15;2024-01-18;2024-01-21;48,71;Rapido Catarinense;Entregue;
PA-2024-02608;01/13/2024 09:15 AM;01/13/2024 09:25 AM;Pata Amiga Tubarão;LJ-022;Centro;Brinquedo;PIX;2;;1;3.0;R$ 70,86;0;R$ 70,86;Não;loja fisica;;;;;;;Retirada na loja;
PA-2024-02578;01/13/2024 04:35 AM;01/13/2024 09:35 AM;PATA AMIGA ITAJAI PRAIA;;Itaipava;HIGIENE;DINHEIRO;6;0;0;5,5;R$ 177,44;73,64;103,80;X;app;2024-01-16;2024-01-17;2024-01-21;2024-01-23;11,39;Rapido Catarinense;Entregue;
PA-2024-02602;01/13/2024 10:23 AM;01/13/2024 10:33 AM;pata amiga palhoca;LJ-019;Guarda do Cubatao;Acessório;CARTAO DE DEBITO;2;0;;4.1;R$ 140,25;0,00;140,25;Nao;Loja Física;;;;;;;Retirada na loja;pedido recorrente
PA-2024-02601;01/13/2024 10:52 AM;01/13/2024 12:12 PM;PATA AMIGA BRUSQUE;LJ-004;Limeira;Ração;Especie;11;0;0;24.7;R$ 2.132,51;884,99;R$ 1.247,52;S;;2024-01-16;;;;;Logistica Propria;Aguardando nota fiscal;
PA-2024-02604;01/13/2024 09:55 AM;01/13/2024 12:55 PM;pata amiga criciuma;;Sao Luiz;Petiscos;Cartao de Credito;9;1;0;14.1;R$ 343,56;-;R$ 264,54;S;App;2024-01-16;2024-01-16;2024-01-19;2024-01-21;23,60;Logistica Propria;Entregue;
PA-2024-02587;01/13/2024 02:07 PM;01/13/2024 02:27 PM;pata amiga itajai praia;LJ-003;Fazenda;Higiene;Credito;14;1;0;46,2;R$ 675,80;R$ 280,46;395,34;true;Site;2024-01-15;2024-01-16;2024-01-21;2024-01-22;115,35;TransPet Log;Entregue;pedido recorrente
PA-2024-02586;01/13/2024 03:25 PM;01/13/2024 04:15 PM;Pata Amiga Itajaí Praia;;Fazenda;RACAO;Cartão de Crédito;15;2;0;20.3;2.938,80;1219;;sim;Site;2024-01-15;2024-01-16;;;;Correios;Aguardando despacho;pedido recorrente
PA-2024-02577;01/13/2024 11:30 AM;01/13/2024 04:30 PM;PATA AMIGA ITAJAI PRAIA;LJ-003;Fazenda;Ração Medicamentosa;Credito;15;1;1;6.6;1252;519;;S;App;2024-01-15;2024-01-16;2024-01-17;2024-01-20;16,88;Entrega Expressa SC;Entregue;
PA-2024-02584;01/13/2024 04:10 PM;01/13/2024 04:45 PM;Pata Amiga Itajaí Praia;;Cordeiros;racao;DINHEIRO;11;1;0;42,6;2.090,35;R$ 867,50;1222;SIM;SITE;2024-01-15;2024-01-16;2024-01-21;2024-01-24;R$ 95,35;Rapido Catarinense;Entregue;conferir endereco com o cliente
PA-2024-02579;01/13/2024 02:05 PM;01/13/2024 05:05 PM;PATA AMIGA ITAJAI PRAIA;;Fazenda;Petiscos;dinheiro;11;1;;42.4;322,71;R$ 133,92;R$ 188,79;SIM;telefone;2024-01-16;2024-01-16;;;;Entrega Expressa SC;Aguardando despacho;
PA-2024-02605;01/13/2024 07:40 AM;01/13/2024 05:40 PM;pata amiga criciuma;LJ-021;Rio Maina;Hig.;PIX;4;0;0;13.6;153,41;35.28;R$ 118,13;V;loja fisica;;;;;;;Retirada na loja;cliente pediu entrega no periodo da tarde
PA-2024-02582;01/13/2024 03:45 PM;01/13/2024 05:45 PM;Pata Amiga Itajai Praia;;Cabecudas;PETISCO;Cartão de Débito;11;0;0;8,7;;141,37;199,29;V;LOJA FISICA;;;;;;;Retirada na loja;aguardando confirmacao de estoque
PA-2024-02603;01/13/2024 05:45 PM;01/13/2024 06:35 PM;Pata Amiga Criciúma;;Prospera;PETISCO;Boleto;10;;0;38.9;510,71;117.46;R$ 393,25;S;App Pata Amiga;2024-01-17;2024-01-18;;;;Logistica Propria;Aguardando despacho;aguardando confirmacao de estoque
PA-2024-02607;01/13/2024 10:05 AM;01/13/2024 08:05 PM;PATA AMIGA CRICIUMA;;Rio Maina;Medicamento;vale pet;8;0;0;22.7;1.134,68;260,98;873,70;S;;2024-01-16;2024-01-16;2024-01-19;2024-01-22;-;Rapido Catarinense;Entregue;
PA-2024-02583;01/13/2024 08:30 PM;01/13/2024 09:20 PM;Pata Amiga Itajai Praia;;Itaipava;medicamento;vale pet;5;0;0;16,7;642;-;R$ 375,70;SIM;Loja Física;;;;;;;Retirada na loja;
PA-2024-02592;01/13/2024 08:38 PM;01/13/2024 09:28 PM; Pata Amiga Brusque;;Dom Joaquim;RACAO;BOLETO;11;-;0;34.5;2245.53;931.89;1313;X;Site;2024-01-16;2024-01-17;2024-01-21;2024-01-23;81;Logistica Propria;Entregue;
PA-2024-02591;01/13/2024 07:35 PM;01/13/2024 09:35 PM;PATA AMIGA ITAJAÍ PRAIA;;Cabecudas;MEDICAMENTO;Cartao de Debito;3;0;0;5.4;365,86;151.83;R$ 214,03;V;Site;2024-01-15;2024-01-18;2024-01-21;2024-01-24;11,30;TransPet Log;Entregue;
PA-2024-02573;01/13/2024 05:20 PM;01/13/2024 10:20 PM;Pata Amiga Itajai Praia/SC;LJ-003;Cabecudas;RAÇÃO;VALE PET;10;0;0;16,3;1231.18;R$ 510,94;R$ 720,24;SIM;app;2024-01-15;2024-01-16;2024-01-21;2024-01-22;35,41;Rapido Catarinense;Entregue;
PA-2024-02593;01/13/2024 10:40 PM;01/13/2024 11:00 PM;Pata Amiga Brusque;;Santa Terezinha;racao;BOLETO;9;1;0;28,4;1.755,28;728,44;1.026,84;V;Site;2024-01-18;2024-01-19;2024-01-21;2024-01-24;49.25;Entrega Expressa SC;Entregue;cliente pediu entrega no periodo da tarde
PA-2024-02600;01/13/2024 09:05 PM;01/14/2024 12:05 AM;pata amiga brusque;LJ-004;Aguas Claras;Rac.;Dinheiro;6;0;0;19,1;R$ 553,43;R$ 229,67;323,76;S;SITE;2024-01-16;2024-01-16;2024-01-21;2024-01-24;43,12;Rapido Catarinense;Entregue;pedido recorrente
PA-2024-02575;01/13/2024 10:07 PM;01/14/2024 12:07 AM;Pata Amiga Itajaí Praia;LJ-003;Fazenda;HIGIENE;pix;11;1;0;40,1;R$ 436,20;181.02;255,18;X;App Pata Amiga;2024-01-17;;;;;Entrega Expressa SC;Aguardando nota fiscal;produto fora de linha - substituido
PA-2024-02590;01/13/2024 10:20 PM;01/14/2024 08:20 AM;Pata Amiga Itajaí Praia;;Sao Vicente;Medicamento;VALE PET;;0;1;22,1;1.743,65;723,61;1020;V;APP;2024-01-17;2024-01-17;2024-01-20;2024-01-23;;Logistica Propria;Entregue;cliente pediu entrega no periodo da tarde
PA-2024-02609;01/14/2024 05:45 AM;01/14/2024 10:45 AM;Pata Amiga Blumenau Centro;LJ-001;Salto do Norte;servico;pix;1;0;0;3,5;139.76;9,22;130,54;Sim;App;;;;;;;Pedido cancelado;
PA-2024-02616;01/14/2024 01:15 AM;01/14/2024 11:15 AM;Pata Amiga Laguna/SC;LJ-024;Centro;Acessório;Vale Pet;4;0;0;5,2;R$ 196,57;R$ 0,00;R$ 196,57;F;APP;2024-01-16;2024-01-17;2024-01-21;2024-01-23;R$ 15,15;TransPet Log;Entregue;pedido recorrente
PA-2024-02612;01/14/2024 09:12 AM;01/14/2024 02:12 PM; Pata Amiga Gaspar;LJ-007;Gasparinho;HIGIENE;pix;3;0;;8,9;R$ 154,34;10,19;144,15;X;loja fisica;;;;;;;Retirada na loja;
PA-2024-02611;01/14/2024 01:35 PM;01/14/2024 04:35 PM;Pata Amiga Indaial;;Nacoes;Ração;CARTAO DE DEBITO;2;;0;0,8;275,72;0.00;275,72;0;whatsapp;2024-01-18;2024-01-18;2024-01-22;2024-01-23;7,35;Rapido Catarinense;Entregue;produto fora de linha - substituido
PA-2024-02614;01/14/2024 07:35 AM;01/14/2024 05:35 PM;pata amiga joinville sul;LJ-013;Vila Nova;Petiscos;Boleto;3;0;0;2.9;R$ 92,70;0;92,70;Não;LOJA FISICA;;;;;;;Retirada na loja;produto fora de linha - substituido
PA-2024-02615;01/14/2024 04:30 PM;01/14/2024 05:50 PM;Pata Amiga Sao Jose Kobrasol/SC;LJ-018;Forquilhinhas;Brinquedo;Vale Pet;2;0;0;2,4;125.87;R$ 4,66;121,21;Sim;APP;2024-01-16;2024-01-16;2024-01-17;2024-01-19;12,00;Entrega Expressa SC;Entregue;pedido recorrente
PA-2024-02613;01/14/2024 03:50 PM;01/14/2024 08:50 PM;Pata Amiga Ibirama/SC;LJ-011;Centro;RACAO;Vale Pet;2;0;0;7.3;367,13;R$ 40,38;326.75;1;WhatsApp;2024-01-18;2024-01-20;2024-01-28;2024-01-31;25,55;TransPet Log;Entregue;
PA-2024-02617;01/14/2024 09:00 PM;01/14/2024 09:50 PM;pata amiga chapeco;;Efapi;RAÇÃO;Vale Pet;2;0;0;4.7;R$ 315,45;2.52;312,93;S;;2024-01-16;2024-01-19;2024-01-23;2024-01-25;10.97;TransPet Log;Entregue;
PA-2024-02610;01/14/2024 08:15 PM;01/14/2024 11:15 PM;Pata Amiga Itajai Praia/SC;LJ-003;Cabecudas;brinquedo;DINHEIRO;1;0;0;0,6;62.18;1.18;;1;;2024-01-16;2024-01-17;2024-01-19;2024-01-21;6.42;Logistica Propria;Entregue;cliente pediu entrega no periodo da tarde
PA-2024-02618;01/15/2024 01:47 AM;01/15/2024 01:57 AM; Pata Amiga Blumenau Centro;LJ-001;Garcia;Higiene;Boleto;7;0;0;22,7;410.74;58.74;352,00;X;;2024-01-16;2024-01-17;2024-01-19;2024-01-21;57,98;TransPet Log;Entregue;
PA-2024-02638;01/15/2024 03:45 AM;01/15/2024 04:05 AM;Pata Amiga Otacilio Costa;LJ-027;Bela Vista;Acessorio;CARTAO DE CREDITO;4;0;0;12.5;231.12;23,81;207;SIM;APP;2024-01-16;2024-01-17;2024-01-23;2024-01-25;R$ 31,82;Entrega Expressa SC;Entregue;embalagem para presente
PA-2024-02628;01/15/2024 12:12 AM;01/15/2024 05:12 AM;Pata Amiga Jaragua do Sul;LJ-014;Barra do Rio Cerro;PETISCO;PIX;5;0;0;2.2;233,55;50,45;183,10;Sim;Loja Fisica;;;;;;;Retirada na loja;pedido recorrente
PA-2024-02632;01/15/2024 04:50 AM;01/15/2024 06:10 AM;pata amiga palhoca;LJ-019;Pagani;Brinquedos;boleto;1;0;0;4.0;R$ 58,61;6,15;R$ 52,46;true;whatsapp;2024-01-16;2024-01-16;2024-01-17;;;Entrega Expressa SC;Despachado - em transito;
PA-2024-02637;01/15/2024 06:25 AM;01/15/2024 07:45 AM;Pata Amiga Sao Joaquim;;Santa Terezinha;acessorio;Cartão de Débito;2;0;0;1.2;147,42;15,18;R$ 132,24;S;App Pata Amiga;2024-01-20;2024-01-21;2024-01-29;2024-02-01;R$ 6,23;Rapido Catarinense;Entregue;aguardando confirmacao de estoque
PA-2024-02624;01/15/2024 06:52 AM;01/15/2024 08:12 AM;Pata Amiga Indaial;;Nacoes;petisco;Debito;4;0;0;3.2;203;30;173,13;sim;Whatsapp;;;;;;;Pedido cancelado;embalagem para presente
PA-2024-02636;01/15/2024 09:23 AM;01/15/2024 09:58 AM;pata amiga lages;;Guarujal;Petiscos;CARTAO DE DEBITO;5;0;0;16.5;195.73;20;175,57;S;Site;2024-01-17;2024-01-17;2024-01-20;2024-01-21;49;TransPet Log;Entregue;pedido recorrente
PA-2024-02635;01/15/2024 09:52 AM;01/15/2024 10:02 AM;pata amiga lages;LJ-025;Guarujal;Higiene e Beleza;Boleto;3;0;0;1,2;100.23;10,32;-;1;;2024-01-17;2024-01-18;;;;TransPet Log;Aguardando despacho;
PA-2024-02623;01/15/2024 08:23 AM;01/15/2024 10:23 AM;Pata Amiga Indaial;LJ-006;Encano;Ração;PIX;6;1;2;23.0;1.371,53;204,36;1.167,17;Sim;App;2024-01-18;2024-01-19;2024-01-24;2024-01-26;47,21;Logistica Propria;Entregue;cliente pediu entrega no periodo da tarde
PA-2024-02629;01/15/2024 07:35 AM;01/15/2024 10:35 AM;Pata Amiga Jgua do Sul;LJ-014;Ilha da Figueira;Racao Medicamentosa;PIX;4;0;0;10,9;290,03;62,65;227,38;SIM;App Pata Amiga;;;;;;;Pedido cancelado;aguardando confirmacao de estoque
PA-2024-02627;01/15/2024 01:40 AM;01/15/2024 11:40 AM;Pata Amiga Ibirama/SC;LJ-011;Centro;Acessório;Cartão de Débito;1;0;0;0.6;49.60;R$ 1,54;;sim;;2024-01-18;2024-01-18;2024-01-30;;;Correios;Despachado - em transito;conferir endereco com o cliente
PA-2024-02619;01/15/2024 04:00 AM;01/15/2024 02:00 PM; Pata Amiga Blumenau Centro;LJ-001;Vorstadt;petisco;VALE PET;2;;0;6.7;66,88;9.56;R$ 57,32;1;App;2024-01-17;2024-01-18;;;;Rapido Catarinense;Aguardando despacho;
PA-2024-02633;01/15/2024 02:07 PM;01/15/2024 02:27 PM;PATA AMIGA PALHOCA;LJ-019;Pagani;PETISCO;CARTAO DE CREDITO;4;0;;12.1;R$ 158,02;16,59;141,43;SIM;App;2024-01-17;;;;;TransPet Log;Aguardando nota fiscal;
PA-2024-02621;01/15/2024 10:12 AM;01/15/2024 03:12 PM;Pata Amiga Blumenal Centro;LJ-001;Velha;SERVICO;DINHEIRO;8;0;0;4,2;R$ 1.229,18;R$ 175,77;1053.41;true;TELEFONE;2024-01-16;2024-01-16;2024-01-21;2024-01-24;R$ 14,06;Logistica Propria;Entregue;
PA-2024-02620;01/15/2024 02:35 PM;01/15/2024 05:35 PM;PATA AMIGA BLUMENAU CENTRO;LJ-001;Vorstadt;Hig.;vale pet;7;0;0;22.5;R$ 400,24;57,23;R$ 343,01;;site;2024-01-17;;;;;Logistica Propria;Aguardando nota fiscal;
PA-2024-02631;01/15/2024 06:35 PM;01/15/2024 07:10 PM;PATA AMIGA SAO JOSE KOBRASOL;LJ-018;Campinas;Higiene;Cartão de Crédito;4;0;2;9.1;175;18,46;157,36;sim;Loja Física;;;;;;;Retirada na loja;
PA-2024-02622;01/15/2024 07:10 PM;01/15/2024 07:20 PM;Pata Amiga Timbo;LJ-005;Centro;SERVICO;PIX;2;0;0;4.3;R$ 195,56;R$ 29,14;166;;TELEFONE;2024-01-17;;;;;Entrega Expressa SC;Aguardando nota fiscal;
PA-2024-02626;01/15/2024 05:47 PM;01/15/2024 07:47 PM;Pata Amiga Gaspar;LJ-007;Figueira;Brinquedos;boleto;6;n/d;0;10.7;R$ 365,79;52.31;313,48;SIM;Loja Fisica;;;;;;;Retirada na loja;cliente pediu entrega no periodo da tarde
PA-2024-02639;01/15/2024 08:15 PM;01/15/2024 08:35 PM;pata amiga curitibanos;;Centro;Acessorio;Cartao de Credito;4;0;0;3.6;387,15;39.88;347,27;S;telefone;2024-01-16;2024-01-16;;;;Entrega Expressa SC;Aguardando despacho;cliente pediu entrega no periodo da tarde
PA-2024-02625;01/15/2024 10:00 PM;01/15/2024 11:20 PM;Pata Amiga Gaspar;LJ-007;Poco Grande;racao;Cartão de Crédito;5;0;1;3.5;R$ 1.059,48;R$ 151,51;R$ 907,97;Sim;App Pata Amiga;2024-01-17;2024-01-18;;;;Logistica Propria;Aguardando despacho;
PA-2024-02634;01/15/2024 11:10 PM;01/16/2024 12:30 AM;Pata Amiga Laguna;LJ-024;Ponta das Pedras;Servicos;Cartao de Credito;2;0;0;7.4;R$ 299,58;0,00;R$ 299,58;;APP;2024-01-17;2024-01-17;2024-01-20;2024-01-22;15.24;Logistica Propria;Entregue;
PA-2024-02630;01/15/2024 10:38 PM;01/16/2024 08:38 AM;Pata Amiga São José Kobrasol;LJ-018;Kobrasol;Racao;CARTAO DE DEBITO;3;0;0;8.6;646,28;67,86;578,42;S;APP;2024-01-18;2024-01-18;2024-01-22;2024-01-24;16,98;Rapido Catarinense;Entregue;
PA-2024-02640;01/16/2024 08:50 AM;01/16/2024 09:40 AM;Pata Amiga Timbo;LJ-005;Araponguinhas;Hig.;Vale Pet;2;0;0;4,1;97,79;0,00;97.79;false;Whatsapp;2024-01-17;2024-01-18;2024-01-22;2024-01-23;14.99;Correios;Entregue;produto fora de linha - substituido
PA-2024-02645;01/16/2024 12:40 PM;01/16/2024 05:40 PM;PATA AMIGA PALHOCA;LJ-019;Guarda do Cubatao;SERVICO;Cartão de Crédito;2;N/I;2;1,8;R$ 340,39;0,00;R$ 340,39;false;SITE;2024-01-18;2024-01-19;2024-01-20;2024-01-21;9.58;Correios;Entregue;
PA-2024-02643;01/16/2024 03:23 PM;01/16/2024 08:23 PM;Pata Amiga Jaragua do Sul;LJ-014;;brinquedo;Pix;3;0;0;7.7;119,00;0,00;119,00;NAO;Loja Fisica;;;;;;;Retirada na loja;
PA-2024-02644;01/16/2024 08:55 PM;01/16/2024 09:45 PM;Pata Amiga São Bento do Sul;;Serra Alta;Servico;Cartao de Debito;3;0;2;10.0;400,39;4,80;395,59;S;LOJA FISICA;;;;;;;Retirada na loja;pedido recorrente
PA-2024-02647;01/16/2024 08:38 PM;01/16/2024 09:58 PM;Pata Amiga Lages;;Guarujal;Acessorios;CARTAO DE DEBITO;;0;0;2,7;256,76;1,28;255;true;APP;2024-01-17;2024-01-17;2024-01-21;2024-01-23;-;Entrega Expressa SC;Entregue;embalagem para presente
PA-2024-02642;01/16/2024 09:10 PM;01/16/2024 10:00 PM;pata amiga joinville sul;LJ-013;Aventureiro;Servico;vale pet;2;0;N/I;2.7;344,22;R$ 4,13;;X;site;2024-01-17;2024-01-18;2024-01-22;2024-01-25;7;Rapido Catarinense;Entregue;
PA-2024-02648;01/17/2024 02:35 AM;01/17/2024 02:55 AM;Pata Amiga Joinville Sul/SC;;Boa Vista;racao;Cartão de Crédito;2;;2;7.5;212.82;0,00;212.82;nao;App;2024-01-19;;;;;TransPet Log;Aguardando nota fiscal;pedido recorrente
PA-2024-02650;01/17/2024 05:25 AM;01/17/2024 06:15 AM;Pata Amiga Florianopolis Norte/SC;LJ-017;Rio Vermelho;servico;Cartão de Crédito;3;0;0;8.3;487,84;58;R$ 429,79;;App Pata Amiga;2024-01-19;2024-01-19;2024-01-22;2024-01-25;17,78;Entrega Expressa SC;Entregue;cliente pediu entrega no periodo da tarde
PA-2024-02641;01/16/2024 08:20 PM;01/17/2024 06:20 AM;Pata Amiga Ibirama/SC;LJ-011;;Ração Medicamentosa;VALE PET;3;0;0;9,3;217;R$ 0,00;R$ 217,47;nao;Site;2024-01-19;2024-01-20;2024-02-07;2024-02-10;31,40;Rapido Catarinense;Entregue;conferir endereco com o cliente
PA-2024-02646;01/16/2024 09:12 PM;01/17/2024 07:12 AM;PATA AMIGA SANTO AMARO DA IMPERATRIZ;LJ-020;Braco Sao Joao;Acessorio;Cartão de Débito;2;0;0;2.3;204;R$ 0,00;204,04;Não;App Pata Amiga;2024-01-20;2024-01-20;;;;TransPet Log;Aguardando despacho;
PA-2024-02651;01/17/2024 03:45 PM;01/17/2024 05:05 PM;pata amiga tubarao;LJ-022;Humaita;Servicos;Debito;1;0;0;3,1;R$ 76,00;R$ 0,00;R$ 76,00;Nao;WHATSAPP;2024-01-18;2024-01-18;2024-01-22;2024-01-24;R$ 11,55;Entrega Expressa SC;Entregue;
PA-2024-02649;01/17/2024 03:40 PM;01/17/2024 05:40 PM;Pata Amiga Florianopolis Norte;;Costeira;Hig.;Debito;5;0;0;6,2;133,68;15,91;117,77;X;site;2024-01-18;;;;;TransPet Log;Aguardando nota fiscal;
PA-2024-02653;01/18/2024 12:12 AM;01/18/2024 12:32 AM;Pata Amiga Timbo;LJ-005;Capitais;racao;DINHEIRO;8;0;0;11,9;R$ 1.266,94;279,99;R$ 986,95;SIM;APP;2024-01-20;2024-01-21;2024-01-23;2024-01-24;40.54;Rapido Catarinense;Entregue;cliente pediu entrega no periodo da tarde
PA-2024-02659;01/18/2024 12:12 AM;01/18/2024 12:47 AM;Pata Amiga Rio Dos Cedros;;Centro;Hig.;Pix;4;0;;2.3;106,27;23,49;82,78;1;telefone;2024-01-22;;;;;Logistica Propria;Aguardando nota fiscal;aguardando confirmacao de estoque
PA-2024-02655;01/18/2024 01:50 AM;01/18/2024 04:50 AM;PATA AMIGA INDAIAL;LJ-006;Nacoes;MEDICAMENTO;vale pet;6;0;0;20.8;R$ 653,57;144,44;R$ 509,13;S;TELEFONE;2024-01-20;2024-01-20;2024-01-23;;;Rapido Catarinense;Despachado - em transito;
PA-2024-02654;01/18/2024 05:40 AM;01/18/2024 10:40 AM;Pata Amiga Indaial;LJ-006;Encano;Racao Medicamentosa;Especie;8;0;0;21.1;R$ 1.070,85;236.66;834.19;X;Loja Fisica;;;;;;;Retirada na loja;embalagem para presente
PA-2024-02657;01/18/2024 01:07 AM;01/18/2024 11:07 AM;Pata Amiga Indaial;;Warnow;Petiscos;pix;3;0;0;1.6;R$ 93,26;20,61;72,65;V;Telefone;2024-01-19;2024-01-19;;;;Logistica Propria;Aguardando despacho;
PA-2024-02658;01/18/2024 09:47 AM;01/18/2024 11:07 AM;Pata Amiga Rio dos Cedros;;Centro;medicamento;vale pet;6;0;0;20,2;R$ 591,13;130,64;460,49;S;TELEFONE;2024-01-20;2024-01-21;2024-01-31;2024-02-02;R$ 54,80;TransPet Log;Entregue;
PA-2024-02660;01/18/2024 09:45 AM;01/18/2024 11:45 AM;Pata Amiga Laguna;;Ponta das Pedras;Petisco;boleto;2;;0;5.7;92,13;0,00;92.13;nao;SITE;2024-01-19;2024-01-20;2024-01-24;2024-01-27;22,01;Correios;Entregue;
PA-2024-02652;01/18/2024 02:35 PM;01/18/2024 02:55 PM;PATA AMIGA TIMBO;LJ-005;Centro;Rac.;Vale Pet;3;0;0;7,2;640,13;141;498,66;sim;whatsapp;2024-01-19;2024-01-19;2024-01-23;2024-01-25;20,47;Rapido Catarinense;Entregue;conferir endereco com o cliente
PA-2024-02656;01/18/2024 12:47 PM;01/18/2024 10:47 PM;pata amiga indaial;LJ-006;Encano;PETISCO;PIX;6;0;0;22,5;140,72;31.10;R$ 109,62;S;;2024-01-19;2024-01-20;2024-01-24;2024-01-26;54,51;Logistica Propria;Entregue;conferir endereco com o cliente
PA-2024-02672;01/19/2024 02:05 AM;01/19/2024 02:55 AM;Pata Amiga Lages;LJ-025;;medicamento;PIX;2;0;0;1.0;242.02;12,59;;V;LOJA FISICA;;;;;;;Retirada na loja;
PA-2024-02665;01/19/2024 04:12 AM;01/19/2024 09:12 AM; Pata Amiga Gaspar;;Poco Grande;SERVICO;Vale Pet;2;0;0;7.1;275;0;275,19;N;App;2024-01-21;2024-01-21;;;;Correios;Aguardando despacho;embalagem para presente
PA-2024-02662;01/19/2024 12:30 AM;01/19/2024 10:30 AM;PATA AMIGA RIO DO SUL;;Laranjeiras;Rac.;BOLETO;9;0;0;4,8;R$ 1.807,55;292,82;1514.73;sim;Site;2024-01-20;2024-01-20;2024-01-23;2024-01-24;14,47;TransPet Log;Entregue;
PA-2024-02661;01/19/2024 07:20 AM;01/19/2024 12:20 PM;PATA AMIGA BLUMENAU CENTRO;LJ-001;Salto do Norte;Higiene e Beleza;BOLETO;1;;0;3.8;56.98;0,00;56,98;Nao;site;2024-01-20;2024-01-21;2024-01-24;2024-01-26;13;Entrega Expressa SC;Entregue;
PA-2024-02666;01/19/2024 09:47 AM;01/19/2024 12:47 PM;Pata Amiga Sao Bento do Sul;;Oxford;Brinquedos;Especie;5;0;0;6,8;169,17;0.00;169,17;Nao;app;2024-01-20;2024-01-21;2024-01-24;2024-01-27;17.60;Entrega Expressa SC;Entregue;
PA-2024-02667;01/19/2024 12:47 PM;01/19/2024 12:57 PM;Pata Amiga Florianopolis Norte;LJ-017;Ingleses;Rac.;Debito;;0;0;5.3;R$ 401,25;R$ 21,27;R$ 379,98;true;Site;2024-01-21;2024-01-21;;;;Logistica Propria;Aguardando despacho;pedido recorrente
PA-2024-02669;01/19/2024 11:10 AM;01/19/2024 01:10 PM;Pata Amiga Sao Jose Kobrasol;LJ-018;Campinas;Higiene e Beleza;CARTAO DE CREDITO;2;;0;8.1;97.09;13;83,11;SIM;Loja Física;;;;;;;Retirada na loja;
PA-2024-02664;01/19/2024 01:45 PM;01/19/2024 03:45 PM;pata amiga itajai praia;LJ-003;Cordeiros;Acessorios;Pix;3;0;0;4.0;148,27;0,00;148,27;;app;2024-01-20;2024-01-20;2024-01-22;2024-01-23;18.47;Logistica Propria;Entregue;cliente pediu entrega no periodo da tarde
PA-2024-02663;01/19/2024 02:40 PM;01/19/2024 05:40 PM;Pata Amiga Rio do sul;;Budag;racao;pix;6;0;0;15,3;1.292,31;209,35;1.082,96;SIM;Loja Física;;;;;;;Retirada na loja;pedido recorrente
PA-2024-02668;01/19/2024 05:38 PM;01/19/2024 05:48 PM;Pata Amiga Sao Jose Kobrasol;;Campinas;RACAO;Debito;7;0;0;17.3;1.089,40;156,87;932,53;S;loja fisica;;;;;;;Retirada na loja;conferir endereco com o cliente
PA-2024-02678;01/20/2024 12:25 AM;01/20/2024 12:45 AM;PATA AMIGA TIMBO;;Centro;racao;Cartão de Crédito;10;0;n/d;39,5;R$ 1.491,44;715,89;775;X;App;2024-01-21;2024-01-22;2024-01-24;2024-01-26;118,24;Entrega Expressa SC;Entregue;embalagem para presente
PA-2024-02677;01/20/2024 01:30 AM;01/20/2024 01:40 AM;PATA AMIGA TIMBO;;Centro;Racao Medicamentosa;DINHEIRO;9;0;0;31,4;947,75;454,92;R$ 492,83;Sim;site;2024-01-22;2024-01-23;2024-01-26;2024-01-28;72,00;Entrega Expressa SC;Entregue;embalagem para presente
PA-2024-02680;01/20/2024 01:55 AM;01/20/2024 02:15 AM;PATA AMIGA TIMBO;LJ-005;Araponguinhas;Petisco;CARTAO DE CREDITO;18;1;1;51.5;927,72;445,31;482.41;S;APP;2024-01-21;2024-01-22;2024-01-26;2024-01-27;88,95;Rapido Catarinense;Entregue;conferir endereco com o cliente
PA-2024-02671;01/19/2024 06:45 PM;01/20/2024 04:45 AM;pata amiga palhoca;LJ-019;Pagani;Ração Medicamentosa;Debito;5;0;0;12.1;440;63,39;376,85;true;Site;;;;;;;Pedido cancelado;
PA-2024-02685;01/20/2024 06:07 AM;01/20/2024 06:27 AM;Pata Amiga Indaial;;;medicamento;Cartão de Débito;13;;1;6.9;1929.57;926.19;;S;SITE;2024-01-22;2024-01-23;2024-01-26;2024-01-27;R$ 26,40;TransPet Log;Entregue;cliente pediu entrega no periodo da tarde
PA-2024-02670;01/19/2024 08:55 PM;01/20/2024 06:55 AM;pata amiga palhoca;;Pagani;PETISCO;pix;2;0;0;2,6;52.35;7.54;44,81;true;SITE;2024-01-22;2024-01-23;2024-01-25;2024-01-28;8.15;TransPet Log;Entregue;embalagem para presente
PA-2024-02681;01/20/2024 09:47 AM;01/20/2024 11:47 AM;Pata Amiga Timbó;LJ-005;Centro;MEDICAMENTO;Especie;15;2;0;23,4;R$ 1.761,09;845,32;915,77;true;App;2024-01-22;2024-01-22;2024-01-26;2024-01-29;R$ 69,57;Rapido Catarinense;Entregue;
PA-2024-02692;01/20/2024 11:25 AM;01/20/2024 12:00 PM;pata amiga chapeco;;Sao Cristovao;Serviço;Cartão de Crédito;2;0;0;2.1;147,86;1.48;R$ 146,38;Sim;WhatsApp;2024-01-23;2024-01-24;2024-01-30;2024-02-02;10;Entrega Expressa SC;Entregue;conferir endereco com o cliente
PA-2024-02679;01/20/2024 11:23 AM;01/20/2024 12:43 PM;Pata Amiga Timbo;LJ-005;Araponguinhas;Racao Seca;Debito;18;;;66,8;2.303,08;1.105,48;R$ 1.197,60;true;APP;2024-01-21;2024-01-21;2024-01-25;2024-01-27;195,79;Entrega Expressa SC;Entregue;
PA-2024-02683;01/20/2024 12:47 PM;01/20/2024 02:47 PM;Pata Amiga Timbó;LJ-005;Capitais;Racao;PIX;;N/I;0;36.9;R$ 2.127,89;1.021,39;1.106,50;X;loja fisica;;;;;;;Retirada na loja;
PA-2024-02676;01/20/2024 02:45 PM;01/20/2024 03:20 PM;Pata Amiga Timbo;;Centro;RACAO;Dinheiro;17;2;0;24,2;3765;;1957.84;sim;WHATSAPP;2024-01-22;2024-01-22;2024-01-25;2024-01-28;R$ 39,84;Logistica Propria;Entregue;
PA-2024-02691;01/20/2024 08:35 AM;01/20/2024 06:35 PM;Pata Amiga Laguna/SC;;Centro;MEDICAMENTO;DINHEIRO;2;0;0;5.9;;2,39;R$ 130,38;sim;loja fisica;;;;;;;Retirada na loja;embalagem para presente
PA-2024-02690;01/20/2024 10:45 AM;01/20/2024 08:45 PM;PATA AMIGA CRICIUMA;LJ-021;;petisco;vale pet;6;n/d;0;7,0;162,42;12.51;;V;App Pata Amiga;2024-01-22;2024-01-23;2024-01-28;2024-01-30;19;Logistica Propria;Entregue;
PA-2024-02674;01/20/2024 08:38 PM;01/20/2024 11:38 PM;Pata Amiga Itajaí Praia;;Sao Vicente;RACAO;Vale Pet;2;0;1;6.3;201,86;0.00;201,86;nao;Site;2024-01-22;2024-01-22;2024-01-26;2024-01-27;13.09;Entrega Expressa SC;Entregue;
PA-2024-02673;01/20/2024 09:25 PM;01/21/2024 12:25 AM;Pata Amiga Blumenau Centro;LJ-001;Ribeirao Fresco;Acessório;boleto;3;0;0;10,9;182,31;0,00;182,31;NAO;App Pata Amiga;2024-01-22;2024-01-22;2024-01-24;2024-01-26;34,77;Entrega Expressa SC;Entregue;
PA-2024-02686;01/20/2024 11:20 PM;01/21/2024 12:40 AM;pata amiga ibirama;LJ-011;Centro;Servico;Cartão de Débito;2;0;0;1,6;R$ 332,03;0.00;;Nao;;2024-01-23;2024-01-23;2024-01-31;2024-02-03;-;Correios;Entregue;pedido recorrente
PA-2024-02695;01/21/2024 03:10 AM;01/21/2024 03:30 AM;PATA AMIGA ITAJAI PRAIA;LJ-003;Itaipava;Petiscos;Cartão de Crédito;5;0;0;9.2;177.20;29,06;148.14;Sim;Site;2024-01-23;;;;;TransPet Log;Aguardando nota fiscal;pedido recorrente
PA-2024-02687;01/20/2024 05:35 PM;01/21/2024 03:35 AM;Pata Amiga Jaragua do Sul;;Centro;Petisco;boleto;3;0;0;11.0;129,87;R$ 7,27;122,60;SIM;whatsapp;2024-01-23;2024-01-24;;;;Correios;Aguardando despacho;
PA-2024-02700;01/21/2024 01:50 AM;01/21/2024 03:50 AM;PATA AMIGA TIMBO;LJ-005;Araponguinhas;Acessorios;BOLETO;2;0;1;4,2;172,99;0,00;172,99;Não;;2024-01-23;2024-01-24;2024-01-28;2024-01-29;14.43;Entrega Expressa SC;Entregue;
PA-2024-02684;01/20/2024 10:52 PM;01/21/2024 03:52 AM;Pata Amiga Timbo;LJ-005;Capitais;Racao;Cartão de Débito;9;0;0;18,5;1397.25;670.68;726,57;SIM;App Pata Amiga;2024-01-22;2024-01-22;2024-01-27;;;Entrega Expressa SC;Despachado - em transito;
PA-2024-02688;01/20/2024 11:05 PM;01/21/2024 04:05 AM;Pata Amiga Palhoca;LJ-019;Pagani;Med.;BOLETO;4;0;0;12.5;325;0.00;R$ 325,79;nao;loja fisica;;;;;;;Retirada na loja;pedido recorrente
PA-2024-02682;01/20/2024 06:15 PM;01/21/2024 04:15 AM;Pata Amiga Timbo;;Araponguinhas;Petisco;Cartão de Débito;8;1;0;30,6;332,68;R$ 159,69;172,99;sim;;2024-01-23;;;;;Logistica Propria;Aguardando nota fiscal;produto fora de linha - substituido
PA-2024-02675;01/20/2024 11:25 PM;01/21/2024 04:25 AM;Pata Amiga Timbó;LJ-005;Araponguinhas;Higiene;PIX;8;0;1;11,7;R$ 222,16;106;115.52;SIM;LOJA FISICA;;;;;;;Retirada na loja;
PA-2024-02702;01/21/2024 03:35 AM;01/21/2024 04:55 AM;PATA AMIGA SANTO AMARO DA IMPERATRIZ;LJ-020;Centro;servico;PIX;4;0;0;11.9;510.81;0,00;R$ 510,81;false;SITE;2024-01-24;2024-01-24;2024-01-28;2024-01-29;27.93;Entrega Expressa SC;Entregue;
PA-2024-02689;01/20/2024 08:12 PM;01/21/2024 06:12 AM;PATA AMIGA SANTO AMARO DA IMPERATRIZ;LJ-020;Centro;RACAO;CARTAO DE CREDITO;;0;0;4,0;201,44;0;R$ 201,44;N;site;;;;;;;Pedido cancelado;
PA-2024-02694;01/21/2024 08:10 AM;01/21/2024 09:00 AM;Pata Amiga Rio Do Sul;LJ-002;Sumare;Serviço;VALE PET;;0;0;5.3;R$ 386,92;23;363,70;1;site;2024-01-23;2024-01-23;2024-01-27;2024-01-29;14.62;TransPet Log;Entregue;
PA-2024-02696;01/21/2024 11:00 AM;01/21/2024 11:35 AM;pata amiga itajai praia;;Sao Vicente;racao;boleto;7;0;0;27.9;1.204,96;R$ 197,61;1.007,35;Sim;WhatsApp;2024-01-23;2024-01-24;2024-01-27;2024-01-30;97,04;Entrega Expressa SC;Entregue;produto fora de linha - substituido
PA-2024-02699;01/21/2024 01:10 PM;01/21/2024 02:00 PM;pata amiga brusque;;Aguas Claras;Petiscos;Cartao de Credito;2;0;0;5.7;;15,21;R$ 77,55;X;Tel.;2024-01-22;2024-01-22;2024-01-28;2024-01-30;14.91;TransPet Log;Entregue;produto fora de linha - substituido
PA-2024-02693;01/21/2024 05:05 PM;01/21/2024 07:05 PM; Pata Amiga Blumenau Centro;;Progresso;Acessorios;Credito;2;n/d;0;6,9;195.65;0.00;195;Não;app;2024-01-23;2024-01-23;2024-01-25;2024-01-27;18,06;TransPet Log;Entregue;aguardando confirmacao de estoque
PA-2024-02703;01/21/2024 07:20 PM;01/21/2024 07:30 PM;Pata Amiga Laguna/SC;LJ-024;Magalhaes;Acessorio;PIX;1;0;0;2.3;R$ 48,99;R$ 4,36;R$ 44,63;sim;APP;2024-01-22;2024-01-22;2024-01-25;2024-01-27;9,47;Rapido Catarinense;Entregue;cliente pediu entrega no periodo da tarde
PA-2024-02701;01/21/2024 07:50 PM;01/21/2024 08:00 PM;Pata Amiga Taio;LJ-009;Alto Santa Rosa;ACESSORIO;vale pet;3;0;0;3.7;315,11;R$ 0,00;315,11;Nao;App Pata Amiga;2024-01-24;2024-01-24;2024-02-08;;;Rapido Catarinense;Despachado - em transito;pedido recorrente
PA-2024-02698;01/21/2024 10:12 PM;01/21/2024 10:22 PM; Pata Amiga Brusque;LJ-004;Santa Terezinha;SERVICO;boleto;6;;0;4.8;652,38;R$ 106,99;545,39;V;app;2024-01-22;2024-01-23;2024-01-25;2024-01-26;12,26;Logistica Propria;Entregue;produto fora de linha - substituido
PA-2024-02697;01/21/2024 10:52 PM;01/21/2024 11:12 PM;Pata Amiga Itajai Praia;LJ-003;Cordeiros;RAÇÃO;Boleto;3;0;0;4.4;511.81;R$ 83,94;427.87;Sim;Loja Física;;;;;;;Retirada na loja;pedido recorrente
PA-2024-02707;01/22/2024 03:20 AM;01/22/2024 03:40 AM;Pata Amiga Florianopolis Norte;LJ-017;Saco Grande;MEDICAMENTO;Cartao de Credito;2;;0;5,3;132.72;10.62;122;true;Site;2024-01-24;2024-01-24;2024-01-27;2024-01-29;20.01;Rapido Catarinense;Entregue;embalagem para presente
PA-2024-02704;01/22/2024 08:35 AM;01/22/2024 09:55 AM;PATA AMIGA BLUMENAU CENTRO;LJ-001;Garcia;RACAO;Debito;3;0;;11,3;349.55;R$ 0,00;349,55;N;LOJA FISICA;;;;;;;Retirada na loja;aguardando confirmacao de estoque
PA-2024-02705;01/22/2024 08:20 PM;01/22/2024 09:40 PM;Pata Amiga Rio do Sul;LJ-002;Canta Galo;Serviço;DINHEIRO;2;0;0;7.3;R$ 285,96;0;R$ 285,96;NAO;APP;2024-01-24;2024-01-24;2024-01-25;2024-01-27;R$ 14,52;Entrega Expressa SC;Entregue;
PA-2024-02706;01/22/2024 11:25 PM;01/22/2024 11:45 PM;Pata Amiga Brusque;;;acessorio;Cartao de Credito;2;0;0;4,2;140,69;0.00;140,69;false;APP;2024-01-25;2024-01-26;2024-01-27;2024-01-30;R$ 17,55;Entrega Expressa SC;Entregue;cliente pediu entrega no periodo da tarde
PA-2024-02719;01/23/2024 04:52 AM;01/23/2024 05:12 AM;Pata Amiga Sao Bento do Sul;;Oxford;RAÇÃO;Pix;8;0;0;21.4;1608.36;342,58;1265;1;app;2024-01-26;2024-01-27;2024-01-31;2024-02-01;59,11;Correios;Entregue;aguardando confirmacao de estoque
PA-2024-02717;01/23/2024 06:10 AM;01/23/2024 06:45 AM;Pata Amiga Joinville Sul;LJ-013;Aventureiro;PETISCO;PIX;1;0;;2,9;29.85;6,36;23.49;V;app;2024-01-25;2024-01-25;2024-01-28;2024-01-29;R$ 12,07;Rapido Catarinense;Entregue;conferir endereco com o cliente
PA-2024-02730;01/23/2024 07:50 AM;01/23/2024 08:00 AM;PATA AMIGA XANXERE;LJ-031;Centro;HIGIENE;Especie;9;1;0;33.1;R$ 281,81;54,67;R$ 227,14;X;site;2024-01-25;2024-01-26;2024-01-30;2024-02-02;R$ 70,13;Logistica Propria;Entregue;cliente pediu entrega no periodo da tarde
PA-2024-02708;01/23/2024 08:05 AM;01/23/2024 08:15 AM;Pata Amiga Rio do Sul;;Centro;Acessório;Vale Pet;4;;0;6,8;R$ 360,78;67.47;293,31;Sim;SITE;2024-01-25;;;;;Rapido Catarinense;Aguardando nota fiscal;
PA-2024-02715;01/23/2024 09:00 AM;01/23/2024 09:10 AM;Pata Amiga Ituporanga;LJ-010;Centro;Racao;DINHEIRO;9;1;0;28.5;R$ 1.131,46;R$ 289,65;R$ 841,81;SIM;;2024-01-24;2024-01-24;2024-01-30;2024-02-01;64.68;Logistica Propria;Entregue;pedido recorrente
PA-2024-02724;01/23/2024 09:15 AM;01/23/2024 09:50 AM;PATA AMIGA ITAPOA;;Balneario Itapoa;PETISCO;boleto;5;0;0;9.3;155.19;33,06;R$ 122,13;S;App Pata Amiga;2024-01-26;2024-01-26;;;;Correios;Aguardando despacho;produto fora de linha - substituido
PA-2024-02709;01/23/2024 07:07 AM;01/23/2024 10:07 AM;Pata Amiga Rio do Sul;;Canta Galo;Petiscos;Pix;7;0;0;8.2;189;35.50;R$ 154,32;S;APP;2024-01-24;2024-01-25;2024-01-30;2024-02-02;31,66;TransPet Log;Entregue;
PA-2024-02711;01/23/2024 10:15 AM;01/23/2024 10:25 AM;PATA AMIGA BRUSQUE;LJ-004;Dom Joaquim;Servico;VALE PET;2;0;0;1.6;206.20;0,00;R$ 206,20;Nao;APP;2024-01-25;2024-01-26;2024-01-29;2024-01-30;10,24;Logistica Propria;Entregue;
PA-2024-02710;01/23/2024 08:38 AM;01/23/2024 10:38 AM;Pata Amiga Itajai Praia/SC;LJ-003;Cabecudas;Servico;PIX;3;0;0;5.6;301,37;R$ 0,00;301;F;Site;2024-01-26;2024-01-26;2024-01-28;2024-01-30;13.58;Correios;Entregue;
PA-2024-02716;01/23/2024 11:15 AM;01/23/2024 11:35 AM;Pata Amiga Joinville Sul;;Vila Nova;Petiscos;BOLETO;7;0;0;9,5;234,38;49,92;184;X;site;2024-01-25;2024-01-25;2024-01-29;2024-01-31;R$ 25,21;TransPet Log;Entregue;produto fora de linha - substituido
PA-2024-02726;01/23/2024 01:50 PM;01/23/2024 02:25 PM;Pata Amiga Otacilio  Costa;;;Ração;CARTAO DE DEBITO;4;0;0;13.0;870,89;R$ 109,73;761.16;V;app;2024-01-24;2024-01-24;;;;Rapido Catarinense;Aguardando despacho;embalagem para presente
PA-2024-02722;01/23/2024 11:40 AM;01/23/2024 02:40 PM;PATA AMIGA SAO BENTO DO SUL;LJ-015;Centro;RACAO;Cartao de Credito;8;0;0;18,3;R$ 1.754,99;373;1.381,18;sim;app;2024-01-25;2024-01-26;2024-01-29;2024-01-30;52,80;Logistica Propria;Entregue;produto fora de linha - substituido
PA-2024-02713;01/23/2024 09:50 AM;01/23/2024 02:50 PM;Pata Amiga Taio;LJ-009;Alto Santa Rosa;RACAO;Boleto;7;1;0;21.8;1.152,65;295;R$ 857,57;true;App Pata Amiga;2024-01-25;2024-01-25;2024-02-03;2024-02-05;-;Logistica Propria;Entregue;conferir endereco com o cliente
PA-2024-02720;01/23/2024 01:15 PM;01/23/2024 03:15 PM;Pata Amiga São Bento do Sul;LJ-015;;racao;Cartão de Débito;;0;0;7.1;1.122,36;239;R$ 883,30;SIM;SITE;2024-01-25;2024-01-26;2024-01-29;;;TransPet Log;Despachado - em transito;cliente pediu entrega no periodo da tarde
PA-2024-02725;01/23/2024 03:05 PM;01/23/2024 03:15 PM;Pata Amiga São Joaquim;LJ-026;Santa Terezinha;HIGIENE;DINHEIRO;7;0;0;5.9;206.81;R$ 26,06;180;true;Whatsapp;2024-01-28;2024-01-29;2024-02-10;2024-02-14;;Logistica Propria;Entregue;conferir endereco com o cliente
PA-2024-02727;01/23/2024 02:30 PM;01/23/2024 03:20 PM;pata amiga curitibanos;LJ-028;Santa Cruz;acessorio;boleto;4;0;0;3.7;R$ 287,72;R$ 36,25;251.47;true;App Pata Amiga;2024-01-24;2024-01-25;2024-01-28;;;Logistica Propria;Despachado - em transito;conferir endereco com o cliente
PA-2024-02721;01/23/2024 08:52 AM;01/23/2024 06:52 PM;Pata Amiga São Bento do Sul;LJ-015;Serra Alta;Racao Medicamentosa;Boleto;8;0;0;10.6;R$ 884,17;188.33;695,84;S;SITE;2024-01-24;;;;;TransPet Log;Aguardando nota fiscal;
PA-2024-02712;01/23/2024 07:10 PM;01/23/2024 07:30 PM;pata amiga taio;LJ-009;Centro;Petisco;Dinheiro;6;0;0;11.3;197,45;50.55;R$ 146,90;sim;WhatsApp;2024-01-26;2024-01-26;2024-01-30;2024-02-01;;Entrega Expressa SC;Entregue;
PA-2024-02723;01/23/2024 02:35 PM;01/23/2024 07:35 PM;pata amiga itapoa;LJ-016;Figueira do Pontal;Med.;PIX;6;0;0;24.6;532,42;113,41;R$ 419,01;V;APP;2024-01-26;2024-01-27;2024-02-02;2024-02-06;R$ 76,45;TransPet Log;Entregue;cliente pediu entrega no periodo da tarde
PA-2024-02718;01/23/2024 11:12 PM;01/23/2024 11:22 PM;pata amiga joinville sul;LJ-013;Vila Nova;petisco;Credito;4;0;0;2,5;R$ 105,47;22,47;R$ 83,00;Sim;App Pata Amiga;2024-01-25;2024-01-26;2024-01-30;2024-01-31;9.05;Rapido Catarinense;Entregue;produto fora de linha - substituido
PA-2024-02714;01/23/2024 07:00 PM;01/24/2024 12:00 AM;Pata Amiga Ituporanga;LJ-010;Vila Nova;Rac.;Debito;7;0;0;8,3;1.391,11;356,12;1034;sim;Site;2024-01-28;;;;;Entrega Expressa SC;Aguardando nota fiscal;
PA-2024-02728;01/23/2024 11:30 PM;01/24/2024 12:50 AM;PATA AMIGA CHAPECO;LJ-029;Efapi;Petisco;pix;6;0;;3.4;192,35;R$ 37,32;155;V;App Pata Amiga;2024-01-26;2024-01-26;2024-01-31;2024-02-02;16;Entrega Expressa SC;Entregue;embalagem para presente
PA-2024-02729;01/23/2024 11:38 PM;01/24/2024 12:58 AM;Pata Amiga Concórdia;LJ-030;Centro;Higiene e Beleza;Boleto;5;0;0;5.1;187,28;36,33;150,95;S;LOJA FISICA;;;;;;;Retirada na loja;
PA-2024-02739;01/24/2024 12:38 AM;01/24/2024 12:58 AM;Pata Amiga Joinville Sul/SC;LJ-013;Boa Vista;Racao;vale pet;8;1;0;27,0;753.31;232,77;520.54;sim;App Pata Amiga;2024-01-26;2024-01-26;2024-01-30;;;Correios;Despachado - em transito;
PA-2024-02737;01/24/2024 01:07 AM;01/24/2024 01:42 AM;pata amiga joinville sul;LJ-013;;Ração;CARTAO DE DEBITO;5;0;0;16,0;545,21;168.47;376.74;X;;2024-01-25;2024-01-26;2024-01-29;2024-01-31;32,86;Correios;Entregue;conferir endereco com o cliente
PA-2024-02731;01/24/2024 01:30 AM;01/24/2024 02:05 AM;pata amiga blumenau centro;;Salto do Norte;Hig.;Debito;4;0;0;7,1;159;R$ 0,00;159,99;0;loja fisica;;;;;;;Retirada na loja;
PA-2024-02733;01/24/2024 12:07 AM;01/24/2024 02:07 AM;pata amiga brusque;LJ-004;Dom Joaquim;brinquedo;PIX;3;0;0;1.7;140.04;R$ 8,12;R$ 131,92;sim;LOJA FISICA;;;;;;;Retirada na loja;aguardando confirmacao de estoque
PA-2024-02741;01/24/2024 02:47 AM;01/24/2024 02:57 AM;Pata Amiga Joinville Sul;LJ-013;;medicamento;Especie;4;0;0;8,2;;127,47;R$ 285,06;V;LOJA FISICA;;;;;;;Retirada na loja;
PA-2024-02738;01/24/2024 01:00 AM;01/24/2024 03:00 AM;pata amiga joinville sul;LJ-013;;Petiscos;Boleto;7;1;0;6.0;335,53;103,68;231.85;SIM;Site;2024-01-26;2024-01-27;2024-01-31;;;Correios;Despachado - em transito;
PA-2024-02759;01/24/2024 02:50 AM;01/24/2024 03:00 AM;PATA AMIGA JOINVILLE SUL;LJ-013;Aventureiro;Med.;boleto;5;0;0;17.6;R$ 503,15;R$ 155,47;347,68;S;App;2024-01-25;2024-01-25;2024-01-27;;;Logistica Propria;Despachado - em transito;
PA-2024-02765;01/24/2024 02:55 AM;01/24/2024 03:45 AM;Pata Amiga Joinville Sul/SC;LJ-013;Aventureiro;HIGIENE;Especie;10;0;0;23,1;422,06;R$ 130,42;291;sim;APP;2024-01-26;2024-01-27;2024-01-30;2024-02-02;R$ 71,77;Entrega Expressa SC;Entregue;cliente pediu entrega no periodo da tarde
PA-2024-02732;01/24/2024 03:38 AM;01/24/2024 04:13 AM;PATA AMIGA ITAJAÍ PRAIA;LJ-003;Cabecudas;BRINQUEDO;boleto;;0;0;3.4;R$ 380,11;R$ 22,05;358.06;Sim;App Pata Amiga;2024-01-26;2024-01-27;;;;Entrega Expressa SC;Aguardando despacho;cliente pediu entrega no periodo da tarde
PA-2024-02758;01/24/2024 03:05 AM;01/24/2024 05:05 AM;Pata Amiga Joinville Sul/SC;LJ-013;Vila Nova;Ração;boleto;10;0;0;15,6;1.268,39;391;876;sim;app;2024-01-26;2024-01-27;2024-01-30;2024-02-02;-;Correios;Entregue;cliente pediu entrega no periodo da tarde
PA-2024-02754;01/24/2024 12:10 AM;01/24/2024 05:10 AM;PATA AMIGA JOINVILLE SUL;LJ-013;Jarivatuba;Higiene e Beleza;boleto;7;1;0;24,1;R$ 296,18;91;204,66;V;loja fisica;;;;;;;Retirada na loja;
PA-2024-02745;01/24/2024 01:07 AM;01/24/2024 06:07 AM;PATA AMIGA JOINVILLE SUL;;Boa Vista;Petisco;BOLETO;1;0;0;4.2;24.17;R$ 7,47;R$ 16,70;X;App;2024-01-26;;;;;Logistica Propria;Aguardando nota fiscal;
PA-2024-02752;01/24/2024 06:35 AM;01/24/2024 06:45 AM;Pata Amiga Joinville Sul/SC;LJ-013;Costa e Silva;Racao Medicamentosa;Cartao de Debito;10;1;0;32.2;;R$ 241,55;R$ 540,15;1;;2024-01-26;2024-01-26;2024-01-30;2024-02-01;42;Entrega Expressa SC;Entregue;conferir endereco com o cliente
PA-2024-02743;01/24/2024 06:25 AM;01/24/2024 07:15 AM;pata amiga joinville sul;LJ-013;Boa Vista;Rac.;CARTAO DE CREDITO;11;;0;34.3;2.229,14;688.80;R$ 1.540,34;1;whatsapp;2024-01-26;2024-01-27;2024-01-31;2024-02-03;114.04;Logistica Propria;Entregue;embalagem para presente
PA-2024-02767;01/24/2024 06:40 AM;01/24/2024 07:15 AM;PATA AMIGA ITAPOA;;Figueira do Pontal;Med.;Cartão de Débito;9;1;0;24,2;928;286,80;641;Sim;SITE;2024-01-29;2024-01-30;2024-02-07;;;Correios;Despachado - em transito;
PA-2024-02749;01/24/2024 07:23 AM;01/24/2024 07:43 AM;pata amiga joinville sul;LJ-013;Boa Vista;Hig.;Cartão de Crédito;10;;0;8.8;560,23;173;R$ 387,12;;site;2024-01-26;2024-01-27;2024-01-30;2024-02-01;R$ 14,72;Correios;Entregue;aguardando confirmacao de estoque
PA-2024-02734;01/24/2024 08:00 AM;01/24/2024 08:10 AM;Pata Amiga Timbo;LJ-005;Centro;Racao;Vale Pet;3;0;0;10.1;344,94;6,21;;1;Telefone;2024-01-26;2024-01-27;2024-01-31;2024-02-01;18.23;Entrega Expressa SC;Entregue;
PA-2024-02771;01/24/2024 03:35 AM;01/24/2024 08:35 AM;Pata Amiga Itapoa;LJ-016;Figueira do Pontal;Ração Medicamentosa;PIX;;1;0;13.8;1170;361.81;809.11;Sim;;2024-01-26;2024-01-27;2024-02-02;2024-02-05;R$ 28,61;Rapido Catarinense;Entregue;
PA-2024-02788;01/24/2024 08:25 AM;01/24/2024 08:35 AM;Pata Amiga Xanxere;;Centro;RACAO;vale pet;5;0;2;4,7;R$ 891,97;R$ 282,75;609,22;V;App Pata Amiga;2024-01-25;2024-01-26;2024-01-30;2024-01-31;16,91;TransPet Log;Entregue;aguardando confirmacao de estoque
PA-2024-02755;01/24/2024 08:15 AM;01/24/2024 09:35 AM;Pata Amiga Joinville Sul;LJ-013;Vila Nova;petisco;Vale Pet;11;1;0;11.6;R$ 287,69;88,90;198,79;S;LOJA FISICA;;;;;;;Retirada na loja;produto fora de linha - substituido
PA-2024-02769;01/24/2024 07:38 AM;01/24/2024 09:38 AM;pata amiga itapoa;LJ-016;Figueira do Pontal;racao;Cartao de Debito;15;1;;47.2;R$ 2.583,95;798,44;1785.51;Sim;App;2024-01-27;;;;;Logistica Propria;Aguardando nota fiscal;embalagem para presente
PA-2024-02782;01/24/2024 09:40 AM;01/24/2024 09:50 AM;Pata Amiga Concordia;LJ-030;Centro;MEDICAMENTO;boleto;10;1;0;38,7;1035.40;328,22;707,18;Sim;Site;2024-01-26;2024-01-26;2024-01-27;;;Rapido Catarinense;Despachado - em transito;pedido recorrente
PA-2024-02746;01/24/2024 08:45 AM;01/24/2024 10:05 AM;Pata Amiga Joinville Sul/SC;LJ-013;;Racao Seca;Cartao de Debito;9;0;0;4.0;1669.46;515;R$ 1.153,60;S;SITE;2024-01-26;2024-01-26;2024-01-30;2024-01-31;17,23;TransPet Log;Entregue;produto fora de linha - substituido
PA-2024-02751;01/24/2024 09:25 AM;01/24/2024 10:15 AM;pata amiga joinville sul;LJ-013;Vila Nova;Racao Seca;Credito;6;0;0;23.9;833.51;257,55;;V;;;;;;;;Retirada na loja;cliente pediu entrega no periodo da tarde
PA-2024-02748;01/24/2024 09:15 AM;01/24/2024 11:15 AM;PATA AMIGA JOINVILLE SUL;;Aventureiro;HIGIENE;Cartao de Debito;6;0;n/d;6.5;224;69,26;;V;SITE;2024-01-27;2024-01-27;2024-02-02;2024-02-04;12,17;Logistica Propria;Entregue;
PA-2024-02757;01/24/2024 10:55 AM;01/24/2024 11:15 AM;PATA AMIGA JOINVILLE SUL;;Boa Vista;Ração Medicamentosa;Pix;7;0;0;16.6;R$ 803,87;248;555,47;S;Tel.;2024-01-26;2024-01-26;2024-01-28;2024-01-30;51.49;Logistica Propria;Entregue;conferir endereco com o cliente
PA-2024-02764;01/24/2024 10:35 AM;01/24/2024 11:25 AM;Pata Amiga Joinville Sul/SC;LJ-013;Aventureiro;racao;Debito;8;;0;33,1;892,80;275;616,92;sim;;2024-01-26;2024-01-27;2024-01-30;2024-02-01;53,58;Entrega Expressa SC;Entregue;embalagem para presente
PA-2024-02770;01/24/2024 11:30 AM;01/24/2024 11:50 AM;PATA AMIGA ITAPOA;LJ-016;Figueira do Pontal;Rac.;vale pet;8;0;0;16.5;R$ 953,74;294,71;R$ 659,03;X;APP;2024-01-27;2024-01-27;2024-02-06;2024-02-11;38,93;Rapido Catarinense;Entregue;pedido recorrente
PA-2024-02772;01/24/2024 01:52 AM;01/24/2024 11:52 AM;Pata Amiga Ararangua;;Centro;HIGIENE;Vale Pet;5;;1;20,0;291,89;15.47;276,42;SIM;APP;2024-01-26;2024-01-26;2024-01-29;2024-01-31;44,05;Rapido Catarinense;Entregue;cliente pediu entrega no periodo da tarde
PA-2024-02776;01/24/2024 10:23 AM;01/24/2024 12:23 PM;PATA AMIGA CONCORDIA;LJ-030;Centro;Higiene e Beleza;DINHEIRO;;0;0;7.3;251,20;R$ 79,63;171,57;true;App Pata Amiga;2024-01-25;2024-01-26;2024-02-01;2024-02-04;28;TransPet Log;Entregue;conferir endereco com o cliente
PA-2024-02783;01/24/2024 03:20 AM;01/24/2024 01:20 PM;Pata Amiga Concórdia;LJ-030;Centro;higiene;dinheiro;11;0;0;22,0;391,25;124,03;R$ 267,22;true;app;2024-01-25;2024-01-25;2024-01-28;2024-01-30;R$ 29,20;TransPet Log;Entregue;conferir endereco com o cliente
PA-2024-02736;01/24/2024 02:00 PM;01/24/2024 02:20 PM;Pata Amiga Joinville Sul;LJ-013;Costa e Silva;Rac.;boleto;9;0;0;22.8;1295;R$ 400,37;R$ 895,33;true;loja fisica;;;;;;;Retirada na loja;
PA-2024-02787;01/24/2024 04:20 AM;01/24/2024 02:20 PM;pata amiga xanxere;;Centro;Racao;Cartão de Crédito;7;0;0;4.2;1.601,48;507;1093;sim;SITE;2024-01-26;2024-01-27;2024-02-03;2024-02-05;R$ 17,38;Rapido Catarinense;Entregue;
PA-2024-02768;01/24/2024 02:07 PM;01/24/2024 02:27 PM;Pata Amiga Itapoá;;Figueira do Pontal;RACAO;Boleto;1;0;0;3.3;135,40;R$ 41,84;93,56;X;App;2024-01-27;2024-01-28;;;;Rapido Catarinense;Aguardando despacho;produto fora de linha - substituido
PA-2024-02781;01/24/2024 02:50 PM;01/24/2024 03:25 PM;Pata Amiga Concordia;;Nacoes;Medicamentos;CARTAO DE CREDITO;6;;;12,9;418,68;132.72;R$ 285,96;true;;2024-01-26;2024-01-28;2024-01-29;2024-01-30;36,20;Correios;Entregue;conferir endereco com o cliente
PA-2024-02753;01/24/2024 06:00 AM;01/24/2024 04:00 PM;PATA AMIGA JOINVILLE SUL;LJ-013;Aventureiro;HIGIENE;vale pet;4;0;1;5.0;140,68;43,47;R$ 97,21;1;App;;;;;;;Pedido cancelado;embalagem para presente
PA-2024-02744;01/24/2024 03:12 PM;01/24/2024 04:02 PM;PATA AMIGA JOINVILLE SUL;LJ-013;Boa Vista;petisco;Cartao de Credito;15;0;0;10.3;353,26;109,16;244,10;Sim;APP;2024-01-25;2024-01-26;2024-01-27;2024-01-29;35;Rapido Catarinense;Entregue;embalagem para presente
PA-2024-02750;01/24/2024 02:55 PM;01/24/2024 04:15 PM;pata amiga joinville sul;;Costa e Silva;Hig.;DINHEIRO;;0;0;30.2;R$ 368,53;113.88;254.65;S;APP;2024-01-25;2024-01-25;;;;Entrega Expressa SC;Aguardando despacho;produto fora de linha - substituido
PA-2024-02786;01/24/2024 03:07 PM;01/24/2024 04:27 PM;Pata Amiga Xanxerê;;Bela Vista;Med.;Especie;10;0;1;24.6;;R$ 260,11;R$ 560,42;V;Site;2024-01-26;2024-01-27;2024-01-29;2024-01-30;43;Entrega Expressa SC;Entregue;
PA-2024-02735;01/24/2024 04:20 PM;01/24/2024 04:30 PM;PATA AMIGA TAIO;;Centro;Serviço;CARTAO DE CREDITO;1;0;0;3.9;114,88;0,00;114,88;NAO;App Pata Amiga;2024-01-27;2024-01-27;2024-02-07;;;Rapido Catarinense;Despachado - em transito;pedido recorrente
PA-2024-02784;01/24/2024 07:00 AM;01/24/2024 05:00 PM;Pata Amiga Xanxere;LJ-031;Bela Vista;racao;Cartao de Debito;16;2;1;57.0;3.159,62;1.001,60;2158.02;1;LOJA FISICA;;;;;;;Retirada na loja;pedido recorrente
PA-2024-02761;01/24/2024 03:52 PM;01/24/2024 05:52 PM;Pata Amiga Joinville Sul/SC;;Boa Vista;Ração;Pix;10;1;0;34,9;R$ 1.941,28;R$ 599,86;R$ 1.341,42;sim;App;;;;;;;Pedido cancelado;
PA-2024-02742;01/24/2024 08:15 AM;01/24/2024 06:15 PM;Pata Amiga Joinville Sul;LJ-013;Boa Vista;Rac.;CARTAO DE CREDITO;6;0;0;13.3;739,69;228;511;SIM;LOJA FISICA;;;;;;;Retirada na loja;
PA-2024-02779;01/24/2024 03:15 PM;01/24/2024 06:15 PM;Pata Amiga Concordia;LJ-030;;higiene;CARTAO DE CREDITO;11;1;0;11,1;315,96;R$ 100,16;215,80;1;site;2024-01-26;2024-01-27;2024-01-30;2024-02-01;29.91;Logistica Propria;Entregue;
PA-2024-02762;01/24/2024 08:20 AM;01/24/2024 06:20 PM;Pata Amiga Joinville Sul/SC;;Jarivatuba;HIGIENE;dinheiro;8;1;0;24.9;R$ 243,43;75;168,21;SIM;Site;2024-01-27;2024-01-28;;;;Rapido Catarinense;Aguardando despacho;cliente pediu entrega no periodo da tarde
PA-2024-02785;01/24/2024 06:30 PM;01/24/2024 06:40 PM;pata amiga xanxere;LJ-031;Bela Vista;Ração;dinheiro;12;;0;29,9;2.484,95;787;1697.22;1;site;2024-01-25;2024-01-26;;;;TransPet Log;Aguardando despacho;produto fora de linha - substituido
PA-2024-02747;01/24/2024 04:50 PM;01/24/2024 06:50 PM;PATA AMIGA JOINVILLE SUL;;Aventureiro;RACAO;Cartão de Débito;7;0;0;14.1;980;303,07;677,75;X;Loja Física;;;;;;;Retirada na loja;pedido recorrente
PA-2024-02777;01/24/2024 04:20 PM;01/24/2024 07:20 PM;Pata Amiga Concordia;;Petropolis;Petisco;CARTAO DE CREDITO;6;0;;16,3;R$ 273,99;R$ 86,85;R$ 187,14;1;site;2024-01-27;2024-01-27;2024-02-01;2024-02-03;58,58;Entrega Expressa SC;Entregue;
PA-2024-02774;01/24/2024 05:35 PM;01/24/2024 07:35 PM;pata amiga lages;;Coral;Higiene;Especie;3;0;0;6.5;120,58;6,03;R$ 114,55;Sim;APP;2024-01-26;2024-01-27;2024-01-31;2024-02-03;R$ 17,45;Logistica Propria;Entregue;embalagem para presente
PA-2024-02775;01/24/2024 03:00 PM;01/24/2024 08:00 PM;PATA AMIGA CURITIBANOS;LJ-028;Santa Cruz;Brinquedos;dinheiro;2;0;2;7.8;71,76;3,59;R$ 68,17;;Site;2024-01-26;2024-01-26;2024-01-30;2024-02-02;21.32;Entrega Expressa SC;Entregue;
PA-2024-02760;01/24/2024 06:12 PM;01/24/2024 08:12 PM;PATA AMIGA JOINVILLE SUL;LJ-013;Aventureiro;Rac.;BOLETO;5;0;0;3.7;914.51;282,58;631;true;app;2024-01-27;2024-01-27;2024-01-31;2024-02-03;12,47;TransPet Log;Entregue;aguardando confirmacao de estoque
PA-2024-02773;01/24/2024 06:23 PM;01/24/2024 08:23 PM;Pata Amiga Laguna/SC;;Centro;petisco;Vale Pet;3;0;0;1.5;65;0,00;65;Não;App Pata Amiga;2024-01-26;;;;;Correios;Aguardando nota fiscal;pedido recorrente
PA-2024-02763;01/24/2024 08:45 PM;01/24/2024 09:20 PM;PATA AMIGA JOINVILLE SUL;LJ-013;Aventureiro;Higiene;Dinheiro;10;1;1;31,4;341.39;R$ 105,49;235.90;sim;App Pata Amiga;2024-01-26;2024-01-27;2024-01-30;2024-02-01;55,13;Logistica Propria;Entregue;aguardando confirmacao de estoque
PA-2024-02756;01/24/2024 09:07 PM;01/24/2024 10:27 PM;pata amiga joinville sul;;Vila Nova;Racao;vale pet;11;0;0;31,2;2488;768;R$ 1.719,51;Sim;;2024-01-27;2024-01-27;2024-01-31;2024-02-02;57,06;Entrega Expressa SC;Entregue;pedido recorrente
PA-2024-02778;01/24/2024 10:25 PM;01/24/2024 10:35 PM;Pata Amiga Concórdia;LJ-030;Petropolis;Medicamento;CARTAO DE DEBITO;3;0;0;2.1;311,18;98;R$ 212,54;sim;loja fisica;;;;;;;Retirada na loja;
PA-2024-02766;01/24/2024 01:00 PM;01/24/2024 11:00 PM;Pata Amiga Joinville Sul;;Boa Vista;Rac.;CARTAO DE CREDITO;1;-;0;4,2;130;40;90,19;SIM;app;2024-01-26;2024-01-26;2024-01-27;2024-01-28;15,54;Correios;Entregue;cliente pediu entrega no periodo da tarde
PA-2024-02740;01/24/2024 11:40 PM;01/25/2024 12:00 AM;PATA AMIGA JOINVILLE SUL;;Vila Nova;RAÇÃO;Boleto;9;1;;27,3;1.999,44;617,83;1381.61;S;app;2024-01-27;;;;;Rapido Catarinense;Aguardando nota fiscal;
PA-2024-02791;01/25/2024 02:20 AM;01/25/2024 02:40 AM;PATA AMIGA ITAJAI PRAIA;;Cordeiros;ACESSORIO;PIX;3;0;0;1,7;R$ 166,48;8,66;157,82;sim;Tel.;2024-01-27;2024-01-28;2024-01-29;2024-01-30;7,01;Logistica Propria;Entregue;
PA-2024-02795;01/25/2024 04:25 AM;01/25/2024 04:45 AM;pata amiga indaial;LJ-006;Warnow;Higiene e Beleza;Pix;4;0;0;12.1;199,91;24,79;175;1;SITE;2024-01-28;2024-01-28;2024-01-31;2024-02-02;R$ 23,19;Rapido Catarinense;Entregue;cliente pediu entrega no periodo da tarde
PA-2024-02780;01/24/2024 11:55 PM;01/25/2024 04:55 AM;Pata Amiga Concordia;;Centro;Petisco;PIX;7;0;0;23,9;R$ 291,48;R$ 92,40;199;;Telefone;;;;;;;Pedido cancelado;pedido recorrente
PA-2024-02798;01/25/2024 04:35 AM;01/25/2024 05:25 AM;PATA AMIGA JOINVILLE SUL;LJ-013;Aventureiro;Acessorios;boleto;;0;0;3.7;59,71;0,00;59,71;nao;App Pata Amiga;2024-01-27;2024-01-27;;;;TransPet Log;Aguardando despacho;
PA-2024-02801;01/25/2024 06:50 AM;01/25/2024 08:50 AM;Pata Amiga Sao Bento do Sul;LJ-015;Oxford;PETISCO;vale pet;2;0;0;3.2;R$ 82,31;0,00;R$ 82,31;NAO;Loja Fisica;;;;;;;Retirada na loja;produto fora de linha - substituido
PA-2024-02789;01/25/2024 07:05 AM;01/25/2024 10:05 AM;pata amiga blumenau centro;LJ-001;Fortaleza;Acessorio;boleto;2;0;0;7.1;R$ 147,89;0,00;R$ 147,89;;SITE;2024-01-26;2024-01-27;2024-02-01;2024-02-02;R$ 23,54;TransPet Log;Entregue;
PA-2024-02796;01/25/2024 07:15 AM;01/25/2024 10:15 AM;PATA AMIGA ITUPORANGA;LJ-010;Centro;Petiscos;pix;1;0;0;1,7;-;0,05;R$ 48,30;S;app;2024-01-29;2024-01-30;2024-02-09;;;Rapido Catarinense;Despachado - em transito;
PA-2024-02794;01/25/2024 12:55 PM;01/25/2024 02:15 PM;Pata Amiga Indaial;;Warnow;Higiene e Beleza;vale pet;6;0;;17.0;162.30;20,13;142,17;S;SITE;2024-01-27;2024-01-28;2024-02-01;2024-02-03;42.48;TransPet Log;Entregue;
PA-2024-02790;01/25/2024 03:20 PM;01/25/2024 03:55 PM;Pata Amiga Rio do Sul;LJ-002;;Petisco;Cartão de Débito;2;0;0;1,7;81.72;0,00;81,72;nao;Site;2024-01-28;2024-01-29;2024-02-03;2024-02-04;R$ 8,14;Rapido Catarinense;Entregue;produto fora de linha - substituido
PA-2024-02802;01/25/2024 04:55 PM;01/25/2024 06:55 PM;PATA AMIGA SANTO AMARO DA IMPERATRIZ;LJ-020;Centro;SERVICO;VALE PET;1;;0;3.8;-;7,43;;S;APP;2024-01-29;2024-01-30;2024-02-02;2024-02-06;14,49;Rapido Catarinense;Entregue;
PA-2024-02793;01/25/2024 05:30 PM;01/25/2024 07:30 PM;PATA AMIGA TIMBO;;Centro;Racao;Pix;6;0;0;15.6;951,50;117;833,51;;App;2024-01-27;2024-01-28;2024-01-30;2024-02-01;47;Entrega Expressa SC;Entregue;
PA-2024-02792;01/25/2024 09:40 PM;01/25/2024 09:50 PM;Pata Amiga Timbo;;Capitais;Ração Medicamentosa;Dinheiro;6;0;0;6,6;699,35;R$ 86,72;612;V;app;;;;;;;Pedido cancelado;
PA-2024-02800;01/25/2024 10:20 PM;01/25/2024 11:40 PM;Pata Amiga Jaragua do Sul;LJ-014;Jaragua Esquerdo;racao;pix;2;0;0;2.0;R$ 256,14;34,07;222.07;V;TELEFONE;2024-01-27;2024-01-28;2024-01-31;2024-02-01;R$ 11,20;Logistica Propria;Entregue;pedido recorrente
PA-2024-02810;01/26/2024 03:25 AM;01/26/2024 04:00 AM;Pata Amiga Criciuma;LJ-021;Prospera;HIGIENE;dinheiro;5;0;0;17.4;298;60,55;R$ 237,75;1;;2024-01-28;2024-01-29;2024-02-01;2024-02-03;32,87;TransPet Log;Entregue;aguardando confirmacao de estoque
PA-2024-02797;01/25/2024 11:47 PM;01/26/2024 04:47 AM;Pata Amiga Rio dos Cedros;LJ-012;Palmeiras;higiene;Cartao de Credito;5;0;2;3,6;173,17;21,47;151;sim;SITE;2024-01-29;2024-01-30;2024-02-03;;;Logistica Propria;Despachado - em transito;cliente pediu entrega no periodo da tarde
PA-2024-02799;01/25/2024 07:40 PM;01/26/2024 05:40 AM;Pata Amiga Jaragua Do Sul;;Ilha da Figueira;BRINQUEDO;dinheiro;1;;0;2.2;45;R$ 6,00;39,11;SIM;Loja Física;;;;;;;Retirada na loja;embalagem para presente
PA-2024-02803;01/26/2024 04:35 AM;01/26/2024 06:35 AM;Pata Amiga Indaial;LJ-006;Encano;PETISCO;Credito;3;0;0;6.0;R$ 134,62;10,23;R$ 124,39;sim;APP;2024-01-28;2024-01-29;2024-01-31;2024-02-02;17,79;TransPet Log;Entregue;
PA-2024-02807;01/26/2024 05:12 AM;01/26/2024 10:12 AM;Pata Amiga Criciuma/SC;;Prospera;PETISCO;Dinheiro;;0;-;16.7;199.94;40,59;159;SIM;Site;;;;;;;Pedido cancelado;conferir endereco com o cliente
PA-2024-02805;01/26/2024 02:23 AM;01/26/2024 12:23 PM;PATA AMIGA SAO BENTO DO SUL;LJ-015;Centro;Petisco;boleto;;0;0;4.1;R$ 73,76;0.22;73,54;S;Site;2024-01-29;2024-01-29;2024-02-02;2024-02-04;9;TransPet Log;Entregue;aguardando confirmacao de estoque
PA-2024-02804;01/26/2024 12:10 PM;01/26/2024 01:30 PM;Pata Amiga Jaraguá do Sul;;Ilha da Figueira;racao;dinheiro;2;0;0;0,9;R$ 242,14;0;242;0;Loja Fisica;;;;;;;Retirada na loja;produto fora de linha - substituido
PA-2024-02808;01/26/2024 10:45 AM;01/26/2024 01:45 PM;Pata Amiga Criciúma;LJ-021;Prospera;Med.;Pix;9;0;0;34.9;1.106,71;R$ 224,66;882,05;Sim;Loja Fisica;;;;;;;Retirada na loja;
PA-2024-02806;01/26/2024 06:05 PM;01/26/2024 06:25 PM;Pata Amiga Criciuma/SC;;Sao Luiz;Higiene;Cartao de Credito;7;0;2;23.3;224,77;R$ 45,63;179;Sim;APP;2024-01-28;2024-01-30;2024-02-02;2024-02-04;R$ 58,20;Correios;Entregue;
PA-2024-02809;01/26/2024 05:30 PM;01/26/2024 08:30 PM;Pata Amiga Criciuma;LJ-021;Sao Luiz;Medicamentos;PIX;5;0;0;18,4;R$ 389,42;79,05;R$ 310,37;true;LOJA FISICA;;;;;;;Retirada na loja;
PA-2024-02813;01/27/2024 01:05 AM;01/27/2024 01:15 AM;Pata Amiga Presidente Getúlio;LJ-008;Fundo Canoas;Medicamentos;Especie;17;0;0;18.2;2.390,11;R$ 1.125,74;1264.37;SIM;whatsapp;2024-01-28;2024-01-29;2024-02-11;2024-02-13;44.97;Logistica Propria;Entregue;embalagem para presente
PA-2024-02815;01/27/2024 01:07 AM;01/27/2024 01:57 AM;Pata Amiga Presidente Getulio;LJ-008;Fundo Canoas;PETISCO;Boleto;18;0;0;38,7;R$ 782,34;368,48;413.86;X;App;;;;;;;Pedido cancelado;produto fora de linha - substituido
PA-2024-02817;01/27/2024 12:07 AM;01/27/2024 03:07 AM;Pata Amiga Presidente Getúlio;LJ-008;Alto Dona Luiza;RACAO;Debito;;0;0;37,1;R$ 1.438,56;-;761.00;sim;site;2024-02-01;2024-02-02;2024-02-06;2024-02-09;R$ 77,37;TransPet Log;Entregue;
PA-2024-02830;01/27/2024 04:12 AM;01/27/2024 04:32 AM;PATA AMIGA SAO BENTO DO SUL;LJ-015;Oxford;Petisco;Especie;1;0;0;1,7;24,81;R$ 0,00;24,81;false;Telefone;2024-01-28;2024-01-29;2024-02-02;;;Correios;Despachado - em transito;produto fora de linha - substituido
PA-2024-02829;01/27/2024 05:12 AM;01/27/2024 05:32 AM;pata amiga joinville sul;LJ-013;Boa Vista;Acessorios;Cartao de Debito;2;0;0;3.2;157,40;0,00;R$ 157,40;false;SITE;2024-01-29;2024-01-30;2024-02-05;;;Entrega Expressa SC;Despachado - em transito;embalagem para presente
PA-2024-02828;01/27/2024 05:20 AM;01/27/2024 06:40 AM;Pata Amiga Ibirama;;Nossa Senhora de Fatima;Ração;Cartao de Credito;12;1;1;40.2;-;1.227,68;1378;SIM;Site;;;;;;;Pedido cancelado;
PA-2024-02814;01/27/2024 06:50 AM;01/27/2024 07:10 AM;Pata Amiga Presidente Getúlio;LJ-008;Centro;Petiscos;Cartao de Credito;14;-;0;17.1;458,34;R$ 215,88;242,46;1;Loja Física;;;;;;;Retirada na loja;cliente pediu entrega no periodo da tarde
PA-2024-02833;01/27/2024 04:40 AM;01/27/2024 07:40 AM;pata amiga lages;;Centro;Petiscos;Vale Pet;4;0;0;13.8;146.55;7.77;138,78;1;Site;2024-01-28;2024-01-29;2024-02-02;2024-02-03;R$ 45,47;Rapido Catarinense;Entregue;
PA-2024-02820;01/27/2024 06:38 AM;01/27/2024 07:58 AM;Pata Amiga Presidente Getúlio;;Fundo Canoas;Ração;DINHEIRO;11;0;0;39.2;R$ 2.202,76;1.037,50;1165;true;Loja Física;;;;;;;Retirada na loja;
PA-2024-02827;01/27/2024 08:07 AM;01/27/2024 09:27 AM;Pata Amiga Ibirama;;Nossa Senhora de Fatima;Hig.;vale pet;7;0;N/I;27,5;R$ 390,76;184,05;R$ 206,71;SIM;loja fisica;;;;;;;Retirada na loja;
PA-2024-02812;01/27/2024 09:45 AM;01/27/2024 10:20 AM;pata amiga gaspar;LJ-007;Gasparinho;Racao Medicamentosa;Dinheiro;1;0;0;3,6;R$ 109,43;0,00;109.43;F;App;2024-01-29;2024-01-29;2024-02-03;;;TransPet Log;Despachado - em transito;
PA-2024-02811;01/27/2024 09:30 AM;01/27/2024 10:50 AM;PATA AMIGA INDAIAL;LJ-006;Nacoes;Ração;CARTAO DE DEBITO;2;0;;5.7;322.30;0,00;R$ 322,30;F;SITE;2024-01-28;2024-01-28;2024-01-31;2024-02-01;R$ 13,75;Entrega Expressa SC;Entregue;
PA-2024-02825;01/27/2024 01:07 PM;01/27/2024 01:27 PM;PATA AMIGA IBIRAMA;;Bela Alianca;Ração Medicamentosa;BOLETO;15;1;0;51.3;1.131,90;533;R$ 598,78;1;Whatsapp;2024-01-30;2024-01-30;2024-02-05;;;Entrega Expressa SC;Despachado - em transito;
PA-2024-02816;01/27/2024 10:50 AM;01/27/2024 01:50 PM;PATA AMIGA PRESIDENTE GETULIO;LJ-008;Fundo Canoas;Ração;Credito;-;0;0;27.3;1.373,95;647.13;R$ 726,82;1;;2024-01-29;2024-01-30;2024-02-08;2024-02-13;37,73;Correios;Entregue;
PA-2024-02819;01/27/2024 09:38 AM;01/27/2024 02:38 PM;Pata Amiga Presidente Getulio;;Alto Dona Luiza;petisco;Especie;11;1;0;14,7;R$ 245,67;-;129,96;V;whatsapp;2024-01-31;2024-01-31;2024-02-03;;;Logistica Propria;Despachado - em transito;
PA-2024-02826;01/27/2024 04:47 AM;01/27/2024 02:47 PM;Pata Amiga Ibirama;LJ-011;Centro;RACAO;Vale Pet;10;;1;4,6;977;460,17;R$ 516,83;SIM;whatsapp;2024-01-29;2024-01-30;2024-02-10;2024-02-12;;Logistica Propria;Entregue;produto fora de linha - substituido
PA-2024-02823;01/27/2024 03:38 PM;01/27/2024 04:58 PM;PATA AMIGA IBIRAMA;LJ-011;Nossa Senhora de Fatima;Higiene e Beleza;PIX;;1;0;47.6;R$ 508,90;239,69;269.21;X;APP;2024-01-30;2024-01-30;2024-02-03;;;Entrega Expressa SC;Despachado - em transito;aguardando confirmacao de estoque
PA-2024-02822;01/27/2024 05:50 PM;01/27/2024 06:00 PM;PATA AMIGA IBIRAMA;;Centro;Racao Medicamentosa;Debito;13;1;0;7.4;1.027,68;484,04;R$ 543,64;X;LOJA FISICA;;;;;;;Retirada na loja;aguardando confirmacao de estoque
PA-2024-02818;01/27/2024 06:12 PM;01/27/2024 08:12 PM;PATA AMIGA PRESIDENTE GETULIO;;Alto Dona Luiza;Racao Seca;Dinheiro;8;0;0;11.7;R$ 1.748,85;823,71;925.14;X;SITE;2024-01-30;2024-01-31;2024-02-12;2024-02-14;30,77;Logistica Propria;Entregue;produto fora de linha - substituido
PA-2024-02831;01/27/2024 07:12 PM;01/27/2024 10:12 PM;Pata Amiga Florianopolis Norte/SC;;Rio Vermelho;RACAO;Vale Pet;3;0;0;7,9;290,63;0;290.63;;SITE;2024-01-29;2024-01-29;2024-01-31;2024-02-03;22.35;Correios;Entregue;produto fora de linha - substituido
PA-2024-02821;01/27/2024 12:25 PM;01/27/2024 10:25 PM;Pata Amiga Taió;LJ-009;Alto Santa Rosa;Acessorios;pix;5;0;0;4.9;463.81;R$ 33,39;430.42;;APP;2024-01-30;2024-01-31;2024-02-07;;;Entrega Expressa SC;Despachado - em transito;pedido recorrente
PA-2024-02824;01/27/2024 11:12 PM;01/28/2024 01:12 AM;PATA AMIGA IBIRAMA;;Bela Alianca;RACAO;CARTAO DE CREDITO;2;0;0;2.8;284.33;133.92;150.41;true;Loja Fisica;;;;;;;Retirada na loja;
PA-2024-02832;01/27/2024 11:20 PM;01/28/2024 02:20 AM;Pata Amiga Araranguá;;Cidade Alta;Acessorios;Cartão de Crédito;3;0;0;7,1;257,48;8.24;249.24;X;Site;2024-01-30;2024-01-30;2024-02-02;2024-02-05;14,96;Entrega Expressa SC;Entregue;
PA-2024-02839;01/28/2024 01:38 AM;01/28/2024 02:28 AM;Pata Amiga Gaspar;LJ-007;Figueira;medicamento;pix;4;0;0;6.5;446,06;39;R$ 406,81;true;site;2024-01-30;2024-01-31;2024-02-04;2024-02-07;26.45;TransPet Log;Entregue;embalagem para presente
PA-2024-02842;01/28/2024 04:30 AM;01/28/2024 04:40 AM;Pata Amiga Criciúma;LJ-021;Centro;Serviço;dinheiro;3;0;0;12.4;399.95;R$ 0,00;;N;APP;2024-01-31;2024-01-31;2024-02-05;2024-02-08;40,16;Entrega Expressa SC;Entregue;embalagem para presente
PA-2024-02843;01/28/2024 04:38 AM;01/28/2024 04:48 AM;Pata Amiga Tubarao;LJ-022;Oficinas;acessorio;boleto;;0;1;7,0;307.62;18,15;289.47;X;loja fisica;;;;;;;Retirada na loja;
PA-2024-02840;01/28/2024 12:12 AM;01/28/2024 10:12 AM;Pata Amiga Floripa Norte;;Rio Vermelho;Acessório;dinheiro;7;n/d;0;23,4;704.84;R$ 77,53;627,31;S;Site;2024-01-30;2024-01-31;2024-02-05;2024-02-06;45,64;Rapido Catarinense;Entregue;
PA-2024-02838;01/28/2024 11:47 AM;01/28/2024 02:47 PM;PATA AMIGA TIMBO;LJ-005;Araponguinhas;Hig.;boleto;;0;0;1.8;114,69;0;114;Nao;APP;2024-02-01;2024-02-01;2024-02-03;2024-02-04;R$ 9,97;Rapido Catarinense;Entregue;conferir endereco com o cliente
PA-2024-02834;01/28/2024 09:52 AM;01/28/2024 02:52 PM;Pata Amiga Blumenal Centro;LJ-001;;racao;Boleto;5;0;0;5,5;R$ 1.089,30;95,86;R$ 993,44;SIM;loja fisica;;;;;;;Retirada na loja;produto fora de linha - substituido
PA-2024-02844;01/28/2024 12:10 PM;01/28/2024 05:10 PM;Pata Amiga Sao Joaquim;LJ-026;Centro;Servico;pix;2;0;0;7.5;290.50;0,00;290.50;Nao;SITE;2024-01-31;2024-02-01;2024-02-07;;;Rapido Catarinense;Despachado - em transito;pedido recorrente
PA-2024-02841;01/28/2024 09:25 PM;01/28/2024 10:00 PM;Pata Amiga Floripa Norte;;Saco Grande;medicamento;Debito;3;0;0;5,3;R$ 208,31;R$ 22,91;185.40;V;APP;2024-01-30;2024-01-31;2024-02-04;2024-02-06;R$ 19,98;Entrega Expressa SC;Entregue;
PA-2024-02836;01/28/2024 06:25 PM;01/28/2024 11:25 PM;pata amiga itajai praia;LJ-003;;Acessorio;boleto;1;0;0;3.7;88.54;R$ 5,58;82;;App Pata Amiga;2024-01-30;2024-01-31;2024-02-04;2024-02-07;R$ 14,88;Correios;Entregue;
PA-2024-02835;01/28/2024 10:45 PM;01/28/2024 11:35 PM;PATA AMIGA BLUMENAU CENTRO;LJ-001;Salto do Norte;acessorio;BOLETO;2;;N/I;3,9;200,06;17.61;182,45;S;app;2024-01-30;2024-01-31;;;;TransPet Log;Aguardando despacho;
PA-2024-02846;01/29/2024 12:23 AM;01/29/2024 01:13 AM;PATA AMIGA PRESIDENTE GETULIO;;Fundo Canoas;MEDICAMENTO;PIX;4;0;0;7,3;285;31,70;253,88;sim;App;2024-02-02;2024-02-03;2024-02-04;2024-02-07;19,18;TransPet Log;Entregue;aguardando confirmacao de estoque
PA-2024-02845;01/29/2024 02:52 AM;01/29/2024 04:12 AM;PATA AMIGA BRUSQUE;;Limeira;petisco;VALE PET;4;;0;11.0;125;0,00;125.94;N;app;2024-01-31;2024-01-31;2024-02-04;2024-02-05;R$ 24,40;Entrega Expressa SC;Entregue;
PA-2024-02837;01/28/2024 07:35 PM;01/29/2024 05:35 AM;pata amiga brusque;LJ-004;Aguas Claras;acessorio;vale pet;6;0;0;16,4;495,68;31,23;464,45;X;site;2024-01-31;2024-01-31;2024-02-01;2024-02-02;25.16;Logistica Propria;Entregue;
PA-2024-02849;01/29/2024 07:35 AM;01/29/2024 08:55 AM;PATA AMIGA SAO JOSE KOBRASOL;LJ-018;Real Parque;Petisco;VALE PET;2;0;0;2.4;78.75;0,79;77;Sim;Telefone;2024-01-31;2024-01-31;2024-02-02;2024-02-03;12;Entrega Expressa SC;Entregue;
PA-2024-02848;01/29/2024 05:15 AM;01/29/2024 03:15 PM;pata amiga florianopolis norte;LJ-017;Trindade;medicamento;VALE PET;4;0;0;16.7;352,84;R$ 33,17;319;1;site;2024-01-31;2024-02-01;2024-02-05;2024-02-07;42;Logistica Propria;Entregue;conferir endereco com o cliente
PA-2024-02847;01/29/2024 07:30 PM;01/29/2024 08:05 PM;pata amiga ibirama;LJ-011;Nossa Senhora de Fatima;RAÇÃO;Dinheiro;3;0;0;6,9;478,72;53,14;425,58;X;;2024-01-31;2024-01-31;;;;TransPet Log;Aguardando despacho;
PA-2024-02854;01/30/2024 02:05 AM;01/30/2024 03:25 AM;pata amiga ituporanga;LJ-010;Centro;Petisco;Vale Pet;7;1;0;7.6;353,67;56,94;-;X;Loja Física;;;;;;;Retirada na loja;aguardando confirmacao de estoque
PA-2024-02859;01/30/2024 01:52 AM;01/30/2024 03:52 AM;Pata Amiga Florianópolis Norte;LJ-017;Rio Vermelho;Ração;VALE PET;3;0;0;6,4;R$ 328,78;46;R$ 282,42;S;WHATSAPP;2024-02-01;;;;;Correios;Aguardando nota fiscal;aguardando confirmacao de estoque
PA-2024-02863;01/30/2024 03:47 AM;01/30/2024 04:37 AM;pata amiga criciuma;LJ-021;Centro;Higiene e Beleza;DINHEIRO;7;0;-;26.6;304.64;67.63;237;SIM;SITE;2024-02-01;2024-02-01;2024-02-03;;;Entrega Expressa SC;Despachado - em transito;conferir endereco com o cliente
PA-2024-02864;01/30/2024 06:23 AM;01/30/2024 06:33 AM;pata amiga criciuma;LJ-021;Centro;Rac.;Pix;6;0;0;15,0;697.48;154.84;542,64;X;loja fisica;;;;;;;Retirada na loja;produto fora de linha - substituido
PA-2024-02865;01/30/2024 02:52 AM;01/30/2024 07:52 AM;Pata Amiga Criciúma;LJ-021;Sao Luiz;petisco;Cartão de Crédito;4;;0;2,1;187.26;41;R$ 145,69;true;SITE;2024-01-31;2024-01-31;2024-02-05;2024-02-07;9.71;TransPet Log;Entregue;aguardando confirmacao de estoque
PA-2024-02852;01/30/2024 08:05 AM;01/30/2024 08:25 AM;Pata Amiga Indaial;LJ-006;Nacoes;Petiscos;BOLETO;4;0;0;16.8;R$ 157,72;3,94;R$ 153,78;1;App Pata Amiga;2024-01-31;2024-02-01;2024-02-05;2024-02-07;29,41;Entrega Expressa SC;Entregue;
PA-2024-02856;01/30/2024 08:30 AM;01/30/2024 08:50 AM;Pata Amiga Jaraguá do Sul;;Barra do Rio Cerro;Servicos;pix;2;0;0;5.7;355,40;0.00;355,40;F;Site;2024-01-31;2024-02-01;;;;Rapido Catarinense;Aguardando despacho;
PA-2024-02855;01/30/2024 05:52 AM;01/30/2024 10:52 AM;Pata Amiga Joinville Sul/SC;LJ-013;Jarivatuba;petisco;Cartao de Credito;1;0;0;1.6;29.09;2,21;R$ 26,88;sim;WHATSAPP;2024-02-01;2024-02-02;2024-02-06;2024-02-09;9,67;Logistica Propria;Entregue;
PA-2024-02862;01/30/2024 10:20 AM;01/30/2024 01:20 PM;Pata Amiga Criciúma;;Rio Maina;RAÇÃO;BOLETO;7;1;0;14.8;1112.61;247.00;865,61;V;loja fisica;;;;;;;Retirada na loja;
PA-2024-02869;01/30/2024 01:23 PM;01/30/2024 01:58 PM;Pata Amiga Concórdia;;Centro;Racao;Vale Pet;3;;1;5,4;R$ 460,31;0,00;-;Nao;LOJA FISICA;;;;;;;Retirada na loja;cliente pediu entrega no periodo da tarde
PA-2024-02861;01/30/2024 03:23 PM;01/30/2024 03:43 PM;pata amiga palhoca;LJ-019;Guarda do Cubatao;Racao Seca;VALE PET;5;0;1;3,9;R$ 523,91;35,10;488,81;Sim;loja fisica;;;;;;;Retirada na loja;
PA-2024-02868;01/30/2024 04:15 PM;01/30/2024 05:35 PM;Pata Amiga Sao Joaquim;LJ-026;Santa Terezinha;Petisco;Vale Pet;1;0;0;0,9;R$ 27,47;2.36;25,11;SIM;loja fisica;;;;;;;Retirada na loja;embalagem para presente
PA-2024-02857;01/30/2024 03:38 PM;01/30/2024 06:38 PM;Pata Amiga Florianopolis Norte/SC;LJ-017;Trindade;Acessório;pix;6;0;0;15,6;634;89,43;544;1;Loja Fisica;;;;;;;Retirada na loja;
PA-2024-02858;01/30/2024 01:38 PM;01/30/2024 06:38 PM;PATA AMIGA FLORIANOPOLIS NORTE;;Costeira;higiene;Cartão de Crédito;5;;0;20.9;R$ 244,36;34,45;209,91;V;loja fisica;;;;;;;Retirada na loja;produto fora de linha - substituido
PA-2024-02866;01/30/2024 06:10 PM;01/30/2024 07:30 PM;Pata Amiga Criciuma/SC;LJ-021;Centro;Racao Seca;Vale Pet;8;1;0;26.3;R$ 1.194,43;R$ 265,16;929,27;true;app;2024-02-01;2024-02-01;;;;Logistica Propria;Aguardando despacho;cliente pediu entrega no periodo da tarde
PA-2024-02867;01/30/2024 06:45 PM;01/30/2024 07:35 PM;Pata Amiga Lages;;Habitacao;brinquedo;Cartao de Credito;4;0;0;6,9;165,12;14,20;R$ 150,92;SIM;App Pata Amiga;2024-02-01;2024-02-02;2024-02-04;2024-02-07;14,62;Rapido Catarinense;Entregue;produto fora de linha - substituido
PA-2024-02851;01/30/2024 07:10 PM;01/30/2024 08:00 PM; Pata Amiga Brusque;;Santa Terezinha;Brinquedos;Cartão de Crédito;7;0;0;15.8;449;40,41;408,60;S;WhatsApp;2024-02-01;2024-02-01;2024-02-05;2024-02-07;47,90;Correios;Entregue;
PA-2024-02860;01/30/2024 10:25 AM;01/30/2024 08:25 PM;Pata Amiga Sao Jose Kobrasol;;Kobrasol;Petiscos;Especie;4;0;0;14.6;R$ 126,51;8;R$ 118,03;true;Telefone;2024-02-01;2024-02-02;2024-02-08;2024-02-12;46,07;Correios;Entregue;
PA-2024-02853;01/30/2024 07:47 PM;01/30/2024 09:07 PM;pata amiga taio;LJ-009;Centro;PETISCO;DINHEIRO;5;0;0;4.0;115;R$ 18,65;97,21;S;Loja Fisica;;;;;;;Retirada na loja;pedido recorrente
PA-2024-02878;01/31/2024 12:23 AM;01/31/2024 12:43 AM;PATA AMIGA FLORIANOPOLIS NORTE;LJ-017;Costeira;RAÇÃO;Cartão de Débito;7;;0;22.9;1.173,05;R$ 175,96;997,09;Sim;site;2024-02-03;2024-02-03;2024-02-07;2024-02-08;49;Entrega Expressa SC;Entregue;
PA-2024-02885;01/31/2024 03:05 AM;01/31/2024 03:25 AM;Pata Amiga São Miguel do Oeste;LJ-032;Sao Gotardo;racao;CARTAO DE DEBITO;;0;0;17.8;887,84;109,20;778;V;App Pata Amiga;2024-02-02;2024-02-03;2024-02-08;2024-02-10;58.98;TransPet Log;Entregue;
PA-2024-02881;01/31/2024 01:45 AM;01/31/2024 03:45 AM;Pata Amiga Palhoça;;Ponte do Imaruim;higiene;pix;1;0;0;2,6;30,65;0.00;30,65;Não;Telefone;2024-02-02;;;;;Logistica Propria;Aguardando nota fiscal;
PA-2024-02875;01/31/2024 07:00 AM;01/31/2024 07:10 AM;Pata Amiga São Bento do Sul;;;PETISCO;Cartao de Debito;;;0;43.8;479;108.86;R$ 370,68;1;Site;2024-02-02;2024-02-03;2024-02-07;2024-02-08;R$ 108,75;Rapido Catarinense;Entregue;embalagem para presente
PA-2024-02850;01/30/2024 10:50 PM;01/31/2024 08:50 AM;Pata Amiga Itajaí Praia;;Cordeiros;Serviço;Cartão de Débito;4;0;1;3.0;;54;552.58;1;APP;2024-02-03;2024-02-03;2024-02-08;2024-02-10;13;Correios;Entregue;conferir endereco com o cliente
PA-2024-02872;01/31/2024 04:05 AM;01/31/2024 09:05 AM;pata amiga joinville sul;LJ-013;Vila Nova;Ração;Especie;5;0;0;14,6;561;R$ 127,41;433,86;S;App Pata Amiga;2024-02-02;2024-02-03;2024-02-07;2024-02-09;R$ 37,89;TransPet Log;Entregue;
PA-2024-02883;01/31/2024 06:45 AM;01/31/2024 09:45 AM;Pata Amiga Laguna/SC;LJ-024;Magalhaes;Higiene e Beleza;boleto;4;0;0;11.0;127,24;20,10;107.14;V;App Pata Amiga;2024-02-03;2024-02-04;2024-02-07;2024-02-08;R$ 33,31;Logistica Propria;Entregue;pedido recorrente
PA-2024-02876;01/31/2024 10:25 AM;01/31/2024 10:45 AM;Pata Amiga Sao Bento do Sul;LJ-015;Centro;RAÇÃO;Boleto;3;0;0;7,2;R$ 666,79;151;515,43;1;Loja Fisica;;;;;;;Retirada na loja;conferir endereco com o cliente
PA-2024-02877;01/31/2024 06:25 AM;01/31/2024 11:25 AM;Pata Amiga Itapoá;;Figueira do Pontal;Rac.;Especie;8;0;0;17,6;867,92;197,02;670,90;SIM;Site;2024-02-02;2024-02-02;2024-02-14;2024-02-16;38.72;Entrega Expressa SC;Entregue;
PA-2024-02884;01/31/2024 12:12 PM;01/31/2024 01:02 PM;Pata Amiga Concordia;LJ-030;Nacoes;Petiscos;CARTAO DE DEBITO;7;1;0;9,3;R$ 339,88;41;R$ 298,07;SIM;LOJA FISICA;;;;;;;Retirada na loja;embalagem para presente
PA-2024-02874;01/31/2024 12:30 PM;01/31/2024 01:50 PM;PATA AMIGA SAO BENTO DO SUL;;Centro;Higiene;Boleto;5;0;0;18.7;278,30;63,17;215.13;X;Site;2024-02-03;2024-02-04;2024-02-09;2024-02-11;R$ 46,30;Logistica Propria;Entregue;
PA-2024-02882;01/31/2024 02:50 PM;01/31/2024 03:10 PM;pata amiga tubarao;;Centro;RAÇÃO;Especie;5;0;1;11.6;672.99;R$ 106,33;566.66;V;App Pata Amiga;2024-02-01;2024-02-01;2024-02-05;2024-02-06;38,89;Rapido Catarinense;Entregue;
PA-2024-02870;01/31/2024 05:38 AM;01/31/2024 03:38 PM;Pata Amiga Rio do Sul;LJ-002;Centro;BRINQUEDO;Boleto;3;0;0;9,2;R$ 186,77;;186,77;N;SITE;2024-02-01;2024-02-02;2024-02-06;2024-02-08;21.76;Entrega Expressa SC;Entregue;cliente pediu entrega no periodo da tarde
PA-2024-02879;01/31/2024 05:50 AM;01/31/2024 03:50 PM;Pata Amiga Floripa Norte;LJ-017;Costeira;RAÇÃO;Debito;4;0;;15.4;422;63.42;R$ 359,41;true;App Pata Amiga;2024-02-02;;;;;Entrega Expressa SC;Aguardando nota fiscal;
PA-2024-02871;01/31/2024 08:45 PM;01/31/2024 08:55 PM;Pata Amiga Ibirama/SC;LJ-011;Centro;SERVICO;VALE PET;2;0;0;5.1;204;7,76;196.38;1;site;;;;;;;Pedido cancelado;
PA-2024-02880;01/31/2024 08:55 PM;01/31/2024 09:45 PM;Pata Amiga Florianopolis Norte;LJ-017;Ingleses;HIGIENE;PIX;4;0;0;3,6;121,06;18,16;102;S;Loja Física;;;;;;;Retirada na loja;
PA-2024-02873;01/31/2024 07:38 PM;02/01/2024 12:38 AM;Pata Amiga Joinville Sul;;Costa e Silva;Petiscos;VALE PET;2;;0;1.2;71.56;16;55.32;SIM;Whatsapp;2024-02-03;2024-02-03;2024-02-05;2024-02-06;7;Entrega Expressa SC;Entregue;
PA-2024-02905;02/01/2024 12:25 AM;02/01/2024 01:00 AM;Pata Amiga Otacilio  Costa;LJ-027;Centro;Racao;Pix;;0;N/I;7.3;396,07;117.24;278;V;loja fisica;;;;;;;Retirada na loja;
PA-2024-02894;02/01/2024 03:40 AM;02/01/2024 03:50 AM;Pata Amiga Jaraguá do Sul;LJ-014;Centro;Racao Medicamentosa;boleto;12;1;;40,7;728,98;262,43;R$ 466,55;Sim;App Pata Amiga;2024-02-03;2024-02-04;2024-02-08;2024-02-09;63.85;Correios;Entregue;pedido recorrente
PA-2024-02906;02/01/2024 04:47 AM;02/01/2024 04:57 AM;pata amiga curitibanos;LJ-028;Centro;Higiene;Credito;8;0;0;15.2;283,24;R$ 83,84;199.40;S;site;2024-02-03;2024-02-04;2024-02-09;2024-02-11;55,72;Rapido Catarinense;Entregue;
PA-2024-02896;02/01/2024 05:00 AM;02/01/2024 08:00 AM;Pata Amiga Jgua do Sul;LJ-014;Ilha da Figueira;MEDICAMENTO;Cartão de Débito;3;0;1;6.6;193,33;69,60;R$ 123,73;;loja fisica;;;;;;;Retirada na loja;
PA-2024-02897;02/01/2024 07:38 AM;02/01/2024 08:28 AM;Pata Amiga Florianópolis Norte;;Ingleses;Acessório;PIX;1;0;2;1,7;83,49;0,08;R$ 83,41;sim;App;2024-02-03;2024-02-03;2024-02-07;2024-02-10;7,30;Correios;Entregue;
PA-2024-02904;02/01/2024 07:00 AM;02/01/2024 09:00 AM;PATA AMIGA OTACILIO COSTA;;Bela Vista;PETISCO;pix;8;0;0;33.3;338,23;R$ 100,12;238.11;1;Site;2024-02-03;2024-02-04;2024-02-09;2024-02-13;-;Correios;Entregue;
PA-2024-02889;02/01/2024 09:38 AM;02/01/2024 11:38 AM;PATA AMIGA INDAIAL;;Nacoes;Acessorios;vale pet;6;0;0;21,2;343,19;47;;true;Site;2024-02-03;2024-02-03;2024-02-09;2024-02-11;41,21;TransPet Log;Entregue;cliente pediu entrega no periodo da tarde
PA-2024-02887;02/01/2024 07:25 AM;02/01/2024 12:25 PM;Pata Amiga Timbo;LJ-005;Capitais;Acessório;boleto;4;;0;10,8;200.91;27,93;R$ 172,98;sim;App Pata Amiga;2024-02-03;2024-02-04;2024-02-09;2024-02-11;18;Entrega Expressa SC;Entregue;
PA-2024-02899;02/01/2024 07:45 AM;02/01/2024 12:45 PM;pata amiga lages;LJ-025;Coral;Med.;Credito;9;0;0;16.2;727,25;215,27;511,98;V;;2024-02-02;2024-02-03;2024-02-09;2024-02-11;55,66;TransPet Log;Entregue;
PA-2024-02891;02/01/2024 01:05 PM;02/01/2024 01:40 PM;Pata Amiga Taió;LJ-009;Centro;petisco;PIX;1;0;;4,2;R$ 35,94;0,00;35,94;NAO;LOJA FISICA;;;;;;;Retirada na loja;produto fora de linha - substituido
PA-2024-02895;02/01/2024 01:47 PM;02/01/2024 02:37 PM;PATA AMIGA JARAGUA DO SUL;;Jaragua Esquerdo;RAÇÃO;BOLETO;6;0;;20,2;827;;R$ 529,34;S;WHATSAPP;2024-02-02;2024-02-03;2024-02-06;2024-02-07;38,07;Logistica Propria;Entregue;embalagem para presente
PA-2024-02907;02/01/2024 05:50 AM;02/01/2024 03:50 PM;Pata Amiga Curitibanos;LJ-028;Centro;medicamento;vale pet;13;1;0;8.3;1.536,24;454.73;1.081,51;X;app;2024-02-02;;;;;Logistica Propria;Aguardando nota fiscal;
PA-2024-02900;02/01/2024 04:05 PM;02/01/2024 05:25 PM;pata amiga lages;;Coral;Higiene;Vale Pet;11;0;;45,1;635,77;R$ 188,19;447;true;Site;2024-02-03;2024-02-04;2024-02-06;2024-02-07;R$ 151,33;Logistica Propria;Entregue;
PA-2024-02903;02/01/2024 06:15 PM;02/01/2024 07:05 PM;Pata Amiga Sao Joaquim;;Santa Terezinha;Med.;Cartao de Credito;10;1;0;29.7;678.24;R$ 200,76;477,48;V;app;2024-02-06;2024-02-06;2024-02-14;2024-02-18;R$ 50,29;Logistica Propria;Entregue;
PA-2024-02898;02/01/2024 09:25 AM;02/01/2024 07:25 PM;Pata Amiga Araranguá;;Centro;Acessorios;Dinheiro;5;0;N/I;15.3;298,69;40;258,07;V;SITE;2024-02-03;;;;;TransPet Log;Aguardando nota fiscal;
PA-2024-02893;02/01/2024 08:30 PM;02/01/2024 09:05 PM;Pata Amiga Jgua do Sul;LJ-014;;Medicamento;VALE PET;6;0;0;23.1;467.05;168,14;298,91;sim;;;;;;;;Retirada na loja;
PA-2024-02892;02/01/2024 08:52 PM;02/01/2024 09:27 PM;Pata Amiga Jaragua Do Sul;LJ-014;;racao;Pix;8;0;1;31.2;883,35;318.01;565,34;1;SITE;2024-02-02;2024-02-03;;;;Rapido Catarinense;Aguardando despacho;conferir endereco com o cliente
PA-2024-02901;02/01/2024 09:55 PM;02/01/2024 10:45 PM;PATA AMIGA LAGES;;Coral;Medicamento;Cartao de Credito;5;0;0;16,7;560,25;165.83;394.42;S;app;2024-02-02;2024-02-02;2024-02-06;2024-02-07;28.21;Logistica Propria;Entregue;
PA-2024-02888;02/01/2024 10:52 PM;02/01/2024 11:02 PM;pata amiga indaial;LJ-006;Warnow;Higiene;Cartao de Credito;7;0;0;10.6;302.14;-;260;sim;loja fisica;;;;;;;Retirada na loja;aguardando confirmacao de estoque
PA-2024-02886;02/01/2024 10:45 PM;02/01/2024 11:05 PM;Pata Amiga Itajai Praia/SC;LJ-003;Sao Vicente;Servico;vale pet;1;0;0;2.1;R$ 101,67;0,00;101,67;N;whatsapp;2024-02-02;2024-02-03;;;;Entrega Expressa SC;Aguardando despacho;
PA-2024-02902;02/01/2024 10:38 PM;02/02/2024 12:38 AM;pata amiga lages;;Guarujal;Med.;Dinheiro;9;;0;19.6;1.294,66;383.22;911;sim;APP;2024-02-04;2024-02-04;2024-02-07;2024-02-09;38,58;Rapido Catarinense;Entregue;aguardando confirmacao de estoque
PA-2024-02890;02/01/2024 11:15 PM;02/02/2024 04:15 AM;Pata Amiga Presidente Getúlio;LJ-008;Centro;Acessorios;Pix;6;0;0;11,2;662;-;531.29;S;site;2024-02-04;;;;;Rapido Catarinense;Aguardando nota fiscal;pedido recorrente
PA-2024-02914;02/02/2024 05:45 AM;02/02/2024 07:45 AM;Pata Amiga Criciúma;LJ-021;Sao Luiz;Petiscos;DINHEIRO;7;0;0;24.9;147;;137;;app;2024-02-04;2024-02-04;2024-02-05;;;Rapido Catarinense;Despachado - em transito;conferir endereco com o cliente
PA-2024-02912;02/02/2024 06:45 AM;02/02/2024 09:45 AM;Pata Amiga Jaraguá do Sul;LJ-014;Centro;Petiscos;Cartão de Crédito;6;0;1;20.0;291,17;R$ 53,28;237.89;1;Site;2024-02-04;;;;;Rapido Catarinense;Aguardando nota fiscal;conferir endereco com o cliente
PA-2024-02913;02/02/2024 12:05 PM;02/02/2024 12:15 PM;Pata Amiga Jaragua Do Sul;;Ilha da Figueira;petisco;boleto;3;0;0;2.9;87.70;16,05;71;S;loja fisica;;;;;;;Retirada na loja;pedido recorrente
PA-2024-02921;02/02/2024 11:10 AM;02/02/2024 12:30 PM;pata amiga curitibanos;LJ-028;Santa Cruz;Higiene;dinheiro;4;0;0;8.8;180.65;30,53;150,12;X;APP;2024-02-04;2024-02-04;2024-02-08;;;Rapido Catarinense;Despachado - em transito;
PA-2024-02920;02/02/2024 08:40 AM;02/02/2024 06:40 PM;Pata Amiga Otacilio  Costa;;Centro;servico;Cartao de Credito;7;0;0;16.7;591,11;99.90;R$ 491,21;Sim;App Pata Amiga;2024-02-05;2024-02-06;2024-02-12;;;Correios;Despachado - em transito;pedido recorrente
PA-2024-02918;02/02/2024 06:40 PM;02/02/2024 06:50 PM;Pata Amiga Lages;;Centro;racao;boleto;9;1;0;8.0;R$ 1.854,52;313;1541.11;V;Site;;;;;;;Pedido cancelado;pedido recorrente
PA-2024-02922;02/02/2024 06:20 PM;02/02/2024 08:20 PM;PATA AMIGA CHAPECO;LJ-029;Passo dos Fortes;servico;CARTAO DE DEBITO;4;0;0;5,2;377.15;8.30;R$ 368,85;S;Loja Fisica;;;;;;;Retirada na loja;produto fora de linha - substituido
PA-2024-02915;02/02/2024 06:35 PM;02/02/2024 08:35 PM;PATA AMIGA TUBARAO;LJ-022;Passagem;Ração;BOLETO;3;0;0;8.8;673.63;R$ 83,53;R$ 590,10;SIM;APP;2024-02-05;2024-02-05;2024-02-09;2024-02-11;R$ 27,32;Entrega Expressa SC;Entregue;aguardando confirmacao de estoque
PA-2024-02919;02/02/2024 08:15 PM;02/02/2024 09:35 PM;Pata Amiga São Joaquim;;Centro;Rac.;Cartao de Credito;6;0;0;14,0;1.266,68;214,07;1052.61;S;WHATSAPP;2024-02-03;2024-02-04;2024-02-07;2024-02-10;R$ 25,60;Entrega Expressa SC;Entregue;conferir endereco com o cliente
PA-2024-02916;02/02/2024 09:25 PM;02/02/2024 10:15 PM;Pata Amiga Tubarao;;Humaita;Petiscos;Debito;5;0;1;17,8;139,19;17;121;X;Loja Física;;;;;;;Retirada na loja;
PA-2024-02910;02/02/2024 09:47 PM;02/02/2024 11:47 PM;Pata Amiga Indaial;LJ-006;Warnow;higiene;Especie;5;0;0;14.9;150,72;20;130,67;true;app;2024-02-04;2024-02-05;2024-02-09;2024-02-12;26,18;Logistica Propria;Entregue;embalagem para presente
PA-2024-02908;02/02/2024 10:52 PM;02/03/2024 12:12 AM;PATA AMIGA TIMBO;LJ-005;Araponguinhas;servico;boleto;2;0;0;2.6;218,04;R$ 29,00;R$ 189,04;SIM;APP;;;;;;;Pedido cancelado;produto fora de linha - substituido
PA-2024-02917;02/02/2024 03:07 PM;02/03/2024 01:07 AM;Pata Amiga Laguna/SC;;Ponta das Pedras;Higiene;dinheiro;1;0;0;1.8;R$ 42,03;5,21;;true;whatsapp;2024-02-05;2024-02-06;2024-02-11;2024-02-14;10,75;Logistica Propria;Entregue;
PA-2024-02909;02/02/2024 11:50 PM;02/03/2024 01:50 AM;PATA AMIGA INDAIAL;;Nacoes;Petisco;vale pet;;0;0;8.4;232;R$ 30,98;201,97;S;App;2024-02-05;2024-02-05;;;;Correios;Aguardando despacho;produto fora de linha - substituido
PA-2024-02944;02/03/2024 12:15 AM;02/03/2024 02:15 AM;PATA AMIGA JOINVILLE SUL;LJ-013;Boa Vista;Petisco;Especie;6;0;0;3.8;240,20;79,27;160,93;S;Site;2024-02-05;2024-02-05;2024-02-10;2024-02-11;16,02;Correios;Entregue;produto fora de linha - substituido
PA-2024-02941;02/03/2024 01:52 AM;02/03/2024 02:42 AM;PATA AMIGA JOINVILLE SUL;LJ-013;Aventureiro;Higiene;pix;3;0;0;4,5;165.14;54,50;110.64;X;Tel.;2024-02-06;;;;;TransPet Log;Aguardando nota fiscal;
PA-2024-02937;02/03/2024 01:25 AM;02/03/2024 02:45 AM;pata amiga joinville sul;;Jarivatuba;PETISCO;Cartao de Debito;12;0;0;8,8;R$ 326,29;107,68;218,61;S;loja fisica;;;;;;;Retirada na loja;aguardando confirmacao de estoque
PA-2024-02911;02/02/2024 09:50 PM;02/03/2024 02:50 AM;pata amiga joinville sul;;Aventureiro;Petiscos;pix;2;0;0;2,7;R$ 99,29;0.00;99,29;0;SITE;2024-02-04;2024-02-05;2024-02-09;2024-02-11;13,15;Logistica Propria;Entregue;conferir endereco com o cliente
PA-2024-02968;02/03/2024 01:12 AM;02/03/2024 03:12 AM;pata amiga araranguá;LJ-023;;PETISCO;CARTAO DE DEBITO;6;N/I;0;5.5;291,55;80,76;R$ 210,79;true;WHATSAPP;2024-02-05;2024-02-05;2024-02-09;2024-02-11;18,73;Logistica Propria;Entregue;produto fora de linha - substituido
PA-2024-02933;02/03/2024 03:45 AM;02/03/2024 03:55 AM;Pata Amiga Joinville Sul;LJ-013;Aventureiro;racao;Boleto;8;1;0;16.4;R$ 811,82;267.90;543,92;Sim;Site;2024-02-06;2024-02-06;2024-02-10;2024-02-11;44.78;Correios;Entregue;
PA-2024-02949;02/03/2024 03:38 AM;02/03/2024 04:28 AM;Pata Amiga Joinville Sul;LJ-013;Jarivatuba;petisco;Cartao de Debito;11;1;0;45.5;R$ 540,40;R$ 178,33;362.07;V;App Pata Amiga;2024-02-04;2024-02-05;2024-02-08;2024-02-10;125,87;TransPet Log;Entregue;
PA-2024-02962;02/03/2024 06:35 AM;02/03/2024 06:45 AM;Pata Amiga Itapoá;LJ-016;Figueira do Pontal;Higiene;Especie;10;0;0;15,1;633;209,03;R$ 424,40;V;site;2024-02-07;2024-02-07;2024-02-20;2024-02-24;R$ 24,68;Correios;Entregue;conferir endereco com o cliente
PA-2024-02969;02/03/2024 04:30 AM;02/03/2024 07:30 AM;Pata Amiga Chapecó;LJ-029;Passo dos Fortes;Petiscos;boleto;3;0;0;11.4;91,66;R$ 5,87;R$ 85,79;true;LOJA FISICA;;;;;;;Retirada na loja;embalagem para presente
PA-2024-02953;02/03/2024 07:23 AM;02/03/2024 08:13 AM;Pata Amiga Joinville Sul;;Vila Nova;Racao Seca;Credito;6;0;0;23.2;1.314,76;433,87;R$ 880,89;X;Site;2024-02-05;2024-02-06;2024-02-07;;;TransPet Log;Despachado - em transito;conferir endereco com o cliente
PA-2024-02929;02/03/2024 03:35 AM;02/03/2024 08:35 AM;PATA AMIGA JOINVILLE SUL;LJ-013;Costa e Silva;PETISCO;Dinheiro;14;0;0;38.8;505,26;166,74;338.52;SIM;Loja Física;;;;;;;Retirada na loja;pedido recorrente
PA-2024-02924;02/03/2024 09:55 AM;02/03/2024 11:15 AM;Pata Amiga Blumenau Centro;;Itoupava Norte;medicamento;BOLETO;3;0;0;2,8;R$ 207,29;15.55;;V;App;2024-02-04;2024-02-04;2024-02-06;2024-02-07;R$ 10,93;Entrega Expressa SC;Entregue;produto fora de linha - substituido
PA-2024-02938;02/03/2024 10:45 AM;02/03/2024 12:05 PM;PATA AMIGA JOINVILLE SUL;LJ-013;Costa e Silva;racao;pix;7;0;0;20.0;883.22;291,46;591.76;;Loja Física;;;;;;;Retirada na loja;
PA-2024-02959;02/03/2024 12:05 PM;02/03/2024 12:25 PM;Pata Amiga São Bento do Sul;;Centro;Petiscos;dinheiro;8;1;0;20,5;270.22;89;R$ 181,05;V;whatsapp;2024-02-05;2024-02-05;2024-02-08;2024-02-11;R$ 31,76;Correios;Entregue;embalagem para presente
PA-2024-02945;02/03/2024 11:40 AM;02/03/2024 01:00 PM;PATA AMIGA JOINVILLE SUL;LJ-013;Boa Vista;Racao Seca;Cartão de Débito;;1;0;30,2;R$ 1.757,75;R$ 580,06;1.177,69;V;whatsapp;2024-02-05;2024-02-05;2024-02-10;2024-02-12;71,57;Logistica Propria;Entregue;
PA-2024-02940;02/03/2024 10:12 AM;02/03/2024 01:12 PM;Pata Amiga Joinville Sul;;Boa Vista;racao;Dinheiro;10;0;;32.1;R$ 1.637,39;540;1.097,05;sim;app;2024-02-05;2024-02-05;2024-02-06;2024-02-08;R$ 73,47;Rapido Catarinense;Entregue;conferir endereco com o cliente
PA-2024-02964;02/03/2024 01:15 PM;02/03/2024 01:35 PM;pata amiga itapoa;LJ-016;Balneario Itapoa;HIGIENE;Especie;12;n/d;0;39.3;595.12;;398,73;;SITE;2024-02-07;2024-02-08;2024-02-16;2024-02-19;R$ 113,85;Correios;Entregue;
PA-2024-02939;02/03/2024 01:52 PM;02/03/2024 02:12 PM;Pata Amiga Joinville Sul;;Boa Vista;Medicamentos;DINHEIRO;10;0;;39.6;922.03;304,27;R$ 617,76;Sim;Site;2024-02-05;2024-02-06;2024-02-10;2024-02-12;93,16;Entrega Expressa SC;Entregue;produto fora de linha - substituido
PA-2024-02951;02/03/2024 02:10 PM;02/03/2024 02:30 PM;PATA AMIGA JOINVILLE SUL;LJ-013;Aventureiro;RACAO;Cartao de Credito;10;1;-;41,0;R$ 1.079,35;356,19;723,16;1;Whatsapp;2024-02-04;2024-02-04;2024-02-07;2024-02-10;127.14;Rapido Catarinense;Entregue;
PA-2024-02965;02/03/2024 09:52 AM;02/03/2024 02:52 PM;Pata Amiga Florianopolis Norte;LJ-017;Centro;higiene;PIX;2;0;0;6,8;116,25;0,00;116,25;NAO;APP;;;;;;;Pedido cancelado;
PA-2024-02925;02/03/2024 04:55 AM;02/03/2024 02:55 PM;Pata Amiga Gaspar;;Bela Vista;Petiscos;Debito;4;0;0;16.2;202.62;15,20;187.42;S;site;2024-02-05;;;;;Entrega Expressa SC;Aguardando nota fiscal;
PA-2024-02926;02/03/2024 12:10 PM;02/03/2024 03:10 PM;pata amiga joinville sul;;Vila Nova;Ração;pix;5;0;0;5,9;550;R$ 181,81;R$ 369,13;X;whatsapp;2024-02-04;2024-02-05;2024-02-08;2024-02-10;15,14;Logistica Propria;Entregue;
PA-2024-02936;02/03/2024 03:05 PM;02/03/2024 03:15 PM;Pata Amiga Joinville Sul;LJ-013;Aventureiro;Petisco;DINHEIRO;11;1;0;39,3;471.14;155,48;315,66;;Site;;;;;;;Pedido cancelado;conferir endereco com o cliente
PA-2024-02967;02/03/2024 01:38 PM;02/03/2024 03:38 PM;Pata Amiga Araranguá;;Centro;petisco;VALE PET;;0;0;14,0;R$ 257,20;71;185;SIM;TELEFONE;2024-02-05;2024-02-06;2024-02-10;2024-02-12;49,14;TransPet Log;Entregue;produto fora de linha - substituido
PA-2024-02955;02/03/2024 01:25 PM;02/03/2024 04:25 PM;PATA AMIGA JOINVILLE SUL;LJ-013;Costa e Silva;Ração;boleto;7;0;0;8,7;1.240,14;R$ 409,25;R$ 830,89;true;Telefone;2024-02-05;2024-02-06;2024-02-08;2024-02-10;R$ 21,18;Logistica Propria;Entregue;embalagem para presente
PA-2024-02954;02/03/2024 01:38 PM;02/03/2024 04:38 PM;pata amiga joinville sul;LJ-013;;Ração;Debito;9;0;0;4,5;2.057,61;679,01;1.378,60;SIM;App Pata Amiga;2024-02-05;2024-02-05;2024-02-08;2024-02-11;12,15;Correios;Entregue;conferir endereco com o cliente
PA-2024-02934;02/03/2024 02:47 PM;02/03/2024 04:47 PM;PATA AMIGA JOINVILLE SUL;;Aventureiro;Petiscos;boleto;9;;0;3.7;198,08;R$ 65,37;R$ 132,71;true;LOJA FISICA;;;;;;;Retirada na loja;pedido recorrente
PA-2024-02923;02/03/2024 04:12 PM;02/03/2024 05:02 PM;Pata Amiga Blumenau Centro;LJ-001;Salto do Norte;Hig.;Debito;5;0;0;15,6;202,96;;187,74;true;Loja Física;;;;;;;Retirada na loja;embalagem para presente
PA-2024-02948;02/03/2024 07:12 AM;02/03/2024 05:12 PM;Pata Amiga Joinville Sul;LJ-013;Aventureiro;RAÇÃO;BOLETO;8;0;0;29.4;1588.75;524,29;;Sim;site;2024-02-05;2024-02-06;2024-02-10;2024-02-11;80,16;TransPet Log;Entregue;cliente pediu entrega no periodo da tarde
PA-2024-02960;02/03/2024 04:52 PM;02/03/2024 05:12 PM;pata amiga itapoa;;Figueira do Pontal;racao;VALE PET;14;0;0;27.9;2.108,78;R$ 695,90;1412;sim;site;2024-02-05;2024-02-06;2024-02-16;2024-02-17;73,15;Correios;Entregue;
PA-2024-02966;02/03/2024 05:23 PM;02/03/2024 05:58 PM;Pata Amiga Ararangua;LJ-023;Centro;MEDICAMENTO;Pix;8;1;2;22,3;R$ 502,34;139,15;363;SIM;site;2024-02-04;2024-02-04;2024-02-07;2024-02-09;R$ 42,25;Entrega Expressa SC;Entregue;aguardando confirmacao de estoque
PA-2024-02932;02/03/2024 08:30 AM;02/03/2024 06:30 PM;pata amiga joinville sul;;Aventureiro;Medicamento;Cartao de Credito;7;0;0;24,5;474.62;;318,00;Sim;Loja Fisica;;;;;;;Retirada na loja;
PA-2024-02927;02/03/2024 06:30 PM;02/03/2024 07:20 PM;PATA AMIGA JOINVILLE SUL;;Aventureiro;PETISCO;Pix;9;0;0;12.0;284.55;93,90;190.65;SIM;Site;2024-02-05;2024-02-06;2024-02-09;2024-02-11;45,21;Rapido Catarinense;Entregue;cliente pediu entrega no periodo da tarde
PA-2024-02947;02/03/2024 02:30 PM;02/03/2024 07:30 PM;Pata Amiga Joinville Sul/SC;;Aventureiro;Ração;Cartao de Credito;8;0;0;11,4;1.233,40;R$ 407,02;R$ 826,38;V;App;;;;;;;Pedido cancelado;embalagem para presente
PA-2024-02946;02/03/2024 02:35 PM;02/03/2024 07:35 PM;PATA AMIGA JOINVILLE SUL;;Boa Vista;MEDICAMENTO;Vale Pet;7;0;0;26,8;R$ 844,37;R$ 278,64;565,73;X;whatsapp;2024-02-04;2024-02-05;;;;Logistica Propria;Aguardando despacho;pedido recorrente
PA-2024-02970;02/03/2024 07:30 PM;02/03/2024 07:50 PM;PATA AMIGA CONCORDIA;;Centro;Brinquedo;vale pet;5;0;2;6.2;312;R$ 19,97;R$ 292,04;true;Whatsapp;2024-02-04;2024-02-05;2024-02-11;2024-02-12;16.11;Correios;Entregue;
PA-2024-02931;02/03/2024 08:00 PM;02/03/2024 08:10 PM;PATA AMIGA JOINVILLE SUL;;Vila Nova;MEDICAMENTO;boleto;8;1;0;25.9;1.011,46;333.78;677.68;X;site;2024-02-04;2024-02-05;;;;Logistica Propria;Aguardando despacho;
PA-2024-02952;02/03/2024 10:30 AM;02/03/2024 08:30 PM;PATA AMIGA JOINVILLE SUL;LJ-013;Jarivatuba;Higiene e Beleza;boleto;11;0;0;30,6;426,54;140;R$ 285,78;sim;APP;2024-02-05;2024-02-06;2024-02-07;2024-02-08;R$ 92,91;Entrega Expressa SC;Entregue;
PA-2024-02928;02/03/2024 08:00 PM;02/03/2024 08:35 PM;PATA AMIGA JOINVILLE SUL;LJ-013;Costa e Silva;Petisco;Cartão de Crédito;12;0;2;15.3;;177.40;360.17;Sim;whatsapp;2024-02-05;2024-02-05;2024-02-09;2024-02-12;R$ 27,96;TransPet Log;Entregue;
PA-2024-02930;02/03/2024 09:12 PM;02/03/2024 09:32 PM;Pata Amiga Joinville Sul;LJ-013;Boa Vista;Racao Seca;boleto;12;0;0;9.0;R$ 1.346,94;;902,45;;App;2024-02-04;2024-02-05;;;;Rapido Catarinense;Aguardando despacho;
PA-2024-02943;02/03/2024 08:35 PM;02/03/2024 09:55 PM;PATA AMIGA JOINVILLE SUL;LJ-013;Vila Nova;Racao Seca;Especie;10;0;0;32.8;1480.84;R$ 488,68;992.16;S;app;2024-02-04;2024-02-05;2024-02-08;2024-02-11;82,11;Correios;Entregue;embalagem para presente
PA-2024-02950;02/03/2024 12:23 PM;02/03/2024 10:23 PM;PATA AMIGA JOINVILLE SUL;;Aventureiro;RACAO;dinheiro;9;;0;12.4;1.397,67;R$ 461,23;936.44;V;Whatsapp;2024-02-04;2024-02-04;2024-02-08;2024-02-11;38.32;TransPet Log;Entregue;
PA-2024-02942;02/03/2024 09:38 PM;02/03/2024 11:38 PM;pata amiga joinville sul;LJ-013;Boa Vista;Rac.;Cartao de Credito;10;;0;15,8;-;576,50;1170.47;1;Loja Fisica;;;;;;;Retirada na loja;pedido recorrente
PA-2024-02957;02/03/2024 08:50 PM;02/04/2024 01:50 AM;Pata Amiga Sao Bento do Sul;;Centro;Rac.;VALE PET;14;0;0;51.4;1625;536;R$ 1.089,09;1;app;2024-02-05;2024-02-06;;;;Logistica Propria;Aguardando despacho;cliente pediu entrega no periodo da tarde
PA-2024-02935;02/03/2024 09:35 PM;02/04/2024 02:35 AM;pata amiga joinville sul;LJ-013;Vila Nova;Rac.;PIX;3;0;0;6,4;595.47;R$ 196,51;R$ 398,96;Sim;LOJA FISICA;;;;;;;Retirada na loja;
PA-2024-02956;02/03/2024 05:15 PM;02/04/2024 03:15 AM;PATA AMIGA JOINVILLE SUL;LJ-013;Boa Vista;Rac.;Boleto;15;2;2;49,9;R$ 1.596,01;526.68;R$ 1.069,33;1;loja fisica;;;;;;;Retirada na loja;
PA-2024-02961;02/03/2024 07:07 PM;02/04/2024 05:07 AM;Pata Amiga Itapoá;LJ-016;Balneario Itapoa;higiene;BOLETO;6;1;0;20,0;288,98;95.36;R$ 193,62;X;App;2024-02-05;2024-02-06;2024-02-17;;;Entrega Expressa SC;Despachado - em transito;cliente pediu entrega no periodo da tarde
PA-2024-02972;02/04/2024 05:40 AM;02/04/2024 06:30 AM;PATA AMIGA TAIO;;;Medicamento;dinheiro;2;0;;5.0;239,91;0.00;239.91;NAO;SITE;2024-02-06;2024-02-07;2024-02-19;2024-02-22;17,93;TransPet Log;Entregue;embalagem para presente
PA-2024-02958;02/03/2024 08:35 PM;02/04/2024 06:35 AM;Pata Amiga Sao Bento do Sul;;Centro;Ração Medicamentosa;BOLETO;10;0;0;7.6;626,76;R$ 206,83;419,93;SIM;;2024-02-05;2024-02-05;2024-02-06;2024-02-08;R$ 23,53;Rapido Catarinense;Entregue;aguardando confirmacao de estoque
PA-2024-02963;02/03/2024 09:52 PM;02/04/2024 07:52 AM;PATA AMIGA ITAPOA;;Balneario Itapoa;PETISCO;Cartão de Crédito;9;0;2;18.0;R$ 286,27;94.47;191,80;X;App Pata Amiga;2024-02-06;2024-02-07;2024-02-15;2024-02-16;65,87;Rapido Catarinense;Entregue;
PA-2024-02971;02/04/2024 02:25 PM;02/04/2024 03:45 PM;PATA AMIGA TIMBO;;Capitais;Brinquedos;VALE PET;1;0;0;1,4;R$ 39,93;0.00;39.93;false;Site;2024-02-05;2024-02-05;2024-02-07;;;Rapido Catarinense;Despachado - em transito;embalagem para presente
PA-2024-02978;02/04/2024 03:23 PM;02/04/2024 04:43 PM;pata amiga curitibanos;LJ-028;Santa Cruz;MEDICAMENTO;PIX;5;0;;18,7;677.45;92,13;585.32;sim;Site;;;;;;;Pedido cancelado;
PA-2024-02977;02/04/2024 01:10 PM;02/04/2024 06:10 PM;PATA AMIGA OTACILIO COSTA;LJ-027;Bela Vista;Medicamentos;vale pet;2;0;0;1.4;R$ 193,81;R$ 26,36;167;SIM;Site;2024-02-05;2024-02-05;2024-02-17;;;Logistica Propria;Despachado - em transito;cliente pediu entrega no periodo da tarde
PA-2024-02975;02/04/2024 05:10 PM;02/04/2024 06:30 PM;Pata Amiga Criciúma;LJ-021;Prospera;Brinquedos;vale pet;3;0;0;9.1;136,95;;120;sim;Loja Física;;;;;;;Retirada na loja;
PA-2024-02973;02/04/2024 06:12 PM;02/04/2024 06:47 PM;Pata Amiga Ibirama;LJ-011;Nossa Senhora de Fatima;Acessorios;Debito;-;0;0;5.3;109,58;R$ 0,00;109.58;N;App Pata Amiga;2024-02-07;2024-02-08;2024-02-11;2024-02-12;21;Entrega Expressa SC;Entregue;
PA-2024-02974;02/04/2024 11:52 PM;02/05/2024 12:02 AM;Pata Amiga Florianopolis Norte/SC;;Saco Grande;Hig.;Boleto;2;0;0;6,9;88.87;0.00;88.87;F;APP;2024-02-07;2024-02-08;2024-02-11;2024-02-12;13,91;Entrega Expressa SC;Entregue;
PA-2024-02990;02/05/2024 12:15 AM;02/05/2024 12:35 AM;Pata Amiga Laguna/SC;LJ-024;Ponta das Pedras;Medicamentos;Vale Pet;5;0;0;11.1;R$ 531,02;117.89;413.13;1;;2024-02-09;2024-02-10;2024-02-13;2024-02-16;R$ 26,15;Entrega Expressa SC;Entregue;
PA-2024-02982;02/05/2024 12:45 AM;02/05/2024 01:05 AM;pata amiga joinville sul;LJ-013;;Servicos;Cartao de Credito;3;0;0;9,1;R$ 492,26;41.35;450,91;Sim;loja fisica;;;;;;;Retirada na loja;produto fora de linha - substituido
PA-2024-02976;02/04/2024 08:40 PM;02/05/2024 06:40 AM;PATA AMIGA LAGES;;Centro;RACAO;Cartão de Débito;1;0;0;3,2;110,78;-;R$ 95,71;sim;whatsapp;2024-02-07;;;;;Correios;Aguardando nota fiscal;produto fora de linha - substituido
PA-2024-02992;02/05/2024 05:47 AM;02/05/2024 08:47 AM;Pata Amiga Curitibanos;LJ-028;Santa Cruz;servico;Pix;2;0;2;7,8;R$ 223,11;6,69;R$ 216,42;S;WhatsApp;2024-02-07;2024-02-08;2024-02-12;2024-02-14;27,60;Logistica Propria;Entregue;
PA-2024-02984;02/05/2024 08:38 AM;02/05/2024 08:48 AM;pata amiga itapoa;LJ-016;Figueira do Pontal;Rac.;Cartão de Débito;2;;;1.6;253.70;R$ 21,31;R$ 232,39;Sim;Loja Fisica;;;;;;;Retirada na loja;embalagem para presente
PA-2024-02979;02/05/2024 08:52 AM;02/05/2024 09:02 AM; Pata Amiga Blumenau Centro;LJ-001;Salto do Norte;SERVICO;Cartao de Debito;2;0;0;5,2;160,08;5,12;154;V;App Pata Amiga;2024-02-08;2024-02-08;2024-02-11;2024-02-14;11.23;Entrega Expressa SC;Entregue;
PA-2024-02991;02/05/2024 07:15 AM;02/05/2024 10:15 AM;pata amiga laguna;LJ-024;Magalhaes;RAÇÃO;Cartão de Débito;11;0;0;43,3;1.700,92;377;1.323,32;X;site;2024-02-07;2024-02-08;2024-02-10;2024-02-12;97.93;Entrega Expressa SC;Entregue;
PA-2024-02994;02/05/2024 02:55 PM;02/05/2024 03:45 PM;Pata Amiga Concordia;LJ-030;;Petisco;VALE PET;2;N/I;0;1.6;54,88;0;R$ 54,88;N;SITE;2024-02-07;2024-02-08;;;;Entrega Expressa SC;Aguardando despacho;
PA-2024-02985;02/05/2024 03:20 PM;02/05/2024 03:55 PM;Pata Amiga Tubarao;;;Ração;BOLETO;7;1;0;27.9;804,06;R$ 178,50;R$ 625,56;Sim;SITE;2024-02-08;2024-02-10;2024-02-12;2024-02-14;99,72;TransPet Log;Entregue;aguardando confirmacao de estoque
PA-2024-02989;02/05/2024 02:45 PM;02/05/2024 04:05 PM;PATA AMIGA TUBARAO;LJ-022;Humaita;Racao;Cartao de Debito;8;1;0;23,1;R$ 1.410,93;R$ 313,23;1097.70;SIM;;2024-02-07;2024-02-07;2024-02-09;2024-02-12;-;Logistica Propria;Entregue;
PA-2024-02993;02/05/2024 03:20 PM;02/05/2024 04:10 PM;pata amiga chapeco;LJ-029;Efapi;Petisco;DINHEIRO;1;0;1;1.6;R$ 47,69;R$ 0,00;;NAO;App Pata Amiga;2024-02-07;;;;;Entrega Expressa SC;Aguardando nota fiscal;
PA-2024-02987;02/05/2024 05:00 PM;02/05/2024 05:10 PM;PATA AMIGA TUBARAO;LJ-022;Centro;Racao Seca;Cartão de Débito;8;0;;32.6;R$ 1.359,48;301.80;1057.68;;APP;2024-02-08;2024-02-09;2024-02-12;2024-02-14;68.03;Logistica Propria;Entregue;cliente pediu entrega no periodo da tarde
PA-2024-02988;02/05/2024 05:25 PM;02/05/2024 06:00 PM;pata amiga tubarao;;Humaita;RACAO;BOLETO;11;1;0;32.5;R$ 1.748,44;388,15;1360.29;X;site;2024-02-07;2024-02-09;2024-02-11;2024-02-13;50.54;Logistica Propria;Entregue;
PA-2024-02981;02/05/2024 01:12 PM;02/05/2024 06:12 PM;Pata Amiga Ibirama;;Bela Alianca;Racao Seca;pix;3;0;0;3,7;620,42;R$ 105,47;514,95;;Loja Fisica;;;;;;;Retirada na loja;aguardando confirmacao de estoque
PA-2024-02986;02/05/2024 07:38 PM;02/05/2024 08:58 PM;pata amiga tubarao;LJ-022;Passagem;petisco;CARTAO DE CREDITO;11;0;0;19.1;R$ 234,39;R$ 52,03;182,36;1;whatsapp;2024-02-07;2024-02-07;2024-02-08;2024-02-09;45,87;TransPet Log;Entregue;pedido recorrente
PA-2024-02983;02/05/2024 08:15 PM;02/05/2024 09:05 PM;pata amiga joinville sul;LJ-013;Jarivatuba;Higiene;Dinheiro;4;0;1;8.2;;;R$ 99,60;1;app;2024-02-07;;;;;TransPet Log;Aguardando nota fiscal;cliente pediu entrega no periodo da tarde
PA-2024-02995;02/05/2024 08:45 PM;02/05/2024 09:35 PM;Pata Amiga Sao Miguel do Oeste;;Centro;Ração Medicamentosa;vale pet;1;0;2;3.5;137,81;0,00;137,81;Não;Tel.;2024-02-08;2024-02-08;2024-02-11;;;Correios;Despachado - em transito;conferir endereco com o cliente
PA-2024-02980;02/05/2024 09:12 PM;02/05/2024 09:47 PM;PATA AMIGA PRESIDENTE GETULIO;LJ-008;Fundo Canoas;PETISCO;Cartao de Credito;5;0;0;18.1;154,66;26,29;128;;app;2024-02-09;2024-02-09;2024-02-21;;;Correios;Despachado - em transito;conferir endereco com o cliente
PA-2024-03005;02/06/2024 01:05 AM;02/06/2024 04:05 AM;PATA AMIGA FLORIANOPOLIS NORTE;;Ingleses;Racao;Vale Pet;2;0;0;2.9;R$ 186,37;31,50;154.87;true;App;2024-02-08;2024-02-08;2024-02-13;2024-02-15;10,45;TransPet Log;Entregue;conferir endereco com o cliente
PA-2024-02998;02/06/2024 04:55 AM;02/06/2024 05:05 AM;Pata Amiga Timbo;;;RACAO;Debito;9;0;0;8,8;1.316,59;R$ 281,75;R$ 1.034,84;X;LOJA FISICA;;;;;;;Retirada na loja;
PA-2024-03003;02/06/2024 02:40 AM;02/06/2024 05:40 AM;Pata Amiga Florianopolis Norte/SC;LJ-017;Ingleses;higiene;Cartão de Crédito;2;0;0;7.3;73,38;12,40;R$ 60,98;X;LOJA FISICA;;;;;;;Retirada na loja;pedido recorrente
PA-2024-02999;02/06/2024 06:15 AM;02/06/2024 08:15 AM;Pata Amiga Timbó;LJ-005;Capitais;RACAO;boleto;6;0;0;18.3;927.11;198,40;728,71;Sim;Loja Física;;;;;;;Retirada na loja;produto fora de linha - substituido
PA-2024-03000;02/06/2024 08:07 AM;02/06/2024 08:57 AM;Pata Amiga Indaial;LJ-006;Encano;Racao;pix;6;0;0;8.9;970,73;207,74;762;1;Site;2024-02-07;2024-02-08;2024-02-12;2024-02-14;16,08;Rapido Catarinense;Entregue;embalagem para presente
PA-2024-02997;02/06/2024 08:15 AM;02/06/2024 09:35 AM;Pata Amiga Timbo;LJ-005;;Racao Seca;DINHEIRO;7;0;0;26,0;1.563,51;334.59;R$ 1.228,92;SIM;;2024-02-07;2024-02-08;2024-02-11;2024-02-12;35,53;Logistica Propria;Entregue;
PA-2024-03001;02/06/2024 12:00 PM;02/06/2024 01:20 PM;Pata Amiga Indaial;;Encano;Petiscos;VALE PET;7;0;0;12.1;212,00;45,37;166,63;1;APP;2024-02-09;;;;;Rapido Catarinense;Aguardando nota fiscal;produto fora de linha - substituido
PA-2024-02996;02/06/2024 12:50 PM;02/06/2024 03:50 PM;Pata Amiga Timbo;LJ-005;Capitais;Racao;Cartao de Credito;6;0;0;20.2;961;205,83;;S;Site;;;;;;;Pedido cancelado;
PA-2024-03006;02/06/2024 05:10 PM;02/06/2024 05:30 PM;Pata Amiga Tubarão;;;Ração Medicamentosa;DINHEIRO;2;0;;7,8;R$ 177,56;R$ 20,06;157,50;V;SITE;2024-02-08;2024-02-09;2024-02-12;2024-02-14;26.34;Rapido Catarinense;Entregue;pedido recorrente
PA-2024-03004;02/06/2024 05:47 PM;02/06/2024 05:57 PM;pata amiga florianopolis norte;;Centro;RACAO;Credito;6;0;0;3,7;1.155,00;195,19;959,81;sim;telefone;2024-02-09;2024-02-09;2024-02-12;2024-02-14;16,44;TransPet Log;Entregue;
PA-2024-03007;02/06/2024 03:38 PM;02/06/2024 08:38 PM;Pata Amiga Tubarao;LJ-022;;Petisco;boleto;7;0;;21.3;R$ 155,63;17.59;138.04;V;App Pata Amiga;2024-02-08;2024-02-09;2024-02-12;2024-02-14;43,55;TransPet Log;Entregue;aguardando confirmacao de estoque
PA-2024-03008;02/06/2024 11:52 PM;02/07/2024 12:27 AM;Pata Amiga Laguna;LJ-024;Centro;Acessorio;CARTAO DE DEBITO;3;0;0;12.5;R$ 356,67;40.30;316,37;S;APP;2024-02-09;2024-02-10;2024-02-14;2024-02-16;27,26;Correios;Entregue;
PA-2024-03030;02/07/2024 12:12 AM;02/07/2024 12:32 AM;Pata Amiga Sao Jose Kobrasol;;Real Parque;MEDICAMENTO;Boleto;1;0;0;2,0;R$ 131,42;9.33;122,09;V;Loja Física;;;;;;;Retirada na loja;
PA-2024-03002;02/06/2024 09:35 PM;02/07/2024 12:35 AM;Pata Amiga Rio Dos Cedros;;Palmeiras;Higiene e Beleza;Especie;12;1;0;6,8;337.91;72,31;265,60;1;app;2024-02-10;2024-02-10;2024-02-19;2024-02-20;27;Correios;Entregue;cliente pediu entrega no periodo da tarde
PA-2024-03011;02/07/2024 02:47 AM;02/07/2024 03:07 AM;Pata Amiga Gaspar;;Gasparinho;Servicos;Boleto;3;0;n/d;5.3;433;32,95;400,62;Sim;;2024-02-10;2024-02-11;2024-02-16;2024-02-17;11.84;Rapido Catarinense;Entregue;
PA-2024-03024;02/07/2024 03:00 AM;02/07/2024 03:20 AM;Pata Amiga Jgua do Sul;LJ-014;Centro;Ração Medicamentosa;Cartao de Debito;10;1;0;28,5;;R$ 367,90;1.109,61;X;site;2024-02-09;2024-02-10;2024-02-13;2024-02-15;55.99;TransPet Log;Entregue;
PA-2024-03010;02/07/2024 03:25 AM;02/07/2024 04:45 AM;Pata Amiga Rio Do Sul;LJ-002;Barragem;SERVICO;Vale Pet;3;0;0;3.3;249,32;0.00;R$ 249,32;N;App Pata Amiga;2024-02-09;2024-02-10;2024-02-12;2024-02-14;R$ 9,09;Correios;Entregue;produto fora de linha - substituido
PA-2024-03012;02/07/2024 08:55 AM;02/07/2024 09:05 AM;Pata Amiga Joinville Sul;;Jarivatuba;RAÇÃO;Pix;6;0;0;20.1;647;161,89;R$ 485,66;SIM;Site;2024-02-08;2024-02-09;2024-02-12;2024-02-15;67,08;TransPet Log;Entregue;
PA-2024-03016;02/07/2024 10:07 AM;02/07/2024 10:42 AM;PATA AMIGA JOINVILLE SUL;;Costa e Silva;Rac.;CARTAO DE DEBITO;9;0;2;31.4;R$ 1.555,54;388,88;1166.66;X;;2024-02-09;2024-02-10;2024-02-14;2024-02-16;103.71;Correios;Entregue;
PA-2024-03021;02/07/2024 12:50 AM;02/07/2024 10:50 AM;Pata Amiga Jaragua Do Sul;;Barra do Rio Cerro;Petiscos;PIX;10;0;1;26.2;-;R$ 83,60;252.15;SIM;APP;2024-02-08;;;;;TransPet Log;Aguardando nota fiscal;aguardando confirmacao de estoque
PA-2024-03018;02/07/2024 11:00 AM;02/07/2024 11:50 AM;Pata Amiga Joinville Sul;LJ-013;;Rac.;Cartao de Debito;8;1;0;7,6;1.211,63;302,91;908;V;Site;2024-02-09;;;;;Entrega Expressa SC;Aguardando nota fiscal;
PA-2024-03014;02/07/2024 07:10 AM;02/07/2024 12:10 PM;PATA AMIGA JOINVILLE SUL;;Vila Nova;Petisco;Cartao de Debito;12;2;0;39,3;454,16;R$ 113,54;340,62;V;App;2024-02-09;2024-02-09;2024-02-10;2024-02-11;112,63;Rapido Catarinense;Entregue;aguardando confirmacao de estoque
PA-2024-03020;02/07/2024 08:05 AM;02/07/2024 01:05 PM;PATA AMIGA JARAGUA DO SUL;LJ-014;Jaragua Esquerdo;Petisco;CARTAO DE DEBITO;12;1;0;30,5;441;R$ 109,92;331.51;sim;SITE;2024-02-09;2024-02-10;2024-02-13;2024-02-14;R$ 55,16;Entrega Expressa SC;Entregue;
PA-2024-03029;02/07/2024 09:15 AM;02/07/2024 02:15 PM;Pata Amiga Florianopolis Norte;LJ-017;Ingleses;Acessorios;PIX;4;0;2;11,9;474.49;52,67;421.82;sim;site;2024-02-08;2024-02-09;2024-02-12;2024-02-13;R$ 27,00;Correios;Entregue;embalagem para presente
PA-2024-03022;02/07/2024 05:12 AM;02/07/2024 03:12 PM;Pata Amiga Jaragua do Sul;;Barra do Rio Cerro;Medicamentos;boleto;8;0;0;32,4;622,59;155;467,57;sim;LOJA FISICA;;;;;;;Retirada na loja;embalagem para presente
PA-2024-03026;02/07/2024 02:10 PM;02/07/2024 05:10 PM;pata amiga itapoa;LJ-016;Balneario Itapoa;Petisco;Cartao de Credito;9;0;0;19.8;322,80;80,70;242.10;S;Site;2024-02-09;2024-02-10;2024-02-12;2024-02-16;41,22;Logistica Propria;Entregue;embalagem para presente
PA-2024-03028;02/07/2024 05:00 PM;02/07/2024 05:20 PM;Pata Amiga Florianópolis Norte;LJ-017;Rio Vermelho;petisco;Vale Pet;3;0;2;8,8;115.42;R$ 12,81;R$ 102,61;sim;Whatsapp;2024-02-09;2024-02-10;2024-02-13;2024-02-15;R$ 15,40;TransPet Log;Entregue;
PA-2024-03019;02/07/2024 05:07 PM;02/07/2024 05:57 PM;Pata Amiga Jaragua Do Sul;;Jaragua Esquerdo;RACAO;vale pet;10;-;0;14,8;R$ 946,34;R$ 235,64;R$ 710,70;SIM;App Pata Amiga;2024-02-09;2024-02-09;2024-02-10;2024-02-12;37,66;TransPet Log;Entregue;
PA-2024-03027;02/07/2024 03:38 PM;02/07/2024 08:38 PM;Pata Amiga Florianopolis Norte;LJ-017;Ingleses;Racao Seca;CARTAO DE CREDITO;7;0;0;7.4;1430;158;1271.86;1;loja fisica;;;;;;;Retirada na loja;produto fora de linha - substituido
PA-2024-03025;02/07/2024 10:00 PM;02/08/2024 01:00 AM;Pata Amiga Itapoa;;Balneario Itapoa;PETISCO;Vale Pet;9;1;0;29.0;200,53;R$ 50,13;150.40;X;App;2024-02-11;2024-02-12;;;;Correios;Aguardando despacho;produto fora de linha - substituido
PA-2024-03040;02/08/2024 12:07 AM;02/08/2024 01:27 AM;PATA AMIGA JOINVILLE SUL;LJ-013;Jarivatuba;Brinquedo;boleto;-;0;1;1.5;180.56;13;167,56;;SITE;2024-02-10;2024-02-11;2024-02-12;2024-02-13;R$ 6,70;TransPet Log;Entregue;
PA-2024-03009;02/07/2024 11:30 PM;02/08/2024 01:30 AM;PATA AMIGA BLUMENAU CENTRO;;Fortaleza;Acessorio;Debito;3;0;0;12.0;329,34;25,03;304.31;sim;Loja Física;;;;;;;Retirada na loja;
PA-2024-03031;02/07/2024 08:38 PM;02/08/2024 01:38 AM;Pata Amiga Palhoça;;Passa Vinte;Petisco;Cartão de Débito;3;0;0;2,9;130;R$ 9,29;121,58;true;whatsapp;2024-02-10;2024-02-11;2024-02-14;2024-02-16;8,64;TransPet Log;Entregue;embalagem para presente
PA-2024-03013;02/07/2024 08:47 PM;02/08/2024 01:47 AM;Pata Amiga Joinville Sul/SC;;Jarivatuba;Hig.;BOLETO;13;1;0;31.3;381;R$ 95,44;286,32;V;Whatsapp;2024-02-10;2024-02-11;;;;TransPet Log;Aguardando despacho;
PA-2024-03038;02/08/2024 01:35 AM;02/08/2024 02:10 AM; Pata Amiga Gaspar;LJ-007;Poco Grande;Ração;Pix;4;0;0;10,8;R$ 430,16;64,95;365,21;true;whatsapp;2024-02-10;2024-02-11;2024-02-14;2024-02-15;19.93;Correios;Entregue;
PA-2024-03017;02/07/2024 10:30 PM;02/08/2024 03:30 AM;Pata Amiga Joinville Sul/SC;LJ-013;Costa e Silva;PETISCO;CARTAO DE DEBITO;12;n/d;0;23,8;359,46;R$ 89,86;269;sim;Whatsapp;2024-02-11;2024-02-12;2024-02-15;2024-02-17;36,40;Rapido Catarinense;Entregue;
PA-2024-03053;02/08/2024 12:50 AM;02/08/2024 03:50 AM;pata amiga lages;;Habitacao;racao;Especie;4;;0;8,9;614,91;84.24;530.67;1;Loja Fisica;;;;;;;Retirada na loja;embalagem para presente
PA-2024-03047;02/08/2024 03:07 AM;02/08/2024 03:57 AM;Pata Amiga Criciuma/SC;LJ-021;Sao Luiz;Ração;CARTAO DE CREDITO;9;0;0;33.4;1.120,50;329,43;791,07;X;TELEFONE;2024-02-10;2024-02-11;2024-02-14;2024-02-17;58,38;Entrega Expressa SC;Entregue;produto fora de linha - substituido
PA-2024-03015;02/07/2024 06:25 PM;02/08/2024 04:25 AM;PATA AMIGA JOINVILLE SUL;LJ-013;Vila Nova;Ração Medicamentosa;CARTAO DE DEBITO;12;0;0;50.0;1.407,88;351.97;1.055,91;X;site;2024-02-09;2024-02-09;2024-02-14;2024-02-16;83.97;Entrega Expressa SC;Entregue;
PA-2024-03054;02/08/2024 03:10 AM;02/08/2024 05:10 AM;Pata Amiga Curitibanos;;Centro;RAÇÃO;DINHEIRO;3;0;0;4.7;503,18;R$ 68,94;434.24;;APP;2024-02-10;2024-02-10;2024-02-13;2024-02-15;16.05;Correios;Entregue;
PA-2024-03049;02/08/2024 01:00 AM;02/08/2024 06:00 AM;pata amiga criciuma;LJ-021;Prospera;PETISCO;Pix;10;1;0;10.5;R$ 370,68;108;261.70;1;App;2024-02-09;2024-02-10;2024-02-11;2024-02-13;37,26;Rapido Catarinense;Entregue;aguardando confirmacao de estoque
PA-2024-03043;02/08/2024 04:45 AM;02/08/2024 06:05 AM;Pata Amiga São Jose Kobrasol;LJ-018;Real Parque;racao;PIX;5;0;;3.2;R$ 712,29;91.89;620,40;true;site;2024-02-09;2024-02-09;;;;TransPet Log;Aguardando despacho;conferir endereco com o cliente
PA-2024-03045;02/08/2024 06:25 AM;02/08/2024 06:45 AM;PATA AMIGA PALHOCA;;Ponte do Imaruim;acessorio;Vale Pet;5;0;0;4,7;R$ 464,02;59,86;404;Sim;site;2024-02-10;2024-02-10;2024-02-13;2024-02-16;R$ 14,15;Correios;Entregue;
PA-2024-03036;02/08/2024 06:47 AM;02/08/2024 07:07 AM;Pata Amiga Indaial;LJ-006;Nacoes;PETISCO;Boleto;2;;1;3.2;64,42;0.00;64,42;F;app;2024-02-10;2024-02-11;;;;Correios;Aguardando despacho;
PA-2024-03035;02/08/2024 07:00 AM;02/08/2024 07:10 AM;Pata Amiga Blumenau Centro;LJ-001;Fortaleza;Servicos;CARTAO DE CREDITO;4;0;0;10,4;366,52;55;R$ 311,18;Sim;App Pata Amiga;2024-02-10;2024-02-10;2024-02-13;2024-02-15;36,38;Logistica Propria;Entregue;pedido recorrente
PA-2024-03023;02/07/2024 09:15 PM;02/08/2024 07:15 AM;PATA AMIGA JARAGUA DO SUL;;Centro;medicamento;Pix;6;0;0;23,4;R$ 706,92;176,02;530,90;;loja fisica;;;;;;;Retirada na loja;
PA-2024-03044;02/08/2024 08:05 AM;02/08/2024 10:05 AM;Pata Amiga Sao Jose Kobrasol/SC;LJ-018;Forquilhinhas;SERVICO;BOLETO;4;0;0;15,4;608,83;78.54;530.29;S;site;2024-02-10;2024-02-11;2024-02-16;2024-02-19;50,54;Correios;Entregue;conferir endereco com o cliente
PA-2024-03050;02/08/2024 10:20 AM;02/08/2024 10:40 AM;Pata Amiga Criciúma;LJ-021;Rio Maina;RACAO;Dinheiro;12;;0;45.7;R$ 1.691,70;497,36;R$ 1.194,34;X;App Pata Amiga;2024-02-10;2024-02-11;2024-02-14;2024-02-17;112.81;TransPet Log;Entregue;
PA-2024-03052;02/08/2024 10:23 AM;02/08/2024 10:58 AM;PATA AMIGA LAGUNA;;Ponta das Pedras;Acessorio;Boleto;3;0;0;2,0;197,18;15,38;R$ 181,80;S;Site;2024-02-11;2024-02-12;2024-02-13;2024-02-15;9.39;Logistica Propria;Entregue;
PA-2024-03042;02/08/2024 11:47 AM;02/08/2024 12:22 PM;Pata Amiga Jaraguá do Sul;LJ-014;Ilha da Figueira;Servico;Cartao de Credito;4;0;0;10.1;R$ 319,08;R$ 23,61;295,47;SIM;loja fisica;;;;;;;Retirada na loja;conferir endereco com o cliente
PA-2024-03048;02/08/2024 07:40 AM;02/08/2024 12:40 PM;pata amiga criciuma;LJ-021;Centro;Med.;Cartao de Debito;14;2;0;16,4;R$ 1.112,12;326.96;785;S;site;2024-02-10;2024-02-11;2024-02-15;2024-02-17;51.25;TransPet Log;Entregue;
PA-2024-03046;02/08/2024 02:12 PM;02/08/2024 02:22 PM;Pata Amiga Palhoça;;Ponte do Imaruim;Petiscos;Cartão de Crédito;1;0;0;3.3;44,12;5,69;R$ 38,43;true;LOJA FISICA;;;;;;;Retirada na loja;
PA-2024-03039;02/08/2024 06:52 AM;02/08/2024 04:52 PM;pata amiga ituporanga;LJ-010;;Ração Medicamentosa;Dinheiro;3;0;0;1,4;203;R$ 0,00;R$ 203,48;0;Loja Física;;;;;;;Retirada na loja;conferir endereco com o cliente
PA-2024-03032;02/08/2024 04:07 PM;02/08/2024 06:07 PM;Pata Amiga Blumenau Centro;;Progresso;Ração;VALE PET;5;0;0;12,3;802.42;121,17;R$ 681,25;true;Telefone;2024-02-10;2024-02-11;2024-02-14;2024-02-17;29,34;Logistica Propria;Entregue;produto fora de linha - substituido
PA-2024-03034;02/08/2024 06:45 PM;02/08/2024 06:55 PM;Pata Amiga Blumenau Centro;LJ-001;Fortaleza;acessorio;Boleto;7;0;0;14.7;612.46;92,48;519.98;S;Site;2024-02-11;2024-02-11;2024-02-14;2024-02-16;21;Rapido Catarinense;Entregue;
PA-2024-03033;02/08/2024 12:00 PM;02/08/2024 10:00 PM;Pata Amiga Blumenau Centro;;Fortaleza;Medicamentos;Vale Pet;2;0;0;7.5;281,48;R$ 42,50;238,98;sim;site;2024-02-10;2024-02-11;2024-02-14;2024-02-17;26.19;TransPet Log;Entregue;
PA-2024-03041;02/08/2024 08:07 PM;02/08/2024 11:07 PM;pata amiga joinville sul;LJ-013;Vila Nova;Rac.;Vale Pet;3;0;0;9.8;R$ 503,60;R$ 36,26;467,34;true;site;2024-02-09;2024-02-09;;;;TransPet Log;Aguardando despacho;pedido recorrente
PA-2024-03051;02/08/2024 11:20 PM;02/08/2024 11:30 PM;pata amiga tubarao;LJ-022;Centro;Acessorios;Cartão de Débito;3;0;0;6.9;R$ 149,59;11.67;137,92;SIM;App Pata Amiga;2024-02-10;2024-02-10;2024-02-15;2024-02-16;22,54;TransPet Log;Entregue;aguardando confirmacao de estoque
PA-2024-03069;02/09/2024 12:20 AM;02/09/2024 12:55 AM;Pata Amiga Timbó;LJ-005;Araponguinhas;Higiene e Beleza;Cartão de Crédito;5;0;0;6,4;255,35;R$ 30,64;224,71;V;TELEFONE;2024-02-10;2024-02-11;2024-02-17;2024-02-19;16,37;Entrega Expressa SC;Entregue;
PA-2024-03097;02/09/2024 12:45 AM;02/09/2024 01:35 AM;Pata Amiga Chapecó;;Efapi;Higiene;Cartao de Credito;7;;0;16,6;319;89.56;R$ 230,28;sim;App Pata Amiga;2024-02-12;2024-02-12;;;;Correios;Aguardando despacho;
PA-2024-03066;02/09/2024 02:07 AM;02/09/2024 02:17 AM;PATA AMIGA BLUMENAU CENTRO;LJ-001;Itoupava Norte;Ração;PIX;11;1;0;28,3;1916;438;1.477,57;S;App Pata Amiga;2024-02-11;2024-02-11;2024-02-14;2024-02-16;74,44;Rapido Catarinense;Entregue;produto fora de linha - substituido
PA-2024-03087;02/09/2024 01:12 AM;02/09/2024 02:32 AM;PATA AMIGA RIO DOS CEDROS;LJ-012;Palmeiras;Higiene e Beleza;BOLETO;6;0;0;12,6;236;28,32;207,68;SIM;LOJA FISICA;;;;;;;Retirada na loja;pedido recorrente
PA-2024-03062;02/09/2024 02:12 AM;02/09/2024 02:47 AM;Pata Amiga Blumenau Centro/SC;;Itoupava Norte;Racao Seca;DINHEIRO;6;0;0;6.9;928.06;212,53;R$ 715,53;sim;WHATSAPP;2024-02-10;2024-02-10;2024-02-14;2024-02-16;R$ 25,90;Correios;Entregue;
PA-2024-03098;02/09/2024 01:05 AM;02/09/2024 03:05 AM;pata amiga chapeco;;Passo dos Fortes;MEDICAMENTO;boleto;11;0;0;43,4;1.103,76;309;794,71;1;SITE;2024-02-12;2024-02-13;2024-02-14;2024-02-18;R$ 69,11;TransPet Log;Entregue;conferir endereco com o cliente
PA-2024-03055;02/09/2024 02:05 AM;02/09/2024 03:25 AM; Pata Amiga Blumenau Centro;LJ-001;;Petisco;dinheiro;-;1;1;19.8;551.95;126,40;R$ 425,55;sim;WhatsApp;2024-02-11;2024-02-11;2024-02-16;;;Logistica Propria;Despachado - em transito;embalagem para presente
PA-2024-03037;02/08/2024 11:00 PM;02/09/2024 04:00 AM; Pata Amiga Gaspar;LJ-007;Figueira;Higiene e Beleza;Especie;7;0;0;22.1;;49,76;R$ 279,78;true;App Pata Amiga;2024-02-10;2024-02-10;;;;Rapido Catarinense;Aguardando despacho;
PA-2024-03095;02/09/2024 04:40 AM;02/09/2024 05:00 AM;Pata Amiga Chapeco/SC;LJ-029;Centro;MEDICAMENTO;Boleto;9;;0;25.2;1.017,96;R$ 285,03;732,93;V;site;2024-02-12;2024-02-12;2024-02-15;2024-02-18;68,19;TransPet Log;Entregue;cliente pediu entrega no periodo da tarde
PA-2024-03060;02/09/2024 03:38 AM;02/09/2024 05:38 AM;Pata Amiga Blumenau Centro;;Garcia;medicamento;PIX;10;0;0;17,4;1.073,00;245,72;827;sim;APP;2024-02-12;2024-02-13;2024-02-17;2024-02-19;29,60;Logistica Propria;Entregue;
PA-2024-03068;02/09/2024 06:50 AM;02/09/2024 07:10 AM;Pata Amiga Itajai Praia/SC;LJ-003;Itaipava;BRINQUEDO;Especie;1;0;1;2.4;66,20;0,00;R$ 66,20;Não;APP;2024-02-11;2024-02-12;2024-02-15;2024-02-18;11,52;TransPet Log;Entregue;cliente pediu entrega no periodo da tarde
PA-2024-03080;02/09/2024 06:40 AM;02/09/2024 07:15 AM;PATA AMIGA ITUPORANGA;;Vila Nova;petisco;VALE PET;9;1;0;19,1;R$ 343,33;123,94;R$ 219,39;V;;;;;;;;Retirada na loja;conferir endereco com o cliente
PA-2024-03088;02/09/2024 07:12 AM;02/09/2024 07:32 AM;Pata Amiga Jaragua do Sul;LJ-014;Ilha da Figueira;brinquedo;Cartão de Débito;3;;0;9.9;174,46;17;157;V;APP;2024-02-10;2024-02-11;2024-02-14;2024-02-15;27,78;Entrega Expressa SC;Entregue;
PA-2024-03058;02/09/2024 02:45 AM;02/09/2024 07:45 AM;Pata Amiga Blumenau Centro/SC;LJ-001;Progresso;Racao Seca;PIX;9;0;0;33.0;1486;340,51;1146.45;;Whatsapp;2024-02-12;2024-02-13;2024-02-15;;;Logistica Propria;Despachado - em transito;pedido recorrente
PA-2024-03064;02/09/2024 03:15 AM;02/09/2024 08:15 AM; Pata Amiga Blumenau Centro;;Fortaleza;Medicamento;Dinheiro;5;0;0;8,5;680,73;R$ 155,89;524.84;Sim;SITE;2024-02-10;2024-02-11;2024-02-14;2024-02-15;21,57;Correios;Entregue;embalagem para presente
PA-2024-03057;02/09/2024 05:23 AM;02/09/2024 08:23 AM;pata amiga blumenau centro;;;Racao Seca;BOLETO;9;0;0;32.5;2008.72;460,00;1548;SIM;loja fisica;;;;;;;Retirada na loja;produto fora de linha - substituido
PA-2024-03078;02/09/2024 09:05 AM;02/09/2024 09:25 AM;pata amiga taio;LJ-009;;Racao Medicamentosa;VALE PET;7;0;0;18.6;716.56;258,68;457,88;S;App;2024-02-12;;;;;Correios;Aguardando nota fiscal;produto fora de linha - substituido
PA-2024-03075;02/09/2024 08:12 AM;02/09/2024 09:32 AM;pata amiga taio;;Alto Santa Rosa;Racao Medicamentosa;Cartão de Crédito;8;0;0;31.6;585,07;211.21;373,86;SIM;Loja Física;;;;;;;Retirada na loja;
PA-2024-03059;02/09/2024 09:55 AM;02/09/2024 10:30 AM;PATA AMIGA BLUMENAU CENTRO;LJ-001;Progresso;RAÇÃO;Vale Pet;8;1;0;10,6;1341;R$ 307,18;R$ 1.034,22;V;Loja Física;;;;;;;Retirada na loja;conferir endereco com o cliente
PA-2024-03100;02/09/2024 08:52 AM;02/09/2024 10:52 AM;Pata Amiga Concordia;LJ-030;Nacoes;Ração;BOLETO;2;;0;1,5;431,70;R$ 120,88;310,82;true;WhatsApp;2024-02-11;2024-02-13;2024-02-17;2024-02-19;9;Entrega Expressa SC;Entregue;pedido recorrente
PA-2024-03104;02/09/2024 10:35 AM;02/09/2024 11:25 AM;Pata Amiga São Miguel do Oeste;;Sao Gotardo;PETISCO;BOLETO;;;0;3,7;R$ 343,53;96,19;247,34;1;loja fisica;;;;;;;Retirada na loja;
PA-2024-03093;02/09/2024 02:07 AM;02/09/2024 12:07 PM;PATA AMIGA ARARANGUA;;Cidade Alta;RACAO;Cartão de Débito;7;1;0;22,0;R$ 1.220,90;264.94;955.96;SIM;LOJA FISICA;;;;;;;Retirada na loja;
PA-2024-03067;02/09/2024 09:38 AM;02/09/2024 12:38 PM; Pata Amiga Rio do Sul;;Barragem;Petisco;PIX;4;0;0;7.2;R$ 96,67;5.03;91,64;S;Whatsapp;2024-02-11;2024-02-11;2024-02-13;2024-02-14;23,16;Rapido Catarinense;Entregue;conferir endereco com o cliente
PA-2024-03081;02/09/2024 12:15 PM;02/09/2024 12:50 PM;Pata Amiga Ituporanga;;Vila Nova;Racao Seca;Vale Pet;10;0;0;41.5;R$ 1.545,75;558.02;R$ 987,73;true;App;2024-02-14;2024-02-15;2024-02-29;2024-03-01;R$ 111,92;Entrega Expressa SC;Entregue;cliente pediu entrega no periodo da tarde
PA-2024-03085;02/09/2024 12:05 PM;02/09/2024 12:55 PM;Pata Amiga Ituporanga;LJ-010;Vila Nova;RACAO;Boleto;10;;0;25,8;1.488,84;537;951,37;SIM;Loja Física;;;;;;;Retirada na loja;pedido recorrente
PA-2024-03101;02/09/2024 10:12 AM;02/09/2024 01:12 PM;PATA AMIGA CONCORDIA;;Centro;Petisco;Especie;6;0;0;5.4;223,37;62;160.83;S;loja fisica;;;;;;;Retirada na loja;
PA-2024-03077;02/09/2024 12:20 PM;02/09/2024 01:40 PM;Pata Amiga Taió;LJ-009;Alto Santa Rosa;Petisco;Vale Pet;6;0;0;9,5;175,96;63,52;112,44;SIM;LOJA FISICA;;;;;;;Retirada na loja;cliente pediu entrega no periodo da tarde
PA-2024-03071;02/09/2024 01:23 PM;02/09/2024 01:43 PM;PATA AMIGA INDAIAL;;Nacoes;acessorio;vale pet;7;0;0;9.2;795.34;95,44;699;Sim;WhatsApp;2024-02-11;2024-02-12;2024-02-16;2024-02-18;R$ 34,12;Logistica Propria;Entregue;aguardando confirmacao de estoque
PA-2024-03082;02/09/2024 12:55 PM;02/09/2024 02:55 PM;Pata Amiga Ituporanga;;Vila Nova;Rac.;Dinheiro;14;0;0;6.5;1570.05;566,79;R$ 1.003,26;SIM;App;2024-02-12;2024-02-13;2024-02-22;;;Rapido Catarinense;Despachado - em transito;
PA-2024-03083;02/09/2024 10:20 AM;02/09/2024 03:20 PM;Pata Amiga Ituporanga;LJ-010;Centro;Rac.;Pix;12;1;0;43,9;R$ 2.513,76;907,47;R$ 1.606,29;1;app;2024-02-10;2024-02-11;2024-02-19;2024-02-21;132.77;Logistica Propria;Entregue;cliente pediu entrega no periodo da tarde
PA-2024-03090;02/09/2024 05:25 AM;02/09/2024 03:25 PM;Pata Amiga Santo Amaro da Imperatriz;LJ-020;Centro;Racao;CARTAO DE CREDITO;6;;0;13.4;1.019,09;R$ 204,84;R$ 814,25;S;site;;;;;;;Pedido cancelado;conferir endereco com o cliente
PA-2024-03074;02/09/2024 03:40 PM;02/09/2024 03:50 PM;Pata Amiga Taio;;Alto Santa Rosa;Petiscos;vale pet;;0;1;2,1;105,67;38.15;67,52;sim;APP;2024-02-12;2024-02-12;2024-02-21;2024-02-23;10.08;Rapido Catarinense;Entregue;aguardando confirmacao de estoque
PA-2024-03061;02/09/2024 02:15 PM;02/09/2024 05:15 PM;PATA AMIGA BLUMENAU CENTRO;;Garcia;petisco;Debito;9;1;;23.1;R$ 374,92;85;R$ 289,06;S;WHATSAPP;;;;;;;Pedido cancelado;pedido recorrente
PA-2024-03065;02/09/2024 03:55 PM;02/09/2024 05:15 PM;Pata Amiga Blumenal Centro;LJ-001;Progresso;Med.;Vale Pet;5;0;0;16,0;397,22;90,96;R$ 306,26;SIM;Loja Física;;;;;;;Retirada na loja;
PA-2024-03086;02/09/2024 12:35 PM;02/09/2024 05:35 PM;Pata Amiga Ibirama/SC;;Centro;Acessorio;Cartão de Débito;6;0;0;4.7;618,09;83,44;534;X;Whatsapp;2024-02-11;2024-02-12;2024-02-22;2024-02-25;19.57;Entrega Expressa SC;Entregue;pedido recorrente
PA-2024-03056;02/09/2024 01:07 PM;02/09/2024 06:07 PM; Pata Amiga Blumenau Centro;LJ-001;Salto do Norte;RAÇÃO;Boleto;;1;0;16,3;R$ 1.557,38;R$ 356,64;R$ 1.200,74;true;app;2024-02-11;2024-02-12;2024-02-14;2024-02-16;22.99;Rapido Catarinense;Entregue;
PA-2024-03063;02/09/2024 04:10 PM;02/09/2024 06:10 PM;Pata Amiga Blumenau Centro;LJ-001;Itoupava Norte;higiene;VALE PET;4;0;0;4.0;152.53;34,93;R$ 117,60;1;site;2024-02-11;2024-02-12;2024-02-16;2024-02-18;17,34;Correios;Entregue;
PA-2024-03089;02/09/2024 05:52 PM;02/09/2024 06:27 PM;Pata Amiga Jgua do Sul;;Barra do Rio Cerro;Petiscos;Cartao de Credito;4;0;;2,5;106,31;R$ 10,63;95.68;SIM;App Pata Amiga;2024-02-10;2024-02-10;;;;Entrega Expressa SC;Aguardando despacho;
PA-2024-03076;02/09/2024 01:45 PM;02/09/2024 06:45 PM;Pata Amiga Taio;LJ-009;Alto Santa Rosa;racao;Cartão de Débito;10;0;0;32,7;1770.05;638.99;R$ 1.131,06;sim;;2024-02-13;2024-02-13;2024-02-22;;;Rapido Catarinense;Despachado - em transito;pedido recorrente
PA-2024-03099;02/09/2024 06:52 PM;02/09/2024 07:02 PM;Pata Amiga Chapeco/SC;;Efapi;petisco;Cartão de Crédito;8;0;0;7.6;186,56;R$ 52,24;R$ 134,32;X;APP;2024-02-10;2024-02-11;2024-02-13;2024-02-14;25,02;Entrega Expressa SC;Entregue;
PA-2024-03073;02/09/2024 06:52 PM;02/09/2024 07:27 PM;PATA AMIGA TAIO;LJ-009;Centro;RACAO;CARTAO DE CREDITO;16;2;0;48.4;R$ 1.500,62;541;R$ 958,90;true;Site;2024-02-11;2024-02-12;2024-02-21;2024-02-24;125,60;Entrega Expressa SC;Entregue;conferir endereco com o cliente
PA-2024-03079;02/09/2024 07:55 PM;02/09/2024 08:05 PM;PATA AMIGA TAIO;LJ-009;Alto Santa Rosa;RACAO;Debito;12;1;1;30.6;R$ 1.539,69;555,83;983,86;V;site;2024-02-10;2024-02-11;2024-02-19;2024-02-20;R$ 76,50;Logistica Propria;Entregue;produto fora de linha - substituido
PA-2024-03094;02/09/2024 05:23 PM;02/09/2024 08:23 PM;Pata Amiga Ararangua;;Centro;RACAO;dinheiro;6;0;0;23.1;R$ 905,40;196,47;R$ 708,93;true;App Pata Amiga;2024-02-11;2024-02-12;2024-02-18;2024-02-21;80;Rapido Catarinense;Entregue;
PA-2024-03070;02/09/2024 09:25 PM;02/09/2024 09:45 PM;PATA AMIGA TIMBO;LJ-005;Araponguinhas;medicamento;Cartao de Debito;;0;2;11.1;599,87;R$ 71,98;527;Sim;site;2024-02-11;2024-02-12;2024-02-14;2024-02-15;R$ 20,52;Entrega Expressa SC;Entregue;
PA-2024-03091;02/09/2024 08:30 PM;02/09/2024 09:50 PM;PATA AMIGA SANTO AMARO DA IMPERATRIZ;LJ-020;Braco Sao Joao;Petisco;boleto;8;0;0;27,4;183,41;36,87;146;S;LOJA FISICA;;;;;;;Retirada na loja;
PA-2024-03072;02/09/2024 08:40 PM;02/09/2024 10:40 PM;Pata Amiga Presidente Getulio;;Fundo Canoas;Servico;Dinheiro;4;0;0;9.9;438,98;59,26;379;V;loja fisica;;;;;;;Retirada na loja;
PA-2024-03084;02/09/2024 10:30 PM;02/09/2024 11:05 PM;PATA AMIGA ITUPORANGA;LJ-010;Vila Nova;higiene;CARTAO DE DEBITO;8;;0;27.3;306,66;110,70;195;sim;Loja Física;;;;;;;Retirada na loja;produto fora de linha - substituido
PA-2024-03092;02/09/2024 05:38 PM;02/10/2024 03:38 AM;pata amiga araranguá;LJ-023;Urussanguinha;Medicamentos;Cartão de Crédito;6;0;0;13,0;R$ 379,14;82.27;296;;APP;2024-02-12;2024-02-12;;;;Logistica Propria;Aguardando despacho;conferir endereco com o cliente
PA-2024-03103;02/09/2024 11:47 PM;02/10/2024 04:47 AM;Pata Amiga Xanxerê;LJ-031;Centro;Medicamento;Cartão de Débito;4;0;0;10.2;584.79;163,74;-;sim;Loja Física;;;;;;;Retirada na loja;conferir endereco com o cliente
PA-2024-03096;02/09/2024 11:52 PM;02/10/2024 04:52 AM;Pata Amiga Chapecó;;Efapi;racao;Debito;6;0;0;9,6;R$ 1.268,98;355,31;913,67;S;;2024-02-13;2024-02-14;2024-02-16;2024-02-18;29,71;Entrega Expressa SC;Entregue;pedido recorrente
PA-2024-03112;02/10/2024 03:55 AM;02/10/2024 05:15 AM;pata amiga palhoca;LJ-019;;ACESSORIO;DINHEIRO;4;0;0;3,2;R$ 252,20;23.20;229,00;V;App Pata Amiga;2024-02-12;2024-02-12;2024-02-15;2024-02-17;9;Entrega Expressa SC;Entregue;
PA-2024-03109;02/10/2024 07:00 AM;02/10/2024 07:10 AM;PATA AMIGA INDAIAL;LJ-006;Nacoes;RAÇÃO;DINHEIRO;1;0;0;2.9;129,02;0,00;R$ 129,02;N;LOJA FISICA;;;;;;;Retirada na loja;aguardando confirmacao de estoque
PA-2024-03102;02/09/2024 09:47 PM;02/10/2024 07:47 AM;PATA AMIGA CONCORDIA;LJ-030;Centro;petisco;Cartao de Credito;7;0;0;9.1;R$ 168,65;47.22;R$ 121,43;Sim;site;2024-02-11;2024-02-12;2024-02-16;;;Correios;Despachado - em transito;
PA-2024-03115;02/10/2024 07:47 AM;02/10/2024 08:37 AM;Pata Amiga Concordia;;Centro;Servico;Cartão de Débito;3;0;n/d;4.7;R$ 497,00;0,00;R$ 497,00;F;telefone;2024-02-11;2024-02-12;2024-02-17;;;Entrega Expressa SC;Despachado - em transito;
PA-2024-03105;02/10/2024 08:00 AM;02/10/2024 10:00 AM;Pata Amiga Blumenal Centro;LJ-001;Salto do Norte;Serviço;Pix;1;0;;1.8;83,56;8,02;75,54;X;SITE;2024-02-12;2024-02-13;2024-02-16;2024-02-18;10;Entrega Expressa SC;Entregue;
PA-2024-03114;02/10/2024 01:20 PM;02/10/2024 01:40 PM;PATA AMIGA CHAPECO;LJ-029;Sao Cristovao;Higiene e Beleza;DINHEIRO;2;;0;3.3;75;0.00;75,58;nao;app;2024-02-13;2024-02-14;;;;Correios;Aguardando despacho;
PA-2024-03108;02/10/2024 02:47 PM;02/10/2024 03:22 PM;PATA AMIGA ITAJAI PRAIA;;Cordeiros;PETISCO;vale pet;1;0;0;0,7;40.39;R$ 0,00;R$ 40,39;Não;App;2024-02-13;2024-02-13;2024-02-17;2024-02-19;5,81;Entrega Expressa SC;Entregue;cliente pediu entrega no periodo da tarde
PA-2024-03107;02/10/2024 03:20 PM;02/10/2024 05:20 PM;Pata Amiga Rio do Sul;LJ-002;Sumare;RACAO;DINHEIRO;3;0;0;9.1;R$ 369,31;67,95;301,36;SIM;SITE;2024-02-12;2024-02-12;2024-02-15;2024-02-19;22,55;Logistica Propria;Entregue;cliente pediu entrega no periodo da tarde
PA-2024-03106;02/10/2024 05:45 PM;02/10/2024 06:05 PM;PATA AMIGA RIO DO SUL;LJ-002;Sumare;Racao;boleto;8;;2;18.9;1.700,01;R$ 312,80;R$ 1.387,21;true;site;2024-02-12;2024-02-12;2024-02-17;2024-02-19;60.34;Entrega Expressa SC;Entregue;
PA-2024-03110;02/10/2024 08:20 PM;02/10/2024 08:30 PM; Pata Amiga Gaspar;;Poco Grande;Hig.;Especie;4;0;0;14.9;R$ 112,93;R$ 10,84;R$ 102,09;sim;App Pata Amiga;2024-02-12;2024-02-13;2024-02-17;;;Correios;Despachado - em transito;pedido recorrente
PA-2024-03111;02/10/2024 09:20 PM;02/10/2024 11:20 PM;Pata Amiga Joinville Sul/SC;LJ-013;Boa Vista;Acessório;CARTAO DE CREDITO;3;0;0;11,5;R$ 189,78;0.00;189,78;Não;App;;;;;;;Pedido cancelado;conferir endereco com o cliente
PA-2024-03113;02/10/2024 11:35 PM;02/11/2024 12:10 AM;Pata Amiga Tubarao;LJ-022;Oficinas;Med.;DINHEIRO;3;0;1;3.7;R$ 259,49;-;240,81;sim;App Pata Amiga;;;;;;;Pedido cancelado;pedido recorrente
PA-2024-03137;02/11/2024 12:47 AM;02/11/2024 01:22 AM;Pata Amiga Tubarão;;Humaita;Racao;PIX;5;0;2;12.2;670,09;258;411,44;;Loja Fisica;;;;;;;Retirada na loja;aguardando confirmacao de estoque
PA-2024-03138;02/11/2024 12:40 AM;02/11/2024 02:00 AM;pata amiga tubarao;LJ-022;Centro;MEDICAMENTO;VALE PET;6;0;2;18.3;R$ 439,19;169,53;R$ 269,66;sim;;;;;;;;Retirada na loja;pedido recorrente
PA-2024-03121;02/11/2024 02:15 AM;02/11/2024 03:35 AM;pata amiga gaspar;;Gasparinho;PETISCO;VALE PET;2;;;2.0;91,15;11;R$ 79,76;V;SITE;2024-02-13;2024-02-14;2024-02-20;2024-02-22;11,49;Logistica Propria;Entregue;aguardando confirmacao de estoque
PA-2024-03146;02/11/2024 03:05 AM;02/11/2024 03:40 AM;Pata Amiga Laguna;;Magalhaes;petisco;Dinheiro;5;0;0;12.9;133,53;51,54;81,99;X;LOJA FISICA;;;;;;;Retirada na loja;cliente pediu entrega no periodo da tarde
PA-2024-03116;02/11/2024 03:23 AM;02/11/2024 04:43 AM;pata amiga blumenau centro;;Itoupava Norte;Petisco;VALE PET;5;0;0;12,3;R$ 121,95;15,24;R$ 106,71;X;Loja Física;;;;;;;Retirada na loja;embalagem para presente
PA-2024-03145;02/11/2024 02:45 AM;02/11/2024 05:45 AM;pata amiga laguna;;Ponta das Pedras;Ração;DINHEIRO;16;0;;10.6;3447.11;1.330,58;2.116,53;Sim;Loja Fisica;;;;;;;Retirada na loja;
PA-2024-03122;02/11/2024 12:55 AM;02/11/2024 05:55 AM;Pata Amiga Gaspar;LJ-007;Poco Grande;higiene;Pix;4;;0;9.7;131,30;R$ 16,41;114;1;App Pata Amiga;2024-02-13;2024-02-14;2024-02-17;2024-02-19;20;Logistica Propria;Entregue;pedido recorrente
PA-2024-03126;02/11/2024 07:07 AM;02/11/2024 07:42 AM;PATA AMIGA TUBARAO;LJ-022;Oficinas;Rac.;CARTAO DE DEBITO;13;1;0;48,8;;1.118,34;1.778,91;1;site;2024-02-13;2024-02-15;2024-02-18;2024-02-19;124,08;TransPet Log;Entregue;
PA-2024-03141;02/11/2024 05:25 AM;02/11/2024 08:25 AM;Pata Amiga Laguna;LJ-024;;Ração;pix;11;0;0;33.0;R$ 1.543,79;595;947.89;sim;Tel.;2024-02-14;2024-02-14;2024-02-18;2024-02-21;104.46;Logistica Propria;Entregue;
PA-2024-03129;02/11/2024 09:20 AM;02/11/2024 09:55 AM;PATA AMIGA TUBARAO;LJ-022;Humaita;RAÇÃO;Pix;13;2;0;35,7;1.788,26;;1.097,99;X;WhatsApp;2024-02-12;2024-02-13;2024-02-16;2024-02-18;60.20;Logistica Propria;Entregue;
PA-2024-03131;02/11/2024 09:23 AM;02/11/2024 10:43 AM;Pata Amiga Tubarão;LJ-022;Centro;Rac.;dinheiro;8;0;;19,9;800.00;308;R$ 491,20;sim;SITE;2024-02-14;2024-02-14;2024-02-16;2024-02-18;R$ 55,03;TransPet Log;Entregue;
PA-2024-03143;02/11/2024 02:10 AM;02/11/2024 12:10 PM;Pata Amiga Laguna/SC;LJ-024;Ponta das Pedras;Racao;CARTAO DE CREDITO;9;1;0;36.0;2.034,85;785;;true;site;2024-02-13;2024-02-14;2024-02-19;;;Correios;Despachado - em transito;
PA-2024-03140;02/11/2024 02:15 AM;02/11/2024 12:15 PM;PATA AMIGA LAGUNA;;Magalhaes;RACAO;Cartão de Débito;6;;0;3.2;R$ 751,74;290,17;461.57;SIM;APP;2024-02-13;2024-02-14;2024-02-19;2024-02-20;15,21;TransPet Log;Entregue;
PA-2024-03127;02/11/2024 01:10 PM;02/11/2024 02:00 PM;Pata Amiga Tubarao;LJ-022;Oficinas;Racao;DINHEIRO;8;0;0;30,9;1774;684,93;R$ 1.089,50;Sim;;;;;;;;Retirada na loja;pedido recorrente
PA-2024-03119;02/11/2024 02:52 PM;02/11/2024 03:42 PM; Pata Amiga Blumenau Centro;LJ-001;Ribeirao Fresco;Servico;Debito;3;0;0;4,8;407,61;R$ 50,95;356;true;Site;2024-02-12;2024-02-12;2024-02-15;2024-02-17;R$ 20,76;Logistica Propria;Entregue;conferir endereco com o cliente
PA-2024-03130;02/11/2024 05:47 AM;02/11/2024 03:47 PM;Pata Amiga Tubarao;LJ-022;Humaita;racao;PIX;10;1;2;5.0;1.348,98;R$ 520,71;R$ 828,27;1;Loja Física;;;;;;;Retirada na loja;conferir endereco com o cliente
PA-2024-03139;02/11/2024 03:15 PM;02/11/2024 03:50 PM;Pata Amiga Tubarão;;Centro;RACAO;Cartao de Credito;13;0;0;49.7;2.652,00;1023.67;R$ 1.628,33;true;;2024-02-13;;;;;Rapido Catarinense;Aguardando nota fiscal;embalagem para presente
PA-2024-03136;02/11/2024 01:52 PM;02/11/2024 03:52 PM;Pata Amiga Tubarão;;Centro;Ração;VALE PET;7;1;0;23,8;R$ 1.516,55;585,39;R$ 931,16;Sim;LOJA FISICA;;;;;;;Retirada na loja;conferir endereco com o cliente
PA-2024-03125;02/11/2024 03:20 PM;02/11/2024 05:20 PM;pata amiga criciuma;LJ-021;Prospera;Acessorio;BOLETO;1;0;2;4.0;R$ 115,87;0.00;115,87;;Loja Fisica;;;;;;;Retirada na loja;
PA-2024-03117;02/11/2024 07:52 AM;02/11/2024 05:52 PM;PATA AMIGA BLUMENAU CENTRO;LJ-001;Velha;Ração Medicamentosa;pix;2;0;1;2,2;R$ 191,50;23,94;167;true;APP;2024-02-13;2024-02-13;2024-02-15;2024-02-18;9,13;Correios;Entregue;conferir endereco com o cliente
PA-2024-03133;02/11/2024 04:00 PM;02/11/2024 06:00 PM;pata amiga tubarao;LJ-022;;Ração Medicamentosa;Boleto;13;0;0;11.5;906,17;349,78;556.39;sim;Loja Fisica;;;;;;;Retirada na loja;produto fora de linha - substituido
PA-2024-03124;02/11/2024 06:07 PM;02/11/2024 06:17 PM;pata amiga florianopolis norte;LJ-017;Rio Vermelho;ACESSORIO;PIX;1;0;0;2,6;92.16;R$ 0,00;R$ 92,16;nao;Whatsapp;2024-02-12;2024-02-13;;;;Rapido Catarinense;Aguardando despacho;produto fora de linha - substituido
PA-2024-03134;02/11/2024 10:07 AM;02/11/2024 08:07 PM;pata amiga tubarao;;Passagem;Higiene e Beleza;PIX;15;0;0;16.1;855;R$ 330,36;525,49;V;app;2024-02-12;2024-02-12;2024-02-17;2024-02-19;25;Rapido Catarinense;Entregue;cliente pediu entrega no periodo da tarde
PA-2024-03135;02/11/2024 10:25 AM;02/11/2024 08:25 PM;Pata Amiga Tubarao;;Oficinas;Medicamentos;Cartão de Crédito;1;;0;1.5;83;R$ 32,28;R$ 51,34;V;app;2024-02-13;2024-02-14;2024-02-17;2024-02-18;9,67;Entrega Expressa SC;Entregue;
PA-2024-03144;02/11/2024 08:23 PM;02/11/2024 09:43 PM;pata amiga laguna;;Ponta das Pedras;RACAO;Credito;11;0;0;35,7;1749.73;675.40;1.074,33;SIM;app;2024-02-13;2024-02-13;2024-02-19;;;Entrega Expressa SC;Despachado - em transito;cliente pediu entrega no periodo da tarde
PA-2024-03128;02/11/2024 10:52 PM;02/11/2024 11:02 PM;Pata Amiga Tubarão;;Humaita;petisco;pix;2;0;0;8.0;46,65;18.01;28;SIM;WHATSAPP;2024-02-13;2024-02-14;2024-02-18;2024-02-21;15,43;Entrega Expressa SC;Entregue;
PA-2024-03123;02/11/2024 06:23 PM;02/11/2024 11:23 PM;Pata Amiga Jaragua do Sul;LJ-014;Ilha da Figueira;HIGIENE;CARTAO DE CREDITO;;0;0;2.2;57;0.00;57,00;nao;whatsapp;2024-02-14;2024-02-16;2024-02-21;2024-02-23;11.62;Rapido Catarinense;Entregue;
PA-2024-03132;02/11/2024 11:50 PM;02/12/2024 12:00 AM;Pata Amiga Tubarão;LJ-022;Centro;Ração Medicamentosa;vale pet;3;0;1;8.2;189,27;73,06;R$ 116,21;SIM;Site;2024-02-14;2024-02-15;2024-02-18;;;TransPet Log;Despachado - em transito;cliente pediu entrega no periodo da tarde
PA-2024-03118;02/11/2024 02:07 PM;02/12/2024 12:07 AM;pata amiga blumenau centro;;Itoupava Norte;Medicamentos;vale pet;6;0;0;6.6;591,41;73,93;-;sim;;;;;;;;Pedido cancelado;
PA-2024-03120;02/11/2024 09:23 PM;02/12/2024 02:23 AM;Pata Amiga Rio do sul;LJ-002;Barragem;Petiscos;Vale Pet;2;0;0;5,0;86.09;R$ 0,00;86,09;;Loja Fisica;;;;;;;Retirada na loja;cliente pediu entrega no periodo da tarde
PA-2024-03148;02/12/2024 01:50 AM;02/12/2024 03:50 AM;PATA AMIGA BRUSQUE;;Dom Joaquim;BRINQUEDO;Credito;4;0;0;4,8;302,73;R$ 17,86;284;SIM;APP;2024-02-13;2024-02-14;2024-02-17;2024-02-19;R$ 19,54;Rapido Catarinense;Entregue;produto fora de linha - substituido
PA-2024-03142;02/11/2024 06:07 PM;02/12/2024 04:07 AM;Pata Amiga Laguna;LJ-024;Ponta das Pedras;Racao;pix;14;0;0;17,6;1.498,28;578,34;R$ 919,94;X;;2024-02-14;2024-02-15;2024-02-19;2024-02-21;46.93;Correios;Entregue;conferir endereco com o cliente
PA-2024-03152;02/12/2024 02:07 AM;02/12/2024 05:07 AM;Pata Amiga Florianópolis Norte;;Centro;MEDICAMENTO;CARTAO DE CREDITO;10;1;0;31,6;928,21;254.33;673,88;X;Loja Fisica;;;;;;;Retirada na loja;aguardando confirmacao de estoque
PA-2024-03161;02/12/2024 05:55 AM;02/12/2024 06:05 AM;Pata Amiga Florianopolis Norte;LJ-017;Centro;petisco;vale pet;11;0;2;9.9;R$ 430,83;118,05;312.78;true;Telefone;2024-02-14;2024-02-15;2024-02-19;2024-02-21;R$ 35,86;Rapido Catarinense;Entregue;
PA-2024-03153;02/12/2024 06:15 AM;02/12/2024 08:15 AM;Pata Amiga Florianopolis Norte;;;petisco;vale pet;10;;0;5,7;391,04;R$ 107,14;283,90;sim;Loja Fisica;;;;;;;Retirada na loja;
PA-2024-03151;02/12/2024 08:38 AM;02/12/2024 08:48 AM;PATA AMIGA SAO BENTO DO SUL;;Centro;SERVICO;Pix;;0;0;2,5;R$ 95,36;0,00;95,36;nao;site;2024-02-14;;;;;Logistica Propria;Aguardando nota fiscal;produto fora de linha - substituido
PA-2024-03154;02/12/2024 09:45 AM;02/12/2024 09:55 AM;Pata Amiga Florianopolis Norte;LJ-017;Centro;Racao;CARTAO DE DEBITO;3;0;0;6,4;475,70;130,34;345.36;SIM;SITE;2024-02-13;2024-02-14;2024-02-16;2024-02-18;;Correios;Entregue;cliente pediu entrega no periodo da tarde
PA-2024-03167;02/12/2024 11:00 AM;02/12/2024 11:35 AM;Pata Amiga Chapecó;LJ-029;Sao Cristovao;PETISCO;Cartão de Débito;5;0;;2,4;145,93;16,20;R$ 129,73;Sim;App Pata Amiga;;;;;;;Pedido cancelado;
PA-2024-03163;02/12/2024 12:23 PM;02/12/2024 12:33 PM;pata amiga palhoca;LJ-019;Pagani;RAÇÃO;Especie;3;0;0;12.0;665.96;R$ 109,22;R$ 556,74;SIM;app;2024-02-14;2024-02-14;2024-02-17;2024-02-20;39.47;Rapido Catarinense;Entregue;
PA-2024-03150;02/12/2024 10:50 AM;02/12/2024 12:50 PM;PATA AMIGA JOINVILLE SUL;;Aventureiro;BRINQUEDO;Dinheiro;2;0;;5,2;R$ 132,04;0,00;132,04;NAO;App;2024-02-14;2024-02-15;2024-02-19;2024-02-21;R$ 18,08;Correios;Entregue;
PA-2024-03149;02/12/2024 11:50 AM;02/12/2024 01:10 PM;pata amiga gaspar;;Gasparinho;Servicos;VALE PET;1;0;0;0.9;R$ 83,54;0.00;R$ 83,54;0;;;;;;;;Retirada na loja;
PA-2024-03156;02/12/2024 01:05 PM;02/12/2024 01:15 PM;pata amiga florianopolis norte;;Ingleses;MEDICAMENTO;dinheiro;10;0;0;15.6;705,77;193,38;512;SIM;site;2024-02-14;2024-02-14;2024-02-17;;;Correios;Despachado - em transito;conferir endereco com o cliente
PA-2024-03147;02/12/2024 12:45 PM;02/12/2024 01:20 PM;PATA AMIGA ITAJAI PRAIA;LJ-003;Cordeiros;Hig.;Vale Pet;2;0;0;2.9;60;R$ 3,58;57,12;X;APP;2024-02-14;2024-02-14;2024-02-20;2024-02-22;R$ 10,01;Logistica Propria;Entregue;
PA-2024-03170;02/12/2024 08:23 AM;02/12/2024 01:23 PM;PATA AMIGA SAO MIGUEL DO OESTE;LJ-032;Sao Gotardo;Ração Medicamentosa;Cartão de Crédito;1;0;0;3,3;61.77;;54,91;SIM;app;2024-02-14;2024-02-14;2024-02-18;2024-02-20;13.23;TransPet Log;Entregue;aguardando confirmacao de estoque
PA-2024-03158;02/12/2024 02:25 PM;02/12/2024 02:45 PM;pata amiga florianopolis norte;;Ingleses;Ração;PIX;5;0;0;20.9;922,51;R$ 252,77;669.74;true;Telefone;2024-02-13;2024-02-13;2024-02-17;2024-02-19;48,13;Logistica Propria;Entregue;
PA-2024-03165;02/12/2024 03:47 PM;02/12/2024 03:57 PM;Pata Amiga Palhoca;LJ-019;Passa Vinte;Acessorio;Debito;3;0;0;7.8;R$ 245,33;40.23;205,10;S;LOJA FISICA;;;;;;;Retirada na loja;produto fora de linha - substituido
PA-2024-03159;02/12/2024 03:40 PM;02/12/2024 04:30 PM;Pata Amiga Florianopolis Norte;;Costeira;Racao Seca;pix;3;0;1;6,6;275;75;200,02;Sim;Loja Fisica;;;;;;;Retirada na loja;
PA-2024-03155;02/12/2024 03:05 PM;02/12/2024 05:05 PM;Pata Amiga Florianopolis Norte/SC;LJ-017;Trindade;Ração;CARTAO DE DEBITO;6;1;2;15,7;1.005,20;R$ 275,42;R$ 729,78;Sim;whatsapp;2024-02-13;2024-02-14;;;;Entrega Expressa SC;Aguardando despacho;
PA-2024-03164;02/12/2024 03:10 PM;02/12/2024 08:10 PM;PATA AMIGA PALHOCA;LJ-019;Pagani;Rac.;boleto;6;0;0;20,9;868.60;142,45;R$ 726,15;1;loja fisica;;;;;;;Retirada na loja;aguardando confirmacao de estoque
PA-2024-03168;02/12/2024 07:55 PM;02/12/2024 08:15 PM;Pata Amiga Concordia;LJ-030;Petropolis;RAÇÃO;vale pet;5;0;0;5.2;1.065,45;118;R$ 947,19;Sim;Site;2024-02-14;2024-02-15;2024-02-21;2024-02-24;R$ 11,41;Entrega Expressa SC;Entregue;
PA-2024-03160;02/12/2024 07:30 PM;02/12/2024 08:20 PM;Pata Amiga Florianopolis Norte/SC;LJ-017;Saco Grande;Hig.;DINHEIRO;;0;0;16.9;R$ 290,40;79.57;210;true;site;2024-02-14;2024-02-14;2024-02-18;2024-02-21;;TransPet Log;Entregue;conferir endereco com o cliente
PA-2024-03162;02/12/2024 08:52 PM;02/12/2024 09:27 PM;PATA AMIGA FLORIANOPOLIS NORTE;LJ-017;Costeira;RAÇÃO;Vale Pet;13;2;1;48.3;2456;672,98;R$ 1.783,15;sim;;2024-02-13;2024-02-14;2024-02-16;2024-02-19;R$ 126,63;Logistica Propria;Entregue;produto fora de linha - substituido
PA-2024-03166;02/12/2024 10:23 PM;02/12/2024 10:58 PM;Pata Amiga Chapeco;;Efapi;Rac.;BOLETO;5;0;1;17.8;981,47;108,94;872.53;SIM;WhatsApp;2024-02-13;2024-02-14;2024-02-16;2024-02-17;R$ 59,00;TransPet Log;Entregue;produto fora de linha - substituido
PA-2024-03157;02/12/2024 11:10 PM;02/13/2024 02:10 AM;Pata Amiga Florianopolis Norte/SC;;Centro;Higiene;PIX;7;0;0;22.1;R$ 444,22;R$ 121,72;R$ 322,50;Sim;APP;2024-02-16;2024-02-17;2024-02-21;;;TransPet Log;Despachado - em transito;cliente pediu entrega no periodo da tarde
PA-2024-03169;02/12/2024 10:20 PM;02/13/2024 03:20 AM;Pata Amiga Xanxerê;LJ-031;Bela Vista;RAÇÃO;Cartão de Débito;5;0;2;9.0;R$ 618,76;R$ 68,68;550;X;;2024-02-15;;;;;Entrega Expressa SC;Aguardando nota fiscal;
PA-2024-03180;02/13/2024 09:35 AM;02/13/2024 09:45 AM;Pata Amiga São Bento do Sul;LJ-015;Oxford;Petisco;BOLETO;9;0;0;34.7;409,07;76;332,57;Sim;app;2024-02-14;2024-02-14;2024-02-17;2024-02-19;50.70;TransPet Log;Entregue;
PA-2024-03174;02/13/2024 10:20 AM;02/13/2024 11:10 AM;PATA AMIGA INDAIAL;LJ-006;Nacoes;Higiene e Beleza;Cartão de Débito;2;0;0;5,6;112,83;0.00;R$ 112,83;N;site;2024-02-15;2024-02-16;2024-02-19;2024-02-22;21;TransPet Log;Entregue;pedido recorrente
PA-2024-03182;02/13/2024 02:47 PM;02/13/2024 04:07 PM;Pata Amiga São Jose Kobrasol;;Kobrasol;BRINQUEDO;Cartao de Debito;3;0;0;10.3;R$ 96,88;0,00;96,88;0;APP;2024-02-15;2024-02-15;;;;Entrega Expressa SC;Aguardando despacho;
PA-2024-03173;02/13/2024 06:45 AM;02/13/2024 04:45 PM;PATA AMIGA TIMBO;LJ-005;Araponguinhas;ACESSORIO;DINHEIRO;2;0;0;4.3;223,01;0.00;223.01;F;Site;2024-02-14;2024-02-14;2024-02-16;2024-02-17;R$ 9,65;Entrega Expressa SC;Entregue;
PA-2024-03172;02/13/2024 05:00 PM;02/13/2024 05:10 PM;PATA AMIGA BRUSQUE;LJ-004;Santa Terezinha;SERVICO;Cartao de Debito;2;0;0;6.6;168,85;11,65;157,20;1;site;2024-02-15;2024-02-16;2024-02-18;2024-02-21;27.08;Entrega Expressa SC;Entregue;produto fora de linha - substituido
PA-2024-03181;02/13/2024 08:15 AM;02/13/2024 06:15 PM;PATA AMIGA ITAPOA;LJ-016;Figueira do Pontal;racao;vale pet;4;0;0;16.2;R$ 698,58;130,63;567,95;sim;app;2024-02-17;2024-02-18;2024-02-26;;;Correios;Despachado - em transito;
PA-2024-03176;02/13/2024 06:00 PM;02/13/2024 06:35 PM;pata amiga joinville sul;;Aventureiro;Petisco;Cartão de Débito;4;0;0;11,9;160.34;R$ 29,98;130,36;V;;;;;;;;Retirada na loja;
PA-2024-03175;02/13/2024 09:25 AM;02/13/2024 07:25 PM;Pata Amiga Gaspar;;Figueira;Hig.;Boleto;3;0;0;2,0;185,04;0,00;R$ 185,04;;site;2024-02-15;2024-02-16;2024-02-20;2024-02-23;9;Correios;Entregue;embalagem para presente
PA-2024-03171;02/13/2024 07:07 PM;02/13/2024 07:27 PM;Pata Amiga Itajai Praia/SC;LJ-003;Fazenda;Higiene e Beleza;DINHEIRO;4;0;0;12.0;180;12.49;168,48;sim;App;2024-02-16;2024-02-16;2024-02-19;2024-02-22;R$ 30,63;TransPet Log;Entregue;
PA-2024-03185;02/13/2024 05:35 PM;02/13/2024 07:35 PM;Pata Amiga Santo Amaro da Imperatriz;LJ-020;Sul do Rio;RACAO;PIX;7;0;0;14,2;R$ 1.111,94;232.40;879,54;X;app;2024-02-16;2024-02-16;2024-02-19;2024-02-22;36;Correios;Entregue;pedido recorrente
PA-2024-03179;02/13/2024 06:55 PM;02/13/2024 09:55 PM;Pata Amiga Jaragua Do Sul;LJ-014;Barra do Rio Cerro;HIGIENE;Cartao de Debito;2;;0;3.1;81,58;R$ 0,00;81;nao;site;2024-02-16;2024-02-16;2024-02-21;2024-02-23;10;TransPet Log;Entregue;cliente pediu entrega no periodo da tarde
PA-2024-03177;02/13/2024 08:15 PM;02/13/2024 10:15 PM;Pata Amiga Joinville Sul/SC;LJ-013;Boa Vista;Higiene e Beleza;Cartao de Credito;6;0;0;3,8;334,92;62,63;272,29;SIM;;2024-02-15;2024-02-15;;;;Correios;Aguardando despacho;
PA-2024-03184;02/13/2024 10:07 PM;02/13/2024 10:17 PM;PATA AMIGA SANTO AMARO DA IMPERATRIZ;LJ-020;Braco Sao Joao;petisco;Credito;9;0;0;23.7;371,84;77,71;294,13;1;App Pata Amiga;2024-02-18;2024-02-19;2024-02-20;2024-02-24;R$ 67,61;Rapido Catarinense;Entregue;cliente pediu entrega no periodo da tarde
PA-2024-03183;02/13/2024 07:50 PM;02/14/2024 12:50 AM;Pata Amiga Santo Amaro da Imperatriz;;Sul do Rio;Petiscos;PIX;11;;0;5,3;390,07;81.52;308,55;1;app;2024-02-17;2024-02-18;2024-02-29;2024-03-03;18;Correios;Entregue;cliente pediu entrega no periodo da tarde
PA-2024-03178;02/13/2024 10:30 PM;02/14/2024 03:30 AM;Pata Amiga Joinville Sul;LJ-013;Jarivatuba;petisco;DINHEIRO;6;0;0;22.8;217,05;R$ 40,59;176,46;V;app;2024-02-16;2024-02-16;2024-02-21;2024-02-24;R$ 59,65;Correios;Entregue;
PA-2024-03187;02/14/2024 04:55 AM;02/14/2024 05:15 AM;Pata Amiga Blumenau Centro;;Garcia;PETISCO;BOLETO;3;0;;5.0;R$ 102,89;10.49;92,40;S;LOJA FISICA;;;;;;;Retirada na loja;pedido recorrente
PA-2024-03198;02/14/2024 03:30 AM;02/14/2024 06:30 AM;Pata Amiga Floripa Norte;;Saco Grande;Medicamento;Debito;4;0;2;10,8;466,58;85,38;381,20;SIM;;2024-02-16;2024-02-17;2024-02-21;2024-02-23;37;TransPet Log;Entregue;aguardando confirmacao de estoque
PA-2024-03197;02/14/2024 10:23 AM;02/14/2024 11:13 AM;pata amiga itapoa;;Balneario Itapoa;HIGIENE;CARTAO DE DEBITO;2;0;0;5.5;R$ 80,05;0,00;80,05;;loja fisica;;;;;;;Retirada na loja;
PA-2024-03194;02/14/2024 09:45 AM;02/14/2024 11:45 AM;pata amiga ibirama;;Centro;Servicos;boleto;5;0;0;13.3;733,26;14;R$ 718,59;S;App Pata Amiga;2024-02-18;2024-02-18;2024-02-28;2024-03-03;35,80;TransPet Log;Entregue;
PA-2024-03199;02/14/2024 07:15 AM;02/14/2024 12:15 PM;PATA AMIGA FLORIANOPOLIS NORTE;;Saco Grande;Racao Seca;CARTAO DE CREDITO;7;0;0;10.6;R$ 1.509,49;R$ 276,24;1233;SIM;Site;2024-02-16;;;;;Rapido Catarinense;Aguardando nota fiscal;cliente pediu entrega no periodo da tarde
PA-2024-03200;02/14/2024 03:15 AM;02/14/2024 01:15 PM;PATA AMIGA FLORIANOPOLIS NORTE;;Saco Grande;Brinquedos;dinheiro;4;0;0;12.5;R$ 312,78;R$ 57,24;255,54;sim;LOJA FISICA;;;;;;;Retirada na loja;aguardando confirmacao de estoque
PA-2024-03190;02/14/2024 11:45 AM;02/14/2024 01:45 PM;PATA AMIGA RIO DO SUL;LJ-002;Canta Galo;Racao;Dinheiro;2;0;0;6.5;R$ 336,36;17,15;319,21;S;App Pata Amiga;2024-02-15;2024-02-15;2024-02-19;2024-02-21;16.69;Entrega Expressa SC;Entregue;conferir endereco com o cliente
PA-2024-03193;02/14/2024 02:10 PM;02/14/2024 02:20 PM;pata amiga taio;LJ-009;Alto Santa Rosa;acessorio;boleto;2;0;0;5.5;193.65;0;193,65;0;WhatsApp;2024-02-16;2024-02-16;2024-02-27;;;Logistica Propria;Despachado - em transito;
PA-2024-03191;02/14/2024 02:38 PM;02/14/2024 04:38 PM;Pata Amiga Itajai Praia;;Sao Vicente;Rac.;Debito;2;;0;5,5;R$ 292,44;0,00;292;NAO;Site;2024-02-16;2024-02-17;2024-02-19;2024-02-22;17.34;Logistica Propria;Entregue;
PA-2024-03192;02/14/2024 04:52 PM;02/14/2024 06:52 PM;Pata Amiga Indaial;;Encano;Medicamentos;Pix;2;0;0;4,6;208,63;2.71;205.92;true;site;2024-02-16;2024-02-16;;;;Correios;Aguardando despacho;
PA-2024-03189;02/14/2024 12:05 PM;02/14/2024 10:05 PM;Pata Amiga Blumenau Centro;LJ-001;Vorstadt;RACAO;DINHEIRO;3;0;0;5.0;621,76;R$ 63,42;558,34;sim;WHATSAPP;2024-02-16;2024-02-16;2024-02-21;;;Entrega Expressa SC;Despachado - em transito;embalagem para presente
PA-2024-03186;02/14/2024 07:23 PM;02/14/2024 10:23 PM; Pata Amiga Blumenau Centro;;Vorstadt;Medicamento;Cartão de Débito;5;;0;11,2;710,15;72,44;R$ 637,71;V;Loja Física;;;;;;;Retirada na loja;produto fora de linha - substituido
PA-2024-03195;02/14/2024 09:07 PM;02/14/2024 11:07 PM;Pata Amiga Jaragua do Sul;LJ-014;Centro;higiene;DINHEIRO;-;0;0;17,1;R$ 193,26;33,24;160,02;sim;Loja Física;;;;;;;Retirada na loja;pedido recorrente
PA-2024-03188;02/14/2024 09:38 PM;02/15/2024 12:38 AM;Pata Amiga Blumenau Centro;LJ-001;Ribeirao Fresco;Racao Seca;Cartao de Credito;7;0;0;25.7;1445.87;147,48;1.298,39;X;App;2024-02-18;2024-02-18;2024-02-23;2024-02-26;R$ 67,67;Correios;Entregue;embalagem para presente
PA-2024-03196;02/14/2024 11:10 PM;02/15/2024 01:10 AM;PATA AMIGA JARAGUA DO SUL;LJ-014;Jaragua Esquerdo;Hig.;dinheiro;3;0;0;6,7;R$ 190,44;32,76;157,68;SIM;site;2024-02-17;2024-02-17;2024-02-19;2024-02-21;R$ 25,43;Logistica Propria;Entregue;pedido recorrente
PA-2024-03213;02/15/2024 01:38 AM;02/15/2024 01:48 AM;PATA AMIGA GASPAR;;Poco Grande;RAÇÃO;PIX;4;0;;8.6;515.95;R$ 108,87;407,08;true;LOJA FISICA;;;;;;;Retirada na loja;
PA-2024-03211;02/15/2024 01:38 AM;02/15/2024 02:13 AM; Pata Amiga Brusque;LJ-004;Dom Joaquim;Acessório;boleto;2;;;6.0;201.89;0;R$ 201,89;nao;APP;2024-02-17;2024-02-17;2024-02-19;2024-02-22;R$ 11,79;Entrega Expressa SC;Entregue;
PA-2024-03203;02/15/2024 01:45 AM;02/15/2024 03:05 AM;pata amiga blumenau centro;;Itoupava Norte;Racao Seca;Debito;1;0;0;0.6;179.19;R$ 37,81;;sim;Whatsapp;2024-02-17;2024-02-17;2024-02-19;2024-02-21;6,81;TransPet Log;Entregue;produto fora de linha - substituido
PA-2024-03212;02/15/2024 02:38 AM;02/15/2024 03:13 AM;pata amiga gaspar;LJ-007;Gasparinho;MEDICAMENTO;Credito;6;0;0;22.1;R$ 798,42;168;629;1;Site;2024-02-17;2024-02-18;2024-02-23;2024-02-25;69,76;Correios;Entregue;
PA-2024-03218;02/15/2024 04:15 AM;02/15/2024 05:35 AM;pata amiga joinville sul;LJ-013;Jarivatuba;Racao Seca;Pix;8;0;;12,5;1.805,02;283;1.521,63;;;;;;;;;Retirada na loja;conferir endereco com o cliente
PA-2024-03209;02/15/2024 05:38 AM;02/15/2024 05:58 AM;PATA AMIGA RIO DO SUL;;Centro;Petiscos;boleto;6;0;;7,8;247.30;59,60;R$ 187,70;Sim;LOJA FISICA;;;;;;;Retirada na loja;produto fora de linha - substituido
PA-2024-03201;02/15/2024 05:07 AM;02/15/2024 07:07 AM;Pata Amiga Blumenal Centro;LJ-001;Progresso;Racao Medicamentosa;pix;9;0;0;29,5;808;170.62;638,00;sim;site;2024-02-17;2024-02-18;2024-02-20;2024-02-22;74,46;Logistica Propria;Entregue;
PA-2024-03217;02/15/2024 07:23 AM;02/15/2024 07:58 AM;Pata Amiga Joinville Sul;LJ-013;Costa e Silva;racao;Dinheiro;4;0;N/I;7.0;507,38;R$ 79,66;427,72;sim;SITE;2024-02-16;2024-02-16;2024-02-17;2024-02-19;17.75;Entrega Expressa SC;Entregue;
PA-2024-03220;02/15/2024 06:07 AM;02/15/2024 08:07 AM;Pata Amiga Jaragua Do Sul;LJ-014;Barra do Rio Cerro;Servicos;pix;4;0;0;3,9;676,84;R$ 56,18;620,66;X;SITE;2024-02-17;2024-02-17;2024-02-21;2024-02-23;R$ 14,43;Entrega Expressa SC;Entregue;
PA-2024-03215;02/15/2024 03:45 AM;02/15/2024 08:45 AM; Pata Amiga Gaspar;LJ-007;Bela Vista;Higiene e Beleza;boleto;7;0;0;4.2;420.44;88;331;SIM;APP;2024-02-17;2024-02-17;2024-02-22;2024-02-23;16,28;TransPet Log;Entregue;produto fora de linha - substituido
PA-2024-03222;02/15/2024 08:30 AM;02/15/2024 08:50 AM;Pata Amiga Itapoa;LJ-016;Balneario Itapoa;Acessorios;Dinheiro;1;0;0;0,8;109.98;17,27;92.71;S;app;2024-02-17;2024-02-17;2024-02-24;2024-02-26;6.07;Logistica Propria;Entregue;embalagem para presente
PA-2024-03223;02/15/2024 07:55 AM;02/15/2024 09:15 AM;Pata Amiga Floripa Norte;LJ-017;Centro;brinquedo;BOLETO;3;0;;12.0;131.01;0.00;131.01;Não;Site;2024-02-18;2024-02-18;2024-02-20;2024-02-22;24,22;Entrega Expressa SC;Entregue;aguardando confirmacao de estoque
PA-2024-03207;02/15/2024 10:52 AM;02/15/2024 11:02 AM;Pata Amiga Rio do Sul;LJ-002;Sumare;racao;Boleto;4;0;0;3.0;506.59;R$ 122,09;R$ 384,50;SIM;App;2024-02-17;2024-02-17;2024-02-20;2024-02-21;14;Entrega Expressa SC;Entregue;conferir endereco com o cliente
PA-2024-03219;02/15/2024 11:20 AM;02/15/2024 11:30 AM;Pata Amiga Joinville Sul;LJ-013;;Brinquedos;Pix;4;0;0;3.2;R$ 311,47;R$ 48,90;262,57;1;app;2024-02-17;;;;;Entrega Expressa SC;Aguardando nota fiscal;conferir endereco com o cliente
PA-2024-03225;02/15/2024 10:25 AM;02/15/2024 11:45 AM;PATA AMIGA TUBARAO;LJ-022;Humaita;Rac.;CARTAO DE DEBITO;5;N/I;0;17.5;915;R$ 137,34;778;S;Site;2024-02-17;2024-02-18;2024-02-23;2024-02-26;35,97;Logistica Propria;Entregue;
PA-2024-03227;02/15/2024 03:20 PM;02/15/2024 03:30 PM;Pata Amiga Chapecó;;Efapi;Racao Seca;vale pet;5;;0;8.4;527,47;70,68;456,79;true;App;2024-02-17;2024-02-18;2024-02-23;2024-02-25;R$ 32,13;TransPet Log;Entregue;embalagem para presente
PA-2024-03208;02/15/2024 04:40 PM;02/15/2024 05:15 PM;Pata Amiga Rio do Sul;LJ-002;Canta Galo;medicamento;VALE PET;3;;0;1.9;R$ 274,44;66;R$ 208,30;true;SITE;2024-02-16;2024-02-17;2024-02-19;2024-02-21;10.70;Entrega Expressa SC;Entregue;
PA-2024-03230;02/15/2024 03:35 PM;02/15/2024 05:35 PM;Pata Amiga Xanxerê;LJ-031;Bela Vista;petisco;vale pet;5;0;0;18,7;159,06;21;R$ 137,75;S;Loja Física;;;;;;;Retirada na loja;
PA-2024-03216;02/15/2024 05:45 PM;02/15/2024 06:35 PM;Pata Amiga Joinville Sul;;Jarivatuba;Ração;BOLETO;5;;0;21.0;909,40;142.78;R$ 766,62;1;Loja Física;;;;;;;Retirada na loja;
PA-2024-03205;02/15/2024 05:15 PM;02/15/2024 07:15 PM;Pata Amiga Rio do Sul;LJ-002;Sumare;Ração;vale pet;7;0;0;23,1;1.457,81;351,33;1106.48;SIM;Loja Fisica;;;;;;;Retirada na loja;
PA-2024-03229;02/15/2024 02:35 PM;02/15/2024 07:35 PM;PATA AMIGA CONCORDIA;;Centro;Higiene e Beleza;Vale Pet;6;0;0;23,1;354,07;47,45;306.62;;;;;;;;;Retirada na loja;embalagem para presente
PA-2024-03214;02/15/2024 05:50 PM;02/15/2024 07:50 PM;PATA AMIGA GASPAR;LJ-007;Gasparinho;Rac.;Vale Pet;;0;0;9.2;680.67;143,62;537,05;X;App Pata Amiga;2024-02-16;2024-02-16;;;;TransPet Log;Aguardando despacho;
PA-2024-03224;02/15/2024 03:23 PM;02/15/2024 08:23 PM;pata amiga tubarao;LJ-022;Centro;Rac.;pix;;0;0;6.2;R$ 509,62;R$ 76,44;433,18;X;App Pata Amiga;2024-02-18;2024-02-18;2024-02-21;2024-02-23;18,65;Logistica Propria;Entregue;produto fora de linha - substituido
PA-2024-03210;02/15/2024 07:35 PM;02/15/2024 08:25 PM;Pata Amiga Rio do Sul;;Sumare;Petiscos;CARTAO DE DEBITO;9;1;0;4.8;236,08;R$ 56,90;179;Sim;app;2024-02-16;2024-02-17;2024-02-19;2024-02-21;14,62;Rapido Catarinense;Entregue;conferir endereco com o cliente
PA-2024-03204;02/15/2024 04:07 PM;02/15/2024 09:07 PM;Pata Amiga Blumenau Centro;;;Medicamento;CARTAO DE DEBITO;5;0;;5,2;481.96;101.69;380,27;Sim;Tel.;2024-02-18;2024-02-18;2024-02-19;2024-02-21;R$ 17,95;Rapido Catarinense;Entregue;
PA-2024-03221;02/15/2024 09:50 PM;02/15/2024 10:00 PM;Pata Amiga São Bento do Sul;LJ-015;Serra Alta;Servicos;CARTAO DE DEBITO;4;0;0;4,9;616,75;96,83;R$ 519,92;;whatsapp;2024-02-18;2024-02-18;;;;TransPet Log;Aguardando despacho;
PA-2024-03228;02/15/2024 06:52 PM;02/15/2024 11:52 PM;Pata Amiga Chapeco;;Centro;higiene;Cartao de Debito;5;0;1;11,6;R$ 170,44;R$ 22,84;R$ 147,60;1;Loja Física;;;;;;;Retirada na loja;pedido recorrente
PA-2024-03232;02/16/2024 12:07 AM;02/16/2024 12:42 AM;Pata Amiga Presidente Getulio;;Fundo Canoas;Acessorios;DINHEIRO;1;0;0;2.1;55,14;0;R$ 55,14;N;site;2024-02-20;2024-02-20;2024-02-29;2024-03-04;8,57;Correios;Entregue;
PA-2024-03226;02/15/2024 10:00 PM;02/16/2024 01:00 AM;Pata Amiga Laguna/SC;;Centro;Ração Medicamentosa;Debito;5;0;1;15.6;R$ 581,06;87,16;493,90;V;App Pata Amiga;2024-02-19;2024-02-20;2024-02-24;2024-02-26;R$ 30,53;Entrega Expressa SC;Entregue;
PA-2024-03233;02/16/2024 12:55 AM;02/16/2024 01:30 AM;PATA AMIGA ITUPORANGA;LJ-010;Centro;Rac.;PIX;4;0;2;7.8;746.50;;696;SIM;APP;2024-02-19;2024-02-20;2024-02-25;2024-02-29;22.74;Correios;Entregue;
PA-2024-03237;02/16/2024 01:30 AM;02/16/2024 02:05 AM;Pata Amiga Palhoca;LJ-019;Pagani;ACESSORIO;Especie;1;0;0;2.7;72,43;0,00;72,43;NAO;App;2024-02-18;2024-02-19;2024-02-23;2024-02-25;12,61;Correios;Entregue;
PA-2024-03206;02/15/2024 04:15 PM;02/16/2024 02:15 AM;Pata Amiga Rio Do Sul;LJ-002;Canta Galo;Rac.;Cartão de Crédito;1;0;0;1.6;R$ 159,74;R$ 38,50;121.24;SIM;;2024-02-18;2024-02-20;2024-02-25;2024-02-27;9,71;Logistica Propria;Entregue;
PA-2024-03231;02/16/2024 02:20 AM;02/16/2024 02:30 AM; Pata Amiga Gaspar;LJ-007;Gasparinho;MEDICAMENTO;boleto;1;0;0;1,1;115.73;0.00;115,73;N;telefone;2024-02-17;;;;;Correios;Aguardando nota fiscal;produto fora de linha - substituido
PA-2024-03202;02/15/2024 06:50 PM;02/16/2024 04:50 AM;Pata Amiga Blumenau Centro;;Ribeirao Fresco;Higiene;pix;10;;0;20.8;531,86;R$ 112,22;419,64;;Loja Física;;;;;;;Retirada na loja;
PA-2024-03236;02/16/2024 04:47 PM;02/16/2024 07:47 PM;Pata Amiga São Jose Kobrasol;LJ-018;Forquilhinhas;PETISCO;Pix;2;0;0;4.2;68;R$ 0,00;68,53;0;LOJA FISICA;;;;;;;Retirada na loja;aguardando confirmacao de estoque
PA-2024-03235;02/16/2024 08:50 PM;02/16/2024 11:50 PM;Pata Amiga Florianopolis Norte/SC;LJ-017;Saco Grande;Ração;CARTAO DE DEBITO;4;0;0;6.5;871,94;55,80;816.14;1;app;2024-02-17;2024-02-17;2024-02-20;2024-02-22;13,26;Entrega Expressa SC;Entregue;
PA-2024-03244;02/17/2024 12:07 AM;02/17/2024 02:07 AM;pata amiga brusque;LJ-004;Dom Joaquim;Medicamentos;DINHEIRO;4;0;0;6.5;476,48;102,92;373,56;Sim;Site;2024-02-19;2024-02-20;;;;Correios;Aguardando despacho;conferir endereco com o cliente
PA-2024-03234;02/16/2024 05:45 PM;02/17/2024 03:45 AM;Pata Amiga Joinville Sul/SC;LJ-013;Jarivatuba;BRINQUEDO;Pix;1;0;0;3.6;34,02;0.71;33,31;V;App;2024-02-20;2024-02-20;2024-02-23;2024-02-26;10;Entrega Expressa SC;Entregue;
PA-2024-03250;02/17/2024 02:00 AM;02/17/2024 05:00 AM;pata amiga indaial;;Encano;petisco;BOLETO;7;0;0;5.0;366;R$ 66,35;300.24;SIM;Loja Fisica;;;;;;;Retirada na loja;
PA-2024-03253;02/17/2024 03:10 AM;02/17/2024 05:10 AM;Pata Amiga Jaragua do Sul;;Jaragua Esquerdo;Racao;dinheiro;1;0;2;3.6;196.10;0,00;R$ 196,10;false;LOJA FISICA;;;;;;;Retirada na loja;
PA-2024-03251;02/17/2024 06:10 AM;02/17/2024 08:10 AM;Pata Amiga Indaial;LJ-006;Nacoes;RACAO;Pix;-;0;0;14.9;R$ 991,94;179.54;R$ 812,40;1;SITE;2024-02-19;2024-02-20;2024-02-22;2024-02-26;22,82;Rapido Catarinense;Entregue;aguardando confirmacao de estoque
PA-2024-03257;02/17/2024 05:55 AM;02/17/2024 08:55 AM;Pata Amiga Tubarao;LJ-022;Humaita;PETISCO;BOLETO;3;0;;5,7;137,82;30,18;107;sim;APP;2024-02-19;2024-02-19;2024-02-23;2024-02-25;R$ 23,26;Logistica Propria;Entregue;
PA-2024-03256;02/17/2024 08:45 AM;02/17/2024 09:20 AM;Pata Amiga Criciuma;;Centro;Racao;Cartão de Débito;3;0;0;5.2;424.88;R$ 0,00;424,88;NAO;;2024-02-18;2024-02-19;2024-02-24;;;Rapido Catarinense;Despachado - em transito;
PA-2024-03245;02/17/2024 07:20 AM;02/17/2024 10:20 AM;PATA AMIGA BRUSQUE;;Aguas Claras;RAÇÃO;boleto;5;0;0;10.1;928,79;200,62;728;1;Loja Física;;;;;;;Retirada na loja;cliente pediu entrega no periodo da tarde
PA-2024-03247;02/17/2024 11:05 AM;02/17/2024 11:15 AM; Pata Amiga Brusque;LJ-004;Limeira;medicamento;boleto;6;0;0;15.0;R$ 837,32;R$ 180,86;R$ 656,46;Sim;App;2024-02-18;2024-02-19;2024-02-23;;;Logistica Propria;Despachado - em transito;
PA-2024-03252;02/17/2024 09:15 AM;02/17/2024 11:15 AM;Pata Amiga Rio Dos Cedros;LJ-012;Palmeiras;Petisco;boleto;3;0;0;3,4;R$ 133,99;24,25;R$ 109,74;true;App Pata Amiga;;;;;;;Pedido cancelado;produto fora de linha - substituido
PA-2024-03242;02/17/2024 10:55 AM;02/17/2024 12:15 PM;Pata Amiga Itajai Praia;;Cabecudas;RACAO;Cartao de Debito;7;0;0;19.0;R$ 1.379,47;297,97;1.081,50;SIM;Site;2024-02-20;2024-02-21;2024-02-27;2024-02-28;56,65;Rapido Catarinense;Entregue;
PA-2024-03248;02/17/2024 09:35 AM;02/17/2024 12:35 PM;pata amiga brusque;LJ-004;Dom Joaquim;Ração Medicamentosa;Especie;7;0;0;14.5;485,73;104;380.81;SIM;APP;2024-02-19;2024-02-19;2024-02-22;2024-02-24;R$ 50,49;Entrega Expressa SC;Entregue;
PA-2024-03246;02/17/2024 12:35 PM;02/17/2024 12:45 PM;PATA AMIGA BRUSQUE;LJ-004;Aguas Claras;Racao Seca;boleto;3;;0;3.7;607,59;R$ 131,24;476,35;true;SITE;2024-02-19;;;;;Entrega Expressa SC;Aguardando nota fiscal;pedido recorrente
PA-2024-03238;02/17/2024 09:47 AM;02/17/2024 12:47 PM; Pata Amiga Blumenau Centro;LJ-001;Ribeirao Fresco;higiene;pix;3;;0;6.4;R$ 186,94;0,00;186.94;Não;Whatsapp;2024-02-18;2024-02-19;2024-02-20;2024-02-23;20,27;Logistica Propria;Entregue;pedido recorrente
PA-2024-03239;02/17/2024 09:05 AM;02/17/2024 02:05 PM;Pata Amiga Itajai Praia/SC;;Cabecudas;Hig.;Especie;1;;0;0,6;51,64;11.15;40,49;true;loja fisica;;;;;;;Retirada na loja;
PA-2024-03255;02/17/2024 07:05 AM;02/17/2024 05:05 PM;Pata Amiga São José Kobrasol;LJ-018;Campinas;medicamento;PIX;1;0;1;2.0;61;0.00;61,94;nao;Site;2024-02-19;2024-02-20;;;;TransPet Log;Aguardando despacho;embalagem para presente
PA-2024-03258;02/17/2024 01:50 PM;02/17/2024 06:50 PM;Pata Amiga Sao Joaquim;;Centro;Racao Medicamentosa;Boleto;3;;;12,4;257,88;44,61;213;1;Loja Fisica;;;;;;;Retirada na loja;embalagem para presente
PA-2024-03240;02/17/2024 09:00 PM;02/17/2024 09:35 PM;Pata Amiga Itajai Praia/SC;;Fazenda;Med.;Pix;6;0;0;11.0;547,66;;429,37;Sim;;2024-02-19;2024-02-19;2024-02-22;;;Rapido Catarinense;Despachado - em transito;
PA-2024-03259;02/17/2024 06:35 PM;02/17/2024 09:35 PM;Pata Amiga Curitibanos;LJ-028;Santa Cruz;MEDICAMENTO;Boleto;5;0;0;4.4;513,48;88,83;424,65;1;App Pata Amiga;2024-02-19;2024-02-20;2024-02-23;;;Rapido Catarinense;Despachado - em transito;
PA-2024-03243;02/17/2024 09:15 PM;02/17/2024 09:50 PM;pata amiga brusque;;Limeira;Racao Seca;pix;8;0;0;21,1;1.053,99;R$ 227,66;R$ 826,33;X;TELEFONE;2024-02-18;2024-02-18;2024-02-20;2024-02-22;31,42;TransPet Log;Entregue;produto fora de linha - substituido
PA-2024-03249;02/17/2024 12:38 PM;02/17/2024 10:38 PM;Pata Amiga Timbo;LJ-005;Capitais;Ração;BOLETO;6;0;0;5.6;1.370,05;R$ 247,98;R$ 1.122,07;SIM;Whatsapp;2024-02-19;2024-02-19;2024-02-23;2024-02-25;16.28;Correios;Entregue;
PA-2024-03241;02/17/2024 09:38 PM;02/18/2024 12:38 AM;PATA AMIGA ITAJAI PRAIA;LJ-003;Sao Vicente;Racao Seca;Especie;5;n/d;;3.2;894,32;193,17;701,15;sim;loja fisica;;;;;;;Retirada na loja;embalagem para presente
PA-2024-03266;02/18/2024 04:52 AM;02/18/2024 05:02 AM;Pata Amiga São Bento do Sul;;Serra Alta;Racao Seca;DINHEIRO;3;0;0;3.9;514.82;57,66;R$ 457,16;;Loja Física;;;;;;;Retirada na loja;embalagem para presente
PA-2024-03268;02/18/2024 05:05 AM;02/18/2024 05:15 AM;Pata Amiga São Jose Kobrasol;LJ-018;;racao;Debito;4;0;0;16,6;R$ 842,52;R$ 47,18;795,34;true;Loja Fisica;;;;;;;Retirada na loja;embalagem para presente
PA-2024-03254;02/17/2024 08:07 PM;02/18/2024 06:07 AM;Pata Amiga Floripa Norte;LJ-017;Ingleses;SERVICO;BOLETO;;0;0;1,8;95,36;2.19;R$ 93,17;;App;2024-02-20;2024-02-21;2024-02-26;2024-02-29;R$ 9,20;Logistica Propria;Entregue;cliente pediu entrega no periodo da tarde
PA-2024-03265;02/18/2024 07:52 AM;02/18/2024 10:52 AM;Pata Amiga Joinville Sul/SC;;Costa e Silva;Acessório;VALE PET;4;0;0;2.9;267.37;29,95;;Sim;APP;2024-02-20;2024-02-20;2024-02-24;;;TransPet Log;Despachado - em transito;
PA-2024-03264;02/18/2024 02:23 AM;02/18/2024 12:23 PM;Pata Amiga Joinville Sul;LJ-013;Aventureiro;Higiene e Beleza;DINHEIRO;5;0;0;6.6;R$ 232,22;26;R$ 206,21;;loja fisica;;;;;;;Retirada na loja;
PA-2024-03273;02/18/2024 01:47 PM;02/18/2024 02:37 PM;Pata Amiga Chapeco/SC;;Passo dos Fortes;Serviço;Cartao de Debito;3;0;0;2.8;358;30,12;R$ 328,40;V;Tel.;;;;;;;Pedido cancelado;embalagem para presente
PA-2024-03270;02/18/2024 01:35 PM;02/18/2024 04:35 PM;PATA AMIGA ARARANGUA;;Cidade Alta;Racao Seca;Boleto;5;0;0;14.6;1055;151.99;903;true;App Pata Amiga;2024-02-20;2024-02-21;2024-02-25;2024-02-27;R$ 46,86;Logistica Propria;Entregue;
PA-2024-03271;02/18/2024 02:05 PM;02/18/2024 05:05 PM;Pata Amiga Ararangua;LJ-023;Cidade Alta;Acessorios;Cartão de Débito;1;0;0;4,1;86;12,43;73,91;SIM;site;2024-02-20;2024-02-21;2024-02-24;2024-02-27;9,64;Correios;Entregue;
PA-2024-03260;02/18/2024 06:15 PM;02/18/2024 06:35 PM;PATA AMIGA RIO DO SUL;LJ-002;Centro;higiene;CARTAO DE CREDITO;2;;;5.2;97.69;R$ 6,35;91,34;S;App;2024-02-21;2024-02-22;;;;Correios;Aguardando despacho;conferir endereco com o cliente
PA-2024-03267;02/18/2024 06:30 PM;02/18/2024 07:05 PM;Pata Amiga Itapoá;LJ-016;Balneario Itapoa;PETISCO;Vale Pet;;0;0;12,4;219;R$ 24,57;194,84;;;2024-02-23;2024-02-23;2024-03-09;2024-03-12;36,80;Rapido Catarinense;Entregue;
PA-2024-03262;02/18/2024 07:50 PM;02/18/2024 09:50 PM;PATA AMIGA JOINVILLE SUL;LJ-013;Costa e Silva;racao;VALE PET;4;0;0;8.9;465,26;52,11;R$ 413,15;;site;;;;;;;Pedido cancelado;cliente pediu entrega no periodo da tarde
PA-2024-03261;02/18/2024 10:20 PM;02/18/2024 10:55 PM;Pata Amiga Gaspar;LJ-007;Gasparinho;ACESSORIO;Credito;2;0;0;7,9;180;0,00;R$ 180,02;false;WhatsApp;2024-02-20;2024-02-21;2024-02-25;2024-02-27;22;Rapido Catarinense;Entregue;
PA-2024-03280;02/19/2024 12:20 AM;02/19/2024 12:40 AM;Pata Amiga Gaspar;LJ-007;Bela Vista;brinquedo;DINHEIRO;2;0;0;6.8;101.80;9,77;R$ 92,03;S;SITE;2024-02-22;2024-02-22;2024-02-27;2024-02-29;R$ 22,91;Logistica Propria;Entregue;
PA-2024-03269;02/18/2024 09:10 PM;02/19/2024 02:10 AM;PATA AMIGA PALHOCA;LJ-019;Pagani;HIGIENE;pix;4;0;2;1.7;200,02;R$ 11,20;188.82;sim;Loja Física;;;;;;;Retirada na loja;aguardando confirmacao de estoque
PA-2024-03284;02/19/2024 03:05 AM;02/19/2024 03:15 AM;PATA AMIGA TAIO;;Alto Santa Rosa;RACAO;CARTAO DE DEBITO;20;;0;39.6;R$ 2.102,13;1.009,02;1093.11;Sim;SITE;2024-02-22;2024-02-23;;;;Rapido Catarinense;Aguardando despacho;pedido recorrente
PA-2024-03263;02/18/2024 05:40 PM;02/19/2024 03:40 AM;Pata Amiga Joinville Sul;;;Ração;boleto;4;;0;7,0;-;72,22;572,56;true;whatsapp;2024-02-21;2024-02-21;;;;Logistica Propria;Aguardando despacho;
PA-2024-03272;02/18/2024 11:23 PM;02/19/2024 04:23 AM;PATA AMIGA OTACILIO COSTA;;Centro;Medicamentos;boleto;3;0;0;1.5;426,28;R$ 34,53;391;S;WHATSAPP;2024-02-21;2024-02-21;2024-03-03;2024-03-05;R$ 9,29;Correios;Entregue;conferir endereco com o cliente
PA-2024-03277;02/19/2024 02:35 AM;02/19/2024 05:35 AM;Pata Amiga Timbo;LJ-005;Centro;PETISCO;Cartão de Débito;1;0;0;2.4;45.20;5,33;39,87;true;Tel.;2024-02-21;2024-02-22;2024-02-25;2024-02-28;12,45;Correios;Entregue;conferir endereco com o cliente
PA-2024-03295;02/19/2024 03:55 AM;02/19/2024 05:55 AM;Pata Amiga Florianópolis Norte;;Trindade;medicamento;BOLETO;5;0;2;20.9;R$ 329,19;36,21;292,98;true;loja fisica;;;;;;;Retirada na loja;
PA-2024-03290;02/19/2024 07:00 AM;02/19/2024 07:50 AM;Pata Amiga Ituporanga;LJ-010;Centro;Petisco;Boleto;18;1;0;15.1;558.54;268.10;R$ 290,44;X;telefone;2024-02-22;2024-02-23;2024-03-02;2024-03-06;R$ 43,31;Entrega Expressa SC;Entregue;pedido recorrente
PA-2024-03300;02/19/2024 07:47 AM;02/19/2024 08:07 AM;Pata Amiga Concordia;LJ-030;Nacoes;acessorio;dinheiro;2;0;0;5,9;183,62;0,00;R$ 183,62;;App;2024-02-21;2024-02-21;2024-02-22;2024-02-25;13.41;Rapido Catarinense;Entregue;produto fora de linha - substituido
PA-2024-03276;02/19/2024 08:23 AM;02/19/2024 08:33 AM;Pata Amiga Rio do Sul;LJ-002;Laranjeiras;Higiene;boleto;4;0;0;14.7;220,48;33;186.75;1;App;2024-02-22;2024-02-24;2024-02-27;2024-02-29;34,05;Entrega Expressa SC;Entregue;
PA-2024-03289;02/19/2024 08:25 AM;02/19/2024 08:35 AM;pata amiga ituporanga;LJ-010;Vila Nova;Ração Medicamentosa;dinheiro;22;3;0;25.8;R$ 2.871,14;1378.15;;sim;SITE;2024-02-21;2024-02-22;2024-03-04;2024-03-07;42,16;Correios;Entregue;pedido recorrente
PA-2024-03292;02/19/2024 08:15 AM;02/19/2024 08:35 AM;PATA AMIGA RIO DOS CEDROS;LJ-012;Centro;Petiscos;CARTAO DE DEBITO;3;0;0;7.1;155,75;18;R$ 137,37;S;App Pata Amiga;2024-02-22;2024-02-23;2024-02-29;2024-03-01;23.10;Entrega Expressa SC;Entregue;
PA-2024-03293;02/19/2024 06:30 AM;02/19/2024 09:30 AM;Pata Amiga Joinville Sul/SC;LJ-013;Aventureiro;Acessório;Credito;2;;0;7.5;R$ 221,51;1.11;220,40;Sim;app;2024-02-21;2024-02-21;2024-02-23;2024-02-25;R$ 25,60;Logistica Propria;Entregue;
PA-2024-03294;02/19/2024 09:55 AM;02/19/2024 10:45 AM;Pata Amiga Jaraguá do Sul;;Barra do Rio Cerro;acessorio;CARTAO DE DEBITO;2;0;0;5.9;119,32;0,00;119,32;Não;app;2024-02-21;2024-02-21;2024-02-25;2024-02-27;21,65;Logistica Propria;Entregue;produto fora de linha - substituido
PA-2024-03288;02/19/2024 06:30 AM;02/19/2024 11:30 AM;pata amiga ituporanga;;Centro;Racao;DINHEIRO;14;2;0;57,4;2.936,51;1.409,52;1526.99;Sim;Whatsapp;;;;;;;Pedido cancelado;produto fora de linha - substituido
PA-2024-03287;02/19/2024 07:38 AM;02/19/2024 12:38 PM;pata amiga ituporanga;LJ-010;Vila Nova;Petisco;Pix;11;;0;15.7;530.05;254.42;275,63;Sim;Loja Física;;;;;;;Retirada na loja;
PA-2024-03299;02/19/2024 01:25 PM;02/19/2024 03:25 PM;Pata Amiga São José Kobrasol;LJ-018;Kobrasol;Hig.;BOLETO;3;0;0;3,8;126,18;11;114,70;X;WhatsApp;2024-02-21;2024-02-22;2024-02-27;;;Entrega Expressa SC;Despachado - em transito;aguardando confirmacao de estoque
PA-2024-03286;02/19/2024 01:23 PM;02/19/2024 04:23 PM;pata amiga taio;LJ-009;Alto Santa Rosa;Racao Seca;dinheiro;11;1;0;39.7;R$ 1.860,64;R$ 893,11;967,53;S;App Pata Amiga;2024-02-23;2024-02-24;2024-03-06;2024-03-08;R$ 49,23;Entrega Expressa SC;Entregue;
PA-2024-03283;02/19/2024 01:38 PM;02/19/2024 04:38 PM;PATA AMIGA TAIO;LJ-009;Alto Santa Rosa;RAÇÃO;boleto;13;1;0;9,9;2194;R$ 1.053,59;1.141,39;1;App;2024-02-22;2024-02-22;2024-02-29;2024-03-01;34.01;Logistica Propria;Entregue;cliente pediu entrega no periodo da tarde
PA-2024-03279;02/19/2024 05:35 PM;02/19/2024 06:55 PM;Pata Amiga Indaial;LJ-006;Nacoes;acessorio;CARTAO DE DEBITO;3;0;0;11,7;316,19;37,31;278,88;sim;LOJA FISICA;;;;;;;Retirada na loja;aguardando confirmacao de estoque
PA-2024-03278;02/19/2024 04:07 PM;02/19/2024 07:07 PM;Pata Amiga Timbo;LJ-005;Centro;RAÇÃO;VALE PET;5;0;0;3.6;R$ 561,69;66.28;495,41;S;;2024-02-20;2024-02-20;2024-02-24;;;Entrega Expressa SC;Despachado - em transito;produto fora de linha - substituido
PA-2024-03297;02/19/2024 06:12 PM;02/19/2024 08:12 PM;pata amiga florianopolis norte;LJ-017;Ingleses;Rac.;PIX;5;0;0;8,1;R$ 1.064,85;R$ 117,13;R$ 947,72;SIM;Whatsapp;2024-02-20;2024-02-21;2024-02-25;2024-02-27;R$ 31,50;Rapido Catarinense;Entregue;pedido recorrente
PA-2024-03281;02/19/2024 07:00 PM;02/19/2024 08:20 PM;PATA AMIGA TAIO;LJ-009;Alto Santa Rosa;Petiscos;Credito;12;1;0;10.5;267,81;R$ 128,55;139;X;Site;2024-02-25;2024-02-26;2024-02-27;2024-03-01;R$ 21,12;TransPet Log;Entregue;produto fora de linha - substituido
PA-2024-03275;02/19/2024 08:07 PM;02/19/2024 09:27 PM;PATA AMIGA RIO DO SUL;LJ-002;Barragem;Servico;CARTAO DE DEBITO;7;0;0;5.4;R$ 591,22;90.46;500,76;S;TELEFONE;2024-02-22;2024-02-23;2024-02-26;2024-02-29;R$ 18,99;Correios;Entregue;conferir endereco com o cliente
PA-2024-03296;02/19/2024 08:38 PM;02/19/2024 09:58 PM;Pata Amiga Floripa Norte;LJ-017;Centro;Petisco;Vale Pet;4;0;0;4.8;R$ 154,92;17;137,88;V;Telefone;2024-02-20;2024-02-21;2024-02-23;2024-02-25;16.42;Entrega Expressa SC;Entregue;
PA-2024-03291;02/19/2024 09:12 PM;02/19/2024 10:32 PM;Pata Amiga Ituporanga;LJ-010;;HIGIENE;Cartao de Credito;10;0;1;37,2;296,91;142,52;R$ 154,39;sim;app;2024-02-22;2024-02-22;2024-02-24;2024-02-29;-;Rapido Catarinense;Entregue;
PA-2024-03285;02/19/2024 10:00 PM;02/19/2024 10:50 PM;PATA AMIGA TAIO;LJ-009;Alto Santa Rosa;HIGIENE;Cartão de Débito;10;1;2;22.9;-;R$ 166,84;180.75;sim;app;2024-02-23;2024-02-24;2024-03-05;2024-03-07;64,33;TransPet Log;Entregue;embalagem para presente
PA-2024-03298;02/19/2024 01:15 PM;02/19/2024 11:15 PM;pata amiga florianopolis norte;;Trindade;Petiscos;BOLETO;4;0;0;5.6;90,83;9.99;R$ 80,84;true;APP;2024-02-21;;;;;Logistica Propria;Aguardando nota fiscal;pedido recorrente
PA-2024-03334;02/20/2024 12:15 AM;02/20/2024 01:35 AM;pata amiga ibirama;LJ-011;Centro;Medicamento;boleto;15;2;0;9.1;R$ 1.634,33;670.08;964;Sim;SITE;2024-02-23;2024-02-23;2024-02-29;2024-03-03;25,54;Rapido Catarinense;Entregue;
PA-2024-03274;02/19/2024 08:55 PM;02/20/2024 01:55 AM;Pata Amiga Blumenal Centro;;Garcia;Acessorio;Vale Pet;2;0;0;0.8;R$ 167,01;16.03;150,98;1;APP;2024-02-22;2024-02-24;2024-02-27;2024-02-29;R$ 5,85;TransPet Log;Entregue;produto fora de linha - substituido
PA-2024-03324;02/20/2024 12:50 AM;02/20/2024 02:10 AM;Pata Amiga Gaspar;LJ-007;Figueira;Ração;PIX;11;1;0;40,1;2.400,05;1.152,02;1.248,03;1;app;2024-02-23;2024-02-24;2024-03-01;2024-03-04;59,71;Entrega Expressa SC;Entregue;conferir endereco com o cliente
PA-2024-03307;02/20/2024 01:50 AM;02/20/2024 02:25 AM;PATA AMIGA ITAJAÍ PRAIA;LJ-003;Sao Vicente;Higiene e Beleza;Cartao de Debito;13;1;0;5.4;R$ 389,22;112.10;277,12;true;site;2024-02-21;2024-02-22;2024-02-24;2024-02-27;19.32;Logistica Propria;Entregue;pedido recorrente
PA-2024-03346;02/20/2024 02:00 AM;02/20/2024 02:50 AM;Pata Amiga Sao Bento do Sul;LJ-015;Centro;racao;boleto;6;0;0;22,3;669.61;105,13;564,48;true;Loja Fisica;;;;;;;Retirada na loja;cliente pediu entrega no periodo da tarde
PA-2024-03282;02/19/2024 10:15 PM;02/20/2024 03:15 AM;Pata Amiga Taió;;Alto Santa Rosa;Racao Medicamentosa;Cartão de Débito;15;;0;34,1;R$ 1.164,06;558,75;R$ 605,31;1;;2024-02-23;2024-02-24;2024-02-29;2024-03-04;103,06;Logistica Propria;Entregue;
PA-2024-03311;02/20/2024 03:25 AM;02/20/2024 03:35 AM;pata amiga gaspar;;Poco Grande;racao;Cartão de Crédito;12;0;0;24.2;1.704,43;R$ 818,13;886.30;V;LOJA FISICA;;;;;;;Retirada na loja;
PA-2024-03336;02/20/2024 04:20 AM;02/20/2024 05:10 AM;pata amiga joinville sul;;Jarivatuba;Medicamentos;dinheiro;7;0;0;27.4;429,99;67,51;362,48;true;APP;2024-02-22;2024-02-22;2024-02-25;2024-02-28;84,64;Entrega Expressa SC;Entregue;
PA-2024-03306;02/20/2024 03:40 AM;02/20/2024 05:40 AM;pata amiga itajai praia;;Sao Vicente;Racao;Cartão de Débito;8;0;2;11,2;968,45;R$ 278,91;689,54;X;site;2024-02-23;2024-02-23;2024-02-24;2024-02-26;18;Logistica Propria;Entregue;
PA-2024-03342;02/20/2024 03:10 AM;02/20/2024 06:10 AM;Pata Amiga Jaragua Do Sul;LJ-014;;Racao;Especie;7;0;0;16.5;1.098,83;258,23;840,60;X;TELEFONE;2024-02-22;2024-02-23;2024-02-26;2024-02-27;40,40;Logistica Propria;Entregue;aguardando confirmacao de estoque
PA-2024-03315;02/20/2024 05:07 AM;02/20/2024 06:27 AM;Pata Amiga Gaspar;;Figueira;Petiscos;dinheiro;;;1;40.9;480;230,64;249,87;SIM;telefone;2024-02-21;2024-02-22;2024-02-23;2024-02-25;R$ 87,34;TransPet Log;Entregue;conferir endereco com o cliente
PA-2024-03320;02/20/2024 06:12 AM;02/20/2024 06:32 AM;pata amiga gaspar;LJ-007;Figueira;racao;DINHEIRO;11;1;0;45,8;1.232,87;591,78;641;SIM;Loja Física;;;;;;;Retirada na loja;
PA-2024-03347;02/20/2024 07:23 AM;02/20/2024 07:33 AM;Pata Amiga Florianópolis Norte;;Saco Grande;Petiscos;Pix;2;0;0;1.3;69,44;1,25;68.19;sim;site;2024-02-21;2024-02-22;2024-02-25;2024-02-27;7,38;Rapido Catarinense;Entregue;conferir endereco com o cliente
PA-2024-03345;02/20/2024 02:47 AM;02/20/2024 07:47 AM;Pata Amiga Jaragua do Sul;;Barra do Rio Cerro;Ração Medicamentosa;VALE PET;6;0;;17.4;366,93;86,23;R$ 280,70;V;site;2024-02-22;2024-02-23;2024-02-26;2024-02-27;R$ 58,23;Logistica Propria;Entregue;aguardando confirmacao de estoque
PA-2024-03327;02/20/2024 09:35 AM;02/20/2024 09:45 AM;Pata Amiga Presidente Getúlio;LJ-008;Alto Dona Luiza;Petisco;Dinheiro;14;1;0;19,0;502.15;205,88;296,27;V;whatsapp;2024-02-21;;;;;Rapido Catarinense;Aguardando nota fiscal;
PA-2024-03350;02/20/2024 07:07 AM;02/20/2024 10:07 AM;Pata Amiga Xanxerê;;Centro;Racao Seca;PIX;1;0;0;2.7;189,19;0,00;189,19;false;Loja Física;;;;;;;Retirada na loja;
PA-2024-03319;02/20/2024 09:50 AM;02/20/2024 10:10 AM; Pata Amiga Gaspar;LJ-007;Gasparinho;Petiscos;pix;17;0;0;38,6;437,26;209;227,38;;Loja Fisica;;;;;;;Retirada na loja;
PA-2024-03302;02/20/2024 09:23 AM;02/20/2024 11:23 AM;Pata Amiga Rio Do Sul;LJ-002;Centro;Higiene e Beleza;Cartão de Crédito;12;;0;29.1;R$ 725,89;R$ 312,86;413,03;V;app;2024-02-22;2024-02-23;2024-02-27;2024-03-01;92,44;Entrega Expressa SC;Entregue;cliente pediu entrega no periodo da tarde
PA-2024-03313;02/20/2024 10:35 AM;02/20/2024 11:25 AM;Pata Amiga Gaspar;;Figueira;Medicamentos;DINHEIRO;16;1;0;52.6;1.363,21;654;708.87;1;;;;;;;;Pedido cancelado;
PA-2024-03308;02/20/2024 12:00 PM;02/20/2024 12:35 PM;Pata Amiga Itajaí Praia;LJ-003;Fazenda;RACAO;BOLETO;11;0;0;5.2;1.064,77;R$ 306,65;758.12;SIM;APP;2024-02-22;2024-02-23;2024-02-27;2024-02-29;15,71;TransPet Log;Entregue;
PA-2024-03328;02/20/2024 09:45 AM;02/20/2024 12:45 PM;PATA AMIGA PRESIDENTE GETULIO;LJ-008;Alto Dona Luiza;Ração;PIX;1;0;1;0,9;146,52;60;86,45;sim;App;2024-02-23;2024-02-23;2024-02-27;2024-03-02;;Logistica Propria;Entregue;
PA-2024-03321;02/20/2024 01:12 PM;02/20/2024 01:32 PM; Pata Amiga Gaspar;;Poco Grande;PETISCO;VALE PET;8;0;0;16,1;421,55;R$ 202,34;219,21;Sim;;2024-02-21;2024-02-22;2024-02-26;;;Logistica Propria;Despachado - em transito;
PA-2024-03305;02/20/2024 10:50 AM;02/20/2024 01:50 PM;Pata Amiga Itajai Praia;LJ-003;Sao Vicente;HIGIENE;Dinheiro;9;1;0;12,3;493,78;R$ 142,21;R$ 351,57;X;SITE;;;;;;;Pedido cancelado;cliente pediu entrega no periodo da tarde
PA-2024-03340;02/20/2024 01:45 PM;02/20/2024 01:55 PM;Pata Amiga Jaragua do Sul;LJ-014;Jaragua Esquerdo;Ração Medicamentosa;Boleto;10;;1;38.0;686.54;161.34;525,20;X;whatsapp;2024-02-22;2024-02-22;2024-02-24;;;TransPet Log;Despachado - em transito;
PA-2024-03333;02/20/2024 01:30 PM;02/20/2024 02:20 PM;pata amiga ibirama;;Nossa Senhora de Fatima;racao;CARTAO DE CREDITO;7;0;0;14,6;1.259,64;516,45;743,19;Sim;WhatsApp;2024-02-25;2024-02-25;2024-03-05;;;Correios;Despachado - em transito;aguardando confirmacao de estoque
PA-2024-03348;02/20/2024 04:40 AM;02/20/2024 02:40 PM;Pata Amiga Palhoça;LJ-019;Pagani;Brinquedos;Cartão de Débito;5;0;0;15.3;243;19.99;223,73;true;Site;2024-02-22;;;;;Logistica Propria;Aguardando nota fiscal;pedido recorrente
PA-2024-03301;02/20/2024 02:10 PM;02/20/2024 02:45 PM;Pata Amiga Blumenau Centro;LJ-001;Fortaleza;Petiscos;Boleto;10;0;0;32,8;R$ 374,61;R$ 179,81;194,80;S;App;2024-02-21;2024-02-21;2024-02-23;2024-02-24;112.96;Logistica Propria;Entregue;
PA-2024-03303;02/20/2024 04:52 AM;02/20/2024 02:52 PM;Pata Amiga Rio do Sul;LJ-002;Sumare;RACAO;VALE PET;;0;0;15.2;636.88;274.50;362.38;1;app;2024-02-23;2024-02-23;2024-02-26;2024-02-28;R$ 22,68;Entrega Expressa SC;Entregue;
PA-2024-03317;02/20/2024 02:52 PM;02/20/2024 03:27 PM;PATA AMIGA GASPAR;LJ-007;Poco Grande;racao;CARTAO DE CREDITO;;0;0;72.0;1.765,92;847.64;R$ 918,28;V;WHATSAPP;2024-02-21;2024-02-21;2024-02-26;2024-02-29;232,11;Rapido Catarinense;Entregue;
PA-2024-03331;02/20/2024 02:45 PM;02/20/2024 03:35 PM;pata amiga taio;LJ-009;Centro;Acessório;vale pet;3;0;0;10,6;215,83;R$ 11,44;204,39;SIM;SITE;2024-02-25;2024-02-26;2024-03-06;2024-03-07;25;Correios;Entregue;aguardando confirmacao de estoque
PA-2024-03338;02/20/2024 02:50 PM;02/20/2024 03:40 PM;Pata Amiga Joinville Sul/SC;LJ-013;Boa Vista;Petiscos;Dinheiro;3;0;0;1,8;116.15;R$ 18,24;97,91;sim;APP;2024-02-22;2024-02-23;2024-02-26;2024-02-28;7;Rapido Catarinense;Entregue;pedido recorrente
PA-2024-03341;02/20/2024 02:12 PM;02/20/2024 04:12 PM;PATA AMIGA JARAGUA DO SUL;;;Petisco;vale pet;8;0;;16.3;R$ 196,48;46;150,31;sim;Site;2024-02-22;2024-02-23;2024-02-25;2024-02-27;54,88;Logistica Propria;Entregue;
PA-2024-03310;02/20/2024 04:10 PM;02/20/2024 04:20 PM;Pata Amiga Itajai Praia;LJ-003;Cordeiros;PETISCO;DINHEIRO;9;0;0;5,5;324;R$ 93,46;231,05;sim;whatsapp;2024-02-22;2024-02-23;2024-02-24;2024-02-27;11,25;TransPet Log;Entregue;
PA-2024-03339;02/20/2024 02:40 PM;02/20/2024 04:40 PM;pata amiga joinville sul;;Vila Nova;petisco;vale pet;6;;0;24.8;R$ 129,29;20;108,99;true;app;2024-02-22;2024-02-23;2024-02-26;2024-02-29;50,80;Logistica Propria;Entregue;
PA-2024-03344;02/20/2024 04:20 PM;02/20/2024 05:10 PM;Pata Amiga Jgua do Sul;LJ-014;Jaragua Esquerdo;Rac.;PIX;4;0;0;13.0;757.60;178,04;;S;SITE;2024-02-22;2024-02-23;2024-02-27;;;Entrega Expressa SC;Despachado - em transito;aguardando confirmacao de estoque
PA-2024-03322;02/20/2024 03:25 PM;02/20/2024 05:25 PM; Pata Amiga Gaspar;LJ-007;Bela Vista;Rac.;VALE PET;12;1;2;8.3;-;1.146,98;1.242,56;true;SITE;2024-02-22;2024-02-23;;;;Logistica Propria;Aguardando despacho;
PA-2024-03335;02/20/2024 05:35 PM;02/20/2024 07:35 PM;pata amiga ibirama;;Bela Alianca;petisco;Credito;17;;0;69.2;R$ 795,98;326;469.63;S;Loja Física;;;;;;;Retirada na loja;
PA-2024-03326;02/20/2024 09:45 AM;02/20/2024 07:45 PM; Pata Amiga Gaspar;LJ-007;Poco Grande;Higiene e Beleza;vale pet;6;0;0;24.8;R$ 276,88;;R$ 143,98;SIM;;2024-02-22;2024-02-22;;;;Correios;Aguardando despacho;cliente pediu entrega no periodo da tarde
PA-2024-03337;02/20/2024 08:07 PM;02/20/2024 08:27 PM;Pata Amiga Joinville Sul;;Jarivatuba;Petisco;CARTAO DE CREDITO;6;0;;4.2;251.12;39,43;211,69;V;loja fisica;;;;;;;Retirada na loja;
PA-2024-03318;02/20/2024 08:12 PM;02/20/2024 08:32 PM;Pata Amiga Gaspar;LJ-007;Bela Vista;Rac.;vale pet;16;2;0;61.0;3.431,58;R$ 1.647,16;R$ 1.784,42;V;Loja Física;;;;;;;Retirada na loja;
PA-2024-03330;02/20/2024 08:15 PM;02/20/2024 08:35 PM;Pata Amiga Presidente Getúlio;LJ-008;Centro;Medicamentos;vale pet;14;;0;48,2;1146;470;676;true;APP;2024-02-25;2024-02-26;2024-03-02;2024-03-03;72,49;Rapido Catarinense;Entregue;cliente pediu entrega no periodo da tarde
PA-2024-03304;02/20/2024 08:55 PM;02/20/2024 09:05 PM;Pata Amiga Itajaí Praia;LJ-003;Itaipava;racao;Vale Pet;6;0;0;21.8;R$ 880,87;253,69;627,18;X;Loja Fisica;;;;;;;Retirada na loja;
PA-2024-03309;02/20/2024 07:35 PM;02/20/2024 09:35 PM;PATA AMIGA ITAJAI PRAIA;LJ-003;;Ração;Vale Pet;8;;0;29.6;1.830,04;527,05;1.302,99;X;TELEFONE;2024-02-23;2024-02-24;2024-02-28;;;Entrega Expressa SC;Despachado - em transito;produto fora de linha - substituido
PA-2024-03316;02/20/2024 09:12 PM;02/20/2024 09:47 PM;pata amiga gaspar;LJ-007;Bela Vista;Hig.;BOLETO;7;0;0;24,5;R$ 212,15;101,83;110;1;;2024-02-21;2024-02-22;;;;Rapido Catarinense;Aguardando despacho;aguardando confirmacao de estoque
PA-2024-03343;02/20/2024 09:35 PM;02/20/2024 09:55 PM;PATA AMIGA JARAGUA DO SUL;LJ-014;Ilha da Figueira;Petiscos;Pix;5;0;2;13,8;235,46;55.33;180,13;S;Loja Física;;;;;;;Retirada na loja;embalagem para presente
PA-2024-03312;02/20/2024 08:55 PM;02/20/2024 10:55 PM;Pata Amiga Gaspar;LJ-007;Bela Vista;Racao;Vale Pet;13;0;0;30.7;1867.66;896,48;R$ 971,18;S;LOJA FISICA;;;;;;;Retirada na loja;pedido recorrente
PA-2024-03332;02/20/2024 09:55 PM;02/20/2024 11:15 PM;pata amiga ituporanga;LJ-010;Centro;higiene;boleto;1;;2;0.7;49.34;2.62;46,72;SIM;App;;;;;;;Pedido cancelado;conferir endereco com o cliente
PA-2024-03349;02/20/2024 10:30 PM;02/20/2024 11:20 PM;Pata Amiga Criciuma;LJ-021;Sao Luiz;Higiene e Beleza;boleto;2;0;0;2.6;74.13;R$ 0,00;74,13;false;app;2024-02-22;2024-02-22;2024-02-25;;;Entrega Expressa SC;Despachado - em transito;conferir endereco com o cliente
PA-2024-03323;02/20/2024 11:50 PM;02/21/2024 01:50 AM;PATA AMIGA GASPAR;;Figueira;Medicamentos;Dinheiro;;0;0;24.2;644;309.31;335,08;true;Site;2024-02-22;2024-02-23;2024-02-24;2024-02-25;R$ 73,07;Rapido Catarinense;Entregue;
PA-2024-03364;02/21/2024 01:30 AM;02/21/2024 02:50 AM;Pata Amiga Floripa Norte;;Costeira;Medicamento;vale pet;8;0;;27.5;R$ 1.176,78;231.83;944.95;sim;App Pata Amiga;2024-02-23;2024-02-23;2024-02-27;2024-02-29;R$ 89,60;Correios;Entregue;pedido recorrente
PA-2024-03352;02/21/2024 03:35 AM;02/21/2024 05:35 AM; Pata Amiga Blumenau Centro;LJ-001;Vorstadt;ACESSORIO;BOLETO;3;0;0;2,6;174.31;31,03;143,28;;App Pata Amiga;2024-02-23;2024-02-23;2024-02-26;2024-02-29;12;Rapido Catarinense;Entregue;produto fora de linha - substituido
PA-2024-03355;02/21/2024 05:20 AM;02/21/2024 05:40 AM;Pata Amiga Brusque;LJ-004;Dom Joaquim;PETISCO;PIX;5;0;;2,7;217.51;12.40;205,11;sim;App Pata Amiga;;;;;;;Pedido cancelado;cliente pediu entrega no periodo da tarde
PA-2024-03325;02/20/2024 07:52 PM;02/21/2024 05:52 AM;Pata Amiga Gaspar;LJ-007;Figueira;Rac.;Boleto;12;;0;49,9;2002;961,15;1041;true;Loja Fisica;;;;;;;Retirada na loja;
PA-2024-03314;02/20/2024 08:38 PM;02/21/2024 06:38 AM;PATA AMIGA GASPAR;;Gasparinho;racao;VALE PET;9;;;15,2;1197;574,90;622,80;Sim;APP;2024-02-23;2024-02-23;2024-02-26;2024-02-29;R$ 36,54;Logistica Propria;Entregue;
PA-2024-03354;02/21/2024 06:52 AM;02/21/2024 07:27 AM;Pata Amiga Blumenau Centro;;Ribeirao Fresco;Ração;Cartao de Credito;3;;0;6.2;442.97;78,85;R$ 364,12;SIM;WhatsApp;2024-02-24;2024-02-25;2024-02-28;2024-02-29;19;Logistica Propria;Entregue;
PA-2024-03363;02/21/2024 08:07 AM;02/21/2024 08:42 AM;Pata Amiga Floripa Norte;LJ-017;Costeira;medicamento;dinheiro;4;0;0;9,2;R$ 337,59;R$ 66,51;271;S;WhatsApp;2024-02-23;2024-02-23;2024-02-26;2024-02-28;35,17;TransPet Log;Entregue;
PA-2024-03329;02/20/2024 10:55 PM;02/21/2024 08:55 AM;PATA AMIGA PRESIDENTE GETULIO;;Alto Dona Luiza;PETISCO;Vale Pet;8;0;0;28.9;420;172;248,09;S;site;2024-02-26;;;;;Rapido Catarinense;Aguardando nota fiscal;conferir endereco com o cliente
PA-2024-03360;02/21/2024 12:12 PM;02/21/2024 12:47 PM;Pata Amiga Gaspar;LJ-007;Figueira;Petiscos;BOLETO;9;0;0;9,6;227;R$ 40,44;186,76;1;telefone;2024-02-23;2024-02-24;2024-02-26;2024-02-27;R$ 28,52;Rapido Catarinense;Entregue;
PA-2024-03351;02/21/2024 05:45 AM;02/21/2024 03:45 PM;PATA AMIGA BLUMENAU CENTRO;;Progresso;Higiene;Debito;6;0;0;22,9;224,97;40,04;184.93;S;App Pata Amiga;2024-02-23;2024-02-25;2024-02-28;2024-03-01;R$ 46,23;Logistica Propria;Entregue;
PA-2024-03359;02/21/2024 12:52 PM;02/21/2024 03:52 PM;pata amiga gaspar;LJ-007;Figueira;RAÇÃO;CARTAO DE CREDITO;10;0;0;27,7;R$ 1.168,73;208,03;960.70;V;App;2024-02-24;2024-02-25;2024-02-27;2024-03-01;88;TransPet Log;Entregue;embalagem para presente
PA-2024-03356;02/21/2024 03:07 PM;02/21/2024 04:27 PM;Pata Amiga Timbó;LJ-005;Centro;Petisco;Pix;5;0;0;10.1;245,49;R$ 33,63;211,86;1;SITE;2024-02-22;2024-02-22;2024-02-25;2024-02-28;33.22;Correios;Entregue;
PA-2024-03358;02/21/2024 02:52 PM;02/21/2024 04:52 PM;Pata Amiga Indaial;LJ-006;Encano;petisco;Debito;2;0;;8,3;100.44;;R$ 86,68;V;Tel.;2024-02-23;2024-02-24;2024-02-28;2024-03-02;24,87;Correios;Entregue;
PA-2024-03357;02/21/2024 03:30 PM;02/21/2024 05:30 PM;PATA AMIGA INDAIAL;;;Med.;pix;;0;0;21,2;-;87.90;;1;site;2024-02-23;2024-02-23;2024-02-27;2024-02-29;64.99;Correios;Entregue;pedido recorrente
PA-2024-03353;02/21/2024 07:35 AM;02/21/2024 05:35 PM;Pata Amiga Blumenau Centro;LJ-001;Vorstadt;Hig.;CARTAO DE CREDITO;5;0;0;19,4;213,82;38.06;175,76;SIM;App;2024-02-23;2024-02-24;2024-02-28;2024-03-02;52,10;TransPet Log;Entregue;pedido recorrente
PA-2024-03362;02/21/2024 07:12 PM;02/21/2024 09:12 PM;PATA AMIGA FLORIANOPOLIS NORTE;LJ-017;Ingleses;Medicamentos;Vale Pet;7;0;2;7.4;R$ 503,35;R$ 99,16;;X;App;2024-02-23;;;;;Rapido Catarinense;Aguardando nota fiscal;
PA-2024-03365;02/21/2024 06:25 PM;02/21/2024 09:25 PM;PATA AMIGA LAGES;LJ-025;Centro;Medicamentos;VALE PET;1;;2;1,6;90,71;0,00;90.71;F;WhatsApp;2024-02-23;2024-02-23;2024-02-26;2024-02-28;R$ 9,80;Logistica Propria;Entregue;
PA-2024-03361;02/21/2024 10:23 PM;02/22/2024 01:23 AM;PATA AMIGA RIO DOS CEDROS;LJ-012;Centro;MEDICAMENTO;Cartão de Débito;4;0;2;15.5;502,28;68,81;R$ 433,47;S;;2024-02-23;2024-02-24;2024-02-27;2024-02-29;35;Correios;Entregue;conferir endereco com o cliente
PA-2024-03367;02/22/2024 02:10 AM;02/22/2024 02:20 AM;Pata Amiga Sao Bento do Sul;LJ-015;Centro;higiene;Cartao de Credito;2;0;0;1.7;80,24;R$ 0,00;R$ 80,24;F;SITE;2024-02-24;2024-02-24;2024-02-27;2024-03-01;6,92;Rapido Catarinense;Entregue;aguardando confirmacao de estoque
PA-2024-03370;02/22/2024 03:10 AM;02/22/2024 03:20 AM;PATA AMIGA CRICIUMA;LJ-021;Centro;Brinquedo;Pix;3;0;0;11.4;R$ 113,56;R$ 0,00;113,56;NAO;App Pata Amiga;2024-02-24;2024-02-24;2024-02-25;2024-02-26;27,70;Logistica Propria;Entregue;embalagem para presente
PA-2024-03375;02/22/2024 07:38 AM;02/22/2024 10:38 AM;pata amiga xanxere;LJ-031;Centro;Servicos;CARTAO DE DEBITO;1;0;0;2,8;105,25;0.00;105;F;App;2024-02-25;2024-02-25;;;;Entrega Expressa SC;Aguardando despacho;cliente pediu entrega no periodo da tarde
PA-2024-03368;02/22/2024 09:52 AM;02/22/2024 11:12 AM;Pata Amiga Floripa Norte;;Saco Grande;Ração Medicamentosa;CARTAO DE CREDITO;3;0;1;5.9;348,52;0.00;348,52;false;App;2024-02-24;2024-02-24;2024-02-27;2024-02-28;14,15;Logistica Propria;Entregue;
PA-2024-03373;02/22/2024 10:20 AM;02/22/2024 11:40 AM;Pata Amiga Otacílio Costa;;;Rac.;Boleto;4;0;0;11,8;413,83;32,28;R$ 381,55;Sim;site;2024-02-26;2024-02-27;2024-03-11;2024-03-14;25;Entrega Expressa SC;Entregue;
PA-2024-03372;02/22/2024 01:20 PM;02/22/2024 01:40 PM;pata amiga lages;LJ-025;Habitacao;higiene;Pix;4;0;0;3,2;125,50;9,79;115;X;Loja Física;;;;;;;Retirada na loja;produto fora de linha - substituido
PA-2024-03366;02/22/2024 04:55 PM;02/22/2024 06:15 PM;Pata Amiga Rio Dos Cedros;LJ-012;Centro;Higiene;BOLETO;1;0;0;3,1;53;R$ 0,00;53;F;Site;;;;;;;Pedido cancelado;
PA-2024-03371;02/22/2024 05:05 PM;02/22/2024 08:05 PM;Pata Amiga Ararangua;LJ-023;Urussanguinha;Servicos;BOLETO;8;;0;4.3;831,81;69,04;762,77;V;APP;2024-02-24;2024-02-26;2024-03-01;2024-03-02;14,11;Entrega Expressa SC;Entregue;conferir endereco com o cliente
PA-2024-03376;02/22/2024 09:55 PM;02/22/2024 10:15 PM;Pata Amiga São Miguel do Oeste;LJ-032;Sao Gotardo;Higiene;CARTAO DE CREDITO;2;0;0;2.6;110,35;0.00;110,35;Não;app;;;;;;;Pedido cancelado;
PA-2024-03374;02/22/2024 08:20 PM;02/22/2024 10:20 PM;Pata Amiga Chapeco;LJ-029;Passo dos Fortes;Racao Medicamentosa;boleto;2;0;0;8,3;205;;205;;WhatsApp;2024-02-25;2024-02-26;2024-03-01;2024-03-03;R$ 25,78;Correios;Entregue;
PA-2024-03369;02/22/2024 02:10 PM;02/23/2024 12:10 AM;Pata Amiga Palhoça;LJ-019;Passa Vinte;PETISCO;Vale Pet;1;0;0;2,1;38,18;R$ 0,00;38,18;nao;app;2024-02-26;2024-02-27;2024-03-01;2024-03-02;11,80;Entrega Expressa SC;Entregue;cliente pediu entrega no periodo da tarde
PA-2024-03382;02/23/2024 01:30 AM;02/23/2024 02:20 AM;Pata Amiga Rio do Sul;;Centro;PETISCO;CARTAO DE DEBITO;10;0;0;8.8;437;87.95;349.60;1;WhatsApp;;;;;;;Pedido cancelado;
PA-2024-03391;02/23/2024 01:35 AM;02/23/2024 04:35 AM;Pata Amiga Lages;LJ-025;Guarujal;Petisco;Boleto;4;0;0;10.1;150,94;R$ 17,36;133;S;Whatsapp;2024-02-25;2024-02-25;2024-02-29;2024-03-02;36,53;Rapido Catarinense;Entregue;aguardando confirmacao de estoque
PA-2024-03388;02/23/2024 04:05 AM;02/23/2024 04:55 AM;Pata Amiga Rio dos Cedros;;Centro;PETISCO;Boleto;3;0;0;9,0;79,45;9;69.60;S;Loja Física;;;;;;;Retirada na loja;
PA-2024-03386;02/23/2024 02:40 AM;02/23/2024 05:40 AM;pata amiga gaspar;;;Hig.;DINHEIRO;1;0;;1,2;40,61;2,92;37,69;X;App Pata Amiga;2024-02-25;2024-02-26;2024-02-29;2024-03-02;6,32;Entrega Expressa SC;Entregue;
PA-2024-03389;02/23/2024 03:52 AM;02/23/2024 05:52 AM;Pata Amiga Santo Amaro da Imperatriz;LJ-020;Braco Sao Joao;Rac.;Cartão de Crédito;1;0;0;0,7;R$ 223,82;0,00;223,82;0;site;2024-02-24;;;;;Rapido Catarinense;Aguardando nota fiscal;
PA-2024-03377;02/23/2024 05:52 AM;02/23/2024 06:12 AM;PATA AMIGA BLUMENAU CENTRO;LJ-001;Velha;Petiscos;Dinheiro;4;0;1;4,4;188,70;-;175.11;X;Telefone;2024-02-25;2024-02-25;2024-02-27;2024-02-29;15,73;Rapido Catarinense;Entregue;conferir endereco com o cliente
PA-2024-03381;02/23/2024 06:23 AM;02/23/2024 06:33 AM;Pata Amiga Rio do sul;LJ-002;Centro;Ração;pix;4;0;0;8.2;793;159,49;633.97;SIM;Loja Fisica;;;;;;;Retirada na loja;
PA-2024-03378;02/23/2024 06:15 AM;02/23/2024 07:05 AM;Pata Amiga Rio Do Sul;;Canta Galo;petisco;dinheiro;7;0;0;27,5;323;64;258.25;Sim;;2024-02-25;2024-02-25;2024-02-27;2024-02-29;R$ 94,23;Correios;Entregue;aguardando confirmacao de estoque
PA-2024-03384;02/23/2024 08:30 AM;02/23/2024 09:20 AM;;;Centro;Higiene;vale pet;5;;1;16,1;R$ 203,91;25,28;178;S;WhatsApp;2024-02-25;2024-02-25;2024-02-28;2024-03-01;R$ 43,01;Logistica Propria;Entregue;aguardando confirmacao de estoque
PA-2024-03387;02/23/2024 09:35 AM;02/23/2024 09:55 AM;Pata Amiga Ibirama;;Nossa Senhora de Fatima;Higiene;CARTAO DE DEBITO;3;;0;8.9;R$ 86,38;3,63;82,75;sim;Loja Física;;;;;;;Retirada na loja;
PA-2024-03383;02/23/2024 09:47 AM;02/23/2024 11:47 AM;Pata Amiga Rio do Sul;LJ-002;Budag;HIGIENE;Cartão de Débito;5;0;0;17.7;309.54;62.22;247,32;SIM;WHATSAPP;2024-02-26;;;;;Logistica Propria;Aguardando nota fiscal;aguardando confirmacao de estoque
PA-2024-03390;02/23/2024 03:30 AM;02/23/2024 01:30 PM;Pata Amiga Tubarao;LJ-022;Humaita;Higiene e Beleza;VALE PET;4;0;0;5,2;R$ 157,38;R$ 9,76;R$ 147,62;S;loja fisica;;;;;;;Retirada na loja;pedido recorrente
PA-2024-03379;02/23/2024 03:23 PM;02/23/2024 03:58 PM;Pata Amiga Rio Do Sul;;Budag;medicamento;Boleto;3;0;0;1,7;253,68;R$ 50,99;R$ 202,69;sim;APP;2024-02-25;2024-02-26;2024-03-03;2024-03-05;9,22;TransPet Log;Entregue;
PA-2024-03380;02/23/2024 04:30 PM;02/23/2024 04:40 PM;Pata Amiga Rio Do Sul;LJ-002;Budag;MEDICAMENTO;BOLETO;6;0;0;19,5;735,70;147,88;587;V;SITE;2024-02-25;2024-02-25;2024-02-28;2024-03-01;49.59;TransPet Log;Entregue;produto fora de linha - substituido
PA-2024-03392;02/23/2024 05:10 PM;02/23/2024 05:45 PM;PATA AMIGA OTACILIO COSTA;LJ-027;Centro;Petiscos;CARTAO DE CREDITO;5;;0;3.5;187;21,59;166,18;X;site;2024-02-27;2024-02-27;2024-03-09;2024-03-12;R$ 9,77;Rapido Catarinense;Entregue;
PA-2024-03393;02/23/2024 06:05 PM;02/23/2024 07:25 PM;Pata Amiga Chapeco/SC;LJ-029;Efapi;Med.;DINHEIRO;5;0;0;5.3;428.10;32.96;395,14;SIM;App;2024-02-25;2024-02-26;2024-03-01;2024-03-04;17,31;TransPet Log;Entregue;pedido recorrente
PA-2024-03400;02/24/2024 01:07 AM;02/24/2024 01:57 AM;Pata Amiga Timbo;LJ-005;Araponguinhas;Medicamento;Credito;15;1;0;54.7;1.696,49;R$ 814,32;882,17;;App;2024-02-27;2024-02-29;2024-03-06;2024-03-07;116,80;Entrega Expressa SC;Entregue;embalagem para presente
PA-2024-03399;02/24/2024 01:38 AM;02/24/2024 01:58 AM;Pata Amiga Timbo;LJ-005;Capitais;Racao;pix;15;1;0;37,3;R$ 2.030,39;974.59;R$ 1.055,80;1;SITE;2024-02-26;2024-02-27;2024-03-02;;;Entrega Expressa SC;Despachado - em transito;
PA-2024-03415;02/24/2024 01:12 AM;02/24/2024 02:32 AM;Pata Amiga Indaial;;Encano;RACAO;vale pet;9;;n/d;10,8;R$ 965,14;R$ 463,27;;Sim;Loja Fisica;;;;;;;Retirada na loja;produto fora de linha - substituido
PA-2024-03385;02/23/2024 05:30 PM;02/24/2024 03:30 AM;Pata Amiga Indaial;;Nacoes;Racao Medicamentosa;Cartao de Debito;;0;1;6.8;127,45;15.80;R$ 111,65;SIM;APP;;;;;;;Pedido cancelado;aguardando confirmacao de estoque
PA-2024-03418;02/24/2024 03:05 AM;02/24/2024 03:40 AM;PATA AMIGA RIO DOS CEDROS;;;Medicamento;BOLETO;15;2;0;43.9;1447;694,61;R$ 752,50;S;APP;2024-02-27;2024-02-27;2024-03-11;2024-03-14;62,59;Rapido Catarinense;Entregue;pedido recorrente
PA-2024-03413;02/24/2024 03:40 AM;02/24/2024 04:00 AM;pata amiga indaial;LJ-006;Nacoes;MEDICAMENTO;vale pet;8;0;0;9,0;859,68;R$ 412,65;R$ 447,03;sim;loja fisica;;;;;;;Retirada na loja;
PA-2024-03422;02/24/2024 04:15 AM;02/24/2024 04:25 AM;PATA AMIGA JARAGUA DO SUL;LJ-014;Centro;Petiscos;pix;4;0;0;7.2;R$ 98,00;8,23;89.77;V;Loja Física;;;;;;;Retirada na loja;conferir endereco com o cliente
PA-2024-03421;02/24/2024 05:23 AM;02/24/2024 05:33 AM;Pata Amiga Rio dos cedros;;Centro;HIGIENE;vale pet;16;2;0;37,0;827,01;;430,05;true;App Pata Amiga;2024-02-28;2024-02-28;2024-03-11;2024-03-14;87.17;Rapido Catarinense;Entregue;
PA-2024-03414;02/24/2024 06:12 AM;02/24/2024 06:32 AM;Pata Amiga Indaial;LJ-006;Warnow;Racao;Especie;12;0;0;47.0;2142.01;R$ 1.028,16;1.113,85;SIM;SITE;2024-02-27;2024-02-27;2024-03-01;2024-03-02;124,21;Logistica Propria;Entregue;
PA-2024-03397;02/24/2024 06:30 AM;02/24/2024 06:50 AM;PATA AMIGA TIMBO;LJ-005;;Med.;dinheiro;9;1;0;18.0;984,80;472,70;512,10;sim;loja fisica;;;;;;;Retirada na loja;
PA-2024-03409;02/24/2024 07:15 AM;02/24/2024 07:25 AM;pata amiga indaial;;Encano;PETISCO;dinheiro;11;0;0;20.1;385;185,09;R$ 200,52;X;SITE;;;;;;;Pedido cancelado;pedido recorrente
PA-2024-03427;02/24/2024 07:47 AM;02/24/2024 08:07 AM;Pata Amiga Santo Amaro da Imperatriz;LJ-020;Sul do Rio;Racao Medicamentosa;Debito;6;0;2;4.6;867.06;218.50;648,56;1;App;2024-02-28;2024-02-29;2024-03-13;2024-03-15;13,96;Correios;Entregue;
PA-2024-03406;02/24/2024 08:30 AM;02/24/2024 09:50 AM;PATA AMIGA INDAIAL;LJ-006;Nacoes;Rac.;Cartao de Debito;8;1;0;25.7;1575.78;756.37;R$ 819,41;SIM;Loja Fisica;;;;;;;Retirada na loja;
PA-2024-03416;02/24/2024 12:07 AM;02/24/2024 10:07 AM;Pata Amiga Indaial;LJ-006;Nacoes;Racao;Credito;10;1;0;18.8;R$ 985,36;472.97;512.39;X;Telefone;2024-02-26;;;;;Entrega Expressa SC;Aguardando nota fiscal;cliente pediu entrega no periodo da tarde
PA-2024-03403;02/24/2024 09:47 AM;02/24/2024 11:07 AM;Pata Amiga Timbó;;Centro;Ração Medicamentosa;CARTAO DE CREDITO;9;0;;25.4;645.80;309,98;335,82;sim;App;2024-02-26;2024-02-27;2024-03-01;2024-03-02;50,73;Entrega Expressa SC;Entregue;aguardando confirmacao de estoque
PA-2024-03431;02/24/2024 10:00 AM;02/24/2024 12:00 PM;PATA AMIGA CURITIBANOS;;Centro;Servico;BOLETO;1;0;0;2.4;152,74;R$ 12,83;139.91;V;Loja Fisica;;;;;;;Retirada na loja;produto fora de linha - substituido
PA-2024-03405;02/24/2024 11:47 AM;02/24/2024 12:37 PM;Pata Amiga Timbó;LJ-005;Araponguinhas;RACAO;Dinheiro;2;0;2;3.6;R$ 374,81;R$ 179,91;194,90;Sim;App;2024-02-26;2024-02-26;2024-02-29;;;Rapido Catarinense;Despachado - em transito;aguardando confirmacao de estoque
PA-2024-03425;02/24/2024 12:40 PM;02/24/2024 01:15 PM;PATA AMIGA SANTO AMARO DA IMPERATRIZ;LJ-020;Centro;Ração;BOLETO;8;0;0;21.9;1032.06;260.08;R$ 771,98;SIM;App Pata Amiga;2024-02-26;2024-02-27;2024-03-11;2024-03-13;74.36;TransPet Log;Entregue;pedido recorrente
PA-2024-03424;02/24/2024 02:00 PM;02/24/2024 02:50 PM;Pata Amiga Santo Amaro da Imperatriz;LJ-020;Braco Sao Joao;Ração;Boleto;7;;0;26.5;1.570,75;395,83;1.174,92;SIM;app;2024-02-28;;;;;Logistica Propria;Aguardando nota fiscal;
PA-2024-03412;02/24/2024 02:50 PM;02/24/2024 03:00 PM;pata amiga indaial;LJ-006;Encano;Ração;DINHEIRO;13;0;0;18.7;R$ 2.414,51;1158;R$ 1.255,55;1;app;2024-02-26;2024-02-27;2024-03-02;;;Rapido Catarinense;Despachado - em transito;cliente pediu entrega no periodo da tarde
PA-2024-03419;02/24/2024 02:47 PM;02/24/2024 03:07 PM;Pata Amiga Rio Dos Cedros;;Centro;HIGIENE;Cartão de Débito;20;1;0;49.9;753,54;361,70;391;true;app;2024-02-29;2024-02-29;2024-03-07;2024-03-08;103;Logistica Propria;Entregue;pedido recorrente
PA-2024-03423;02/24/2024 03:05 PM;02/24/2024 03:40 PM;Pata Amiga Palhoca;LJ-019;Passa Vinte;PETISCO;vale pet;3;0;0;6.4;79,03;3,64;75;V;App Pata Amiga;2024-02-27;2024-02-27;2024-03-02;2024-03-03;R$ 15,67;TransPet Log;Entregue;cliente pediu entrega no periodo da tarde
PA-2024-03408;02/24/2024 06:38 AM;02/24/2024 04:38 PM;Pata Amiga Indaial;LJ-006;Encano;Petiscos;boleto;5;;0;2.5;123,56;R$ 59,31;64.25;true;whatsapp;2024-02-26;2024-02-27;2024-02-28;2024-03-02;9,48;Rapido Catarinense;Entregue;cliente pediu entrega no periodo da tarde
PA-2024-03401;02/24/2024 01:40 PM;02/24/2024 04:40 PM;PATA AMIGA TIMBO;LJ-005;Capitais;PETISCO;PIX;14;0;1;43.5;;158,93;172.17;SIM;telefone;2024-02-26;2024-02-27;2024-02-29;2024-03-03;127,74;Entrega Expressa SC;Entregue;pedido recorrente
PA-2024-03420;02/24/2024 05:15 PM;02/24/2024 06:05 PM;PATA AMIGA RIO DOS CEDROS;;Centro;Medicamentos;dinheiro;6;0;0;21.2;776.37;372,66;403,71;true;Loja Fisica;;;;;;;Retirada na loja;
PA-2024-03411;02/24/2024 01:52 PM;02/24/2024 06:52 PM;PATA AMIGA INDAIAL;LJ-006;Nacoes;Med.;Pix;15;2;0;28,0;1284;R$ 616,53;667.91;1;Site;2024-02-27;2024-02-28;;;;Entrega Expressa SC;Aguardando despacho;
PA-2024-03396;02/24/2024 06:55 PM;02/24/2024 07:30 PM;Pata Amiga Timbo;LJ-005;;higiene;PIX;11;0;0;10,0;507;243,62;R$ 263,93;true;loja fisica;;;;;;;Retirada na loja;
PA-2024-03429;02/24/2024 04:52 PM;02/24/2024 07:52 PM;pata amiga tubarao;LJ-022;Passagem;RACAO;Cartao de Credito;4;0;0;5.3;R$ 495,59;33;461,89;sim;App Pata Amiga;2024-02-26;2024-02-26;2024-02-28;2024-03-02;R$ 18,79;Rapido Catarinense;Entregue;
PA-2024-03398;02/24/2024 07:00 PM;02/24/2024 09:00 PM;Pata Amiga Timbó;;Centro;Racao;CARTAO DE CREDITO;-;2;0;19.6;;;1573.85;sim;Loja Física;;;;;;;Retirada na loja;embalagem para presente
PA-2024-03417;02/24/2024 08:38 PM;02/24/2024 09:28 PM;Pata Amiga Rio dos Cedros;LJ-012;Centro;RACAO;Cartão de Débito;9;0;0;28.9;1.339,75;643;696,67;1;site;2024-02-25;2024-02-26;2024-03-02;2024-03-06;71;TransPet Log;Entregue;
PA-2024-03428;02/24/2024 07:12 PM;02/24/2024 10:12 PM;pata amiga criciuma;LJ-021;Centro;Racao;boleto;2;0;0;7.5;285,82;6,29;279,53;sim;Loja Física;;;;;;;Retirada na loja;
PA-2024-03402;02/24/2024 08:55 PM;02/24/2024 10:55 PM;PATA AMIGA TIMBO;LJ-005;Centro;Racao Seca;CARTAO DE CREDITO;11;0;0;16.5;R$ 2.520,77;1209.97;R$ 1.310,80;Sim;loja fisica;;;;;;;Retirada na loja;
PA-2024-03410;02/24/2024 10:15 PM;02/24/2024 11:05 PM;Pata Amiga Indaial;LJ-006;Warnow;Petisco;CARTAO DE CREDITO;10;1;0;9.2;358,36;R$ 172,01;186,35;V;Site;2024-02-26;2024-02-27;2024-02-29;2024-03-02;R$ 15,51;Correios;Entregue;
PA-2024-03394;02/24/2024 10:38 PM;02/24/2024 11:28 PM;PATA AMIGA BLUMENAU CENTRO;;Velha;RACAO;Cartao de Debito;2;;0;6.6;195,21;3.51;191,70;sim;Loja Fisica;;;;;;;Retirada na loja;
PA-2024-03432;02/24/2024 06:55 PM;02/24/2024 11:55 PM;pata amiga chapeco;;Centro;SERVICO;BOLETO;2;0;;7.3;314,34;R$ 4,72;R$ 309,62;Sim;App;2024-02-25;2024-02-26;2024-02-29;;;Logistica Propria;Despachado - em transito;
PA-2024-03407;02/24/2024 10:10 PM;02/25/2024 12:10 AM;Pata Amiga Indaial;;Nacoes;Racao Seca;BOLETO;10;0;0;19.4;2.132,68;R$ 1.023,69;1108;X;site;2024-02-26;2024-02-26;2024-03-01;2024-03-03;44;Entrega Expressa SC;Entregue;produto fora de linha - substituido
PA-2024-03445;02/25/2024 12:05 AM;02/25/2024 12:55 AM;Pata Amiga Rio dos cedros;;Palmeiras;racao;CARTAO DE DEBITO;10;;0;14.4;2187.80;R$ 470,38;R$ 1.717,42;1;;;;;;;;Retirada na loja;
PA-2024-03404;02/24/2024 03:47 PM;02/25/2024 01:47 AM;Pata Amiga Timbo;LJ-005;Araponguinhas;RACAO;Cartão de Crédito;9;0;0;14.4;1.027,68;R$ 493,29;534;Sim;Site;2024-02-27;2024-02-27;2024-02-28;2024-03-01;52.90;Correios;Entregue;
PA-2024-03395;02/24/2024 10:07 PM;02/25/2024 03:07 AM;Pata Amiga Rio do Sul;;Centro;Brinquedos;Pix;2;0;0;1,6;151,90;0.00;151,90;Não;app;2024-02-26;2024-02-26;2024-03-03;2024-03-04;8;TransPet Log;Entregue;
PA-2024-03426;02/24/2024 10:47 PM;02/25/2024 03:47 AM;PATA AMIGA SANTO AMARO DA IMPERATRIZ;LJ-020;Centro;Higiene e Beleza;Pix;9;1;0;17.7;R$ 342,67;;256.32;true;Site;2024-02-28;2024-02-29;2024-03-02;2024-03-05;47.71;Rapido Catarinense;Entregue;conferir endereco com o cliente
PA-2024-03433;02/25/2024 03:23 AM;02/25/2024 04:43 AM;Pata Amiga Blumenau Centro;;Velha;HIGIENE;DINHEIRO;1;;0;1.5;R$ 33,61;5,81;R$ 27,80;true;App;2024-02-26;2024-02-27;2024-03-01;2024-03-02;R$ 9,44;Entrega Expressa SC;Entregue;
PA-2024-03442;02/25/2024 04:15 AM;02/25/2024 04:50 AM;pata amiga gaspar;;Figueira;medicamento;Especie;4;0;0;6.5;532,01;92.04;439,97;X;SITE;2024-02-27;2024-02-28;2024-02-29;2024-03-02;22,57;Correios;Entregue;produto fora de linha - substituido
PA-2024-03448;02/25/2024 05:25 AM;02/25/2024 06:15 AM;Pata Amiga Tubarão;LJ-022;Oficinas;MEDICAMENTO;boleto;3;0;0;3.9;435,80;37.91;397;SIM;loja fisica;;;;;;;Retirada na loja;aguardando confirmacao de estoque
PA-2024-03439;02/25/2024 06:23 AM;02/25/2024 06:33 AM;PATA AMIGA TIMBO;;Araponguinhas;Racao Seca;VALE PET;5;0;0;15.9;750.08;161,27;588,81;true;APP;2024-02-27;2024-02-27;2024-03-01;2024-03-03;55;Rapido Catarinense;Entregue;pedido recorrente
PA-2024-03430;02/24/2024 10:00 PM;02/25/2024 08:00 AM;pata amiga lages;LJ-025;Centro;PETISCO;PIX;3;0;0;1.9;119,64;10;109.59;sim;whatsapp;2024-02-28;2024-02-28;2024-03-01;2024-03-02;-;TransPet Log;Entregue;conferir endereco com o cliente
PA-2024-03449;02/25/2024 02:35 AM;02/25/2024 12:35 PM;Pata Amiga Ararangua;LJ-023;Centro;Hig.;Especie;3;0;0;1.3;145,25;1.60;143;true;LOJA FISICA;;;;;;;Retirada na loja;pedido recorrente
PA-2024-03444;02/25/2024 12:20 PM;02/25/2024 12:55 PM;Pata Amiga Rio dos Cedros;LJ-012;Palmeiras;RAÇÃO;Boleto;8;;0;28,7;R$ 1.342,05;288.54;1.053,51;1;site;2024-02-28;2024-03-01;2024-03-10;2024-03-11;37,22;Rapido Catarinense;Entregue;
PA-2024-03446;02/25/2024 11:45 AM;02/25/2024 01:45 PM;Pata Amiga Jaraguá do Sul;LJ-014;Centro;racao;Credito;2;0;0;5.2;R$ 442,88;2,66;R$ 440,22;SIM;App;2024-02-26;;;;;TransPet Log;Aguardando nota fiscal;
PA-2024-03443;02/25/2024 04:23 PM;02/25/2024 05:13 PM;PATA AMIGA IBIRAMA;;Bela Alianca;petisco;DINHEIRO;;0;;4.1;78,83;R$ 0,00;78.83;Não;app;2024-02-27;2024-02-28;2024-03-07;2024-03-10;R$ 10,51;Entrega Expressa SC;Entregue;
PA-2024-03437;02/25/2024 08:15 AM;02/25/2024 06:15 PM; Pata Amiga Brusque;;Limeira;BRINQUEDO;CARTAO DE DEBITO;2;0;0;3,0;98,14;0,00;98,14;F;Loja Fisica;;;;;;;Retirada na loja;
PA-2024-03450;02/25/2024 05:23 PM;02/25/2024 07:23 PM;pata amiga laguna;LJ-024;Centro;acessorio;CARTAO DE DEBITO;;0;0;6,5;392.80;R$ 34,17;358.63;1;app;2024-02-27;2024-02-28;2024-03-02;2024-03-03;R$ 13,70;Entrega Expressa SC;Entregue;
PA-2024-03438;02/25/2024 07:10 PM;02/25/2024 07:45 PM;PATA AMIGA TIMBO;LJ-005;Araponguinhas;RAÇÃO;Especie;2;0;0;4.0;301,79;64.88;236,91;SIM;telefone;2024-02-26;2024-02-27;2024-03-01;2024-03-03;14;TransPet Log;Entregue;
PA-2024-03435;02/25/2024 07:00 PM;02/25/2024 08:20 PM;pata amiga blumenau centro;LJ-001;Garcia;RAÇÃO;Especie;7;0;2;7,4;;172,07;R$ 822,56;SIM;telefone;2024-02-26;2024-02-26;;;;TransPet Log;Aguardando despacho;
PA-2024-03447;02/25/2024 03:52 PM;02/25/2024 08:52 PM;Pata Amiga Florianopolis Norte/SC;LJ-017;Costeira;Brinquedos;Cartão de Débito;1;;0;2.2;48,29;0.24;R$ 48,05;sim;site;2024-02-26;2024-02-26;2024-02-29;2024-03-03;10,69;Rapido Catarinense;Entregue;
PA-2024-03434;02/25/2024 08:38 PM;02/25/2024 08:58 PM;Pata Amiga Blumenau Centro;LJ-001;Ribeirao Fresco;Medicamentos;VALE PET;6;0;2;12.3;R$ 606,28;104,89;501,39;V;App;2024-02-27;2024-02-28;2024-03-03;2024-03-04;22;TransPet Log;Entregue;
PA-2024-03441;02/25/2024 09:10 PM;02/25/2024 09:45 PM;pata amiga gaspar;;Figueira;HIGIENE;Vale Pet;5;0;0;15,6;130,59;R$ 22,59;108.00;1;Site;2024-02-28;2024-02-28;2024-03-02;2024-03-04;;TransPet Log;Entregue;produto fora de linha - substituido
PA-2024-03440;02/25/2024 08:00 PM;02/25/2024 11:00 PM;pata amiga indaial;;Warnow;Rac.;Cartão de Débito;6;0;;7.1;R$ 938,90;201,86;737;sim;whatsapp;2024-02-27;2024-02-28;2024-02-29;2024-03-02;R$ 24,72;Entrega Expressa SC;Entregue;conferir endereco com o cliente
PA-2024-03436;02/25/2024 09:47 PM;02/25/2024 11:07 PM;Pata Amiga Blumenau Centro/SC;LJ-001;Fortaleza;servico;Cartao de Debito;1;0;0;2,9;98;17.03;R$ 81,43;X;Whatsapp;2024-02-27;2024-02-27;;;;Entrega Expressa SC;Aguardando despacho;embalagem para presente
PA-2024-03451;02/26/2024 01:47 AM;02/26/2024 04:47 AM;Pata Amiga Itajai Praia;LJ-003;Cordeiros;Brinquedo;Debito;1;0;0;2,3;51;R$ 0,00;51;Não;WHATSAPP;2024-02-28;2024-02-29;2024-03-02;2024-03-04;11,10;Entrega Expressa SC;Entregue;aguardando confirmacao de estoque
PA-2024-03455;02/26/2024 03:30 AM;02/26/2024 05:30 AM;pata amiga ibirama;LJ-011;Centro;RACAO;Vale Pet;-;0;0;8.4;R$ 515,35;R$ 31,95;R$ 483,40;Sim;telefone;2024-02-29;2024-03-01;2024-03-07;2024-03-11;R$ 28,85;Entrega Expressa SC;Entregue;cliente pediu entrega no periodo da tarde
PA-2024-03452;02/26/2024 04:55 AM;02/26/2024 05:45 AM;PATA AMIGA BRUSQUE;LJ-004;Limeira;RAÇÃO;BOLETO;3;0;0;4.3;R$ 515,61;R$ 0,00;515.61;N;app;2024-02-27;2024-02-27;2024-02-29;2024-03-02;10,75;Entrega Expressa SC;Entregue;
PA-2024-03453;02/26/2024 11:55 AM;02/26/2024 12:45 PM;Pata Amiga Presidente Getúlio;;Fundo Canoas;Brinquedos;Cartao de Debito;3;0;0;6,4;R$ 202,87;12;190.29;true;APP;2024-03-02;2024-03-03;2024-03-10;2024-03-12;24;Rapido Catarinense;Entregue;
PA-2024-03457;02/26/2024 02:05 PM;02/26/2024 02:55 PM;Pata Amiga Criciuma/SC;;Centro;Med.;CARTAO DE CREDITO;2;0;0;0,8;250,11;R$ 39,77;210,34;Sim;APP;2024-02-28;2024-02-28;2024-03-03;2024-03-05;R$ 6,69;Correios;Entregue;conferir endereco com o cliente
PA-2024-03456;02/26/2024 01:40 PM;02/26/2024 11:40 PM;Pata Amiga Jaraguá do Sul;;Centro;Petisco;Debito;1;0;0;1.8;R$ 39,31;R$ 0,00;39;;WhatsApp;2024-02-28;2024-02-29;2024-03-04;2024-03-06;7.09;TransPet Log;Entregue;embalagem para presente
PA-2024-03459;02/26/2024 09:10 PM;02/27/2024 12:10 AM;pata amiga criciuma;;;Acessório;VALE PET;7;0;0;14.1;639;101,66;537,71;S;site;2024-03-01;2024-03-02;;;;Entrega Expressa SC;Aguardando despacho;
PA-2024-03454;02/26/2024 10:15 PM;02/27/2024 01:15 AM;Pata Amiga Ituporanga;LJ-010;Centro;petisco;Debito;7;1;0;22,0;327,69;36,37;R$ 291,32;true;site;2024-02-28;2024-03-01;2024-03-15;2024-03-18;R$ 47,62;Rapido Catarinense;Entregue;
PA-2024-03458;02/26/2024 11:55 PM;02/27/2024 01:55 AM;Pata Amiga Criciuma;LJ-021;Centro;Racao Seca;Boleto;6;0;1;17,5;1093.56;173;919.68;1;App;2024-02-29;2024-03-01;2024-03-03;2024-03-06;R$ 49,32;Correios;Entregue;pedido recorrente
PA-2024-03461;02/27/2024 02:47 AM;02/27/2024 03:07 AM;Pata Amiga Blumenau Centro/SC;;Velha;Brinquedos;CARTAO DE DEBITO;7;0;0;12,5;426,24;66.07;R$ 360,17;true;site;;;;;;;Pedido cancelado;cliente pediu entrega no periodo da tarde
PA-2024-03463;02/27/2024 12:15 AM;02/27/2024 03:15 AM;Pata Amiga Blumenau Centro;LJ-001;Ribeirao Fresco;Servico;Pix;4;0;0;9,0;328,96;50,99;R$ 277,97;X;Site;2024-02-29;2024-03-01;2024-03-03;2024-03-06;R$ 15,97;Rapido Catarinense;Entregue;cliente pediu entrega no periodo da tarde
PA-2024-03472;02/27/2024 02:07 AM;02/27/2024 03:27 AM;PATA AMIGA ARARANGUA;LJ-023;Cidade Alta;PETISCO;VALE PET;8;0;0;16,7;299;R$ 95,58;R$ 204,05;sim;site;2024-02-28;2024-02-29;2024-03-02;2024-03-03;37,87;TransPet Log;Entregue;
PA-2024-03464;02/27/2024 04:07 AM;02/27/2024 07:07 AM;Pata Amiga Rio Do Sul;LJ-002;Laranjeiras;petisco;DINHEIRO;2;n/d;0;7.0;R$ 51,61;4,23;47.38;SIM;WhatsApp;2024-02-29;2024-02-29;2024-03-05;2024-03-06;20,99;TransPet Log;Entregue;
PA-2024-03471;02/27/2024 02:07 AM;02/27/2024 07:07 AM;Pata Amiga Ararangua;;Cidade Alta;Petiscos;pix;7;0;0;21.9;150,21;47;102;1;App Pata Amiga;2024-02-29;2024-03-01;2024-03-02;2024-03-05;71.15;Correios;Entregue;
PA-2024-03460;02/27/2024 08:40 AM;02/27/2024 08:50 AM;Pata Amiga Blumenau Centro/SC;LJ-001;Ribeirao Fresco;Medicamentos;boleto;5;0;;12,3;717,32;R$ 111,18;606,14;V;Loja Física;;;;;;;Retirada na loja;aguardando confirmacao de estoque
PA-2024-03470;02/27/2024 10:07 AM;02/27/2024 10:42 AM;Pata Amiga Criciúma;LJ-021;Prospera;Rac.;PIX;5;0;;13,8;572,31;R$ 44,64;527,67;SIM;App Pata Amiga;2024-03-01;2024-03-01;;;;Logistica Propria;Aguardando despacho;
PA-2024-03474;02/27/2024 11:35 AM;02/27/2024 01:35 PM;PATA AMIGA LAGES;;Coral;RACAO;pix;3;0;0;10.3;R$ 610,31;0.00;610,31;nao;App Pata Amiga;2024-02-29;2024-02-29;2024-03-02;2024-03-04;16,89;TransPet Log;Entregue;
PA-2024-03466;02/27/2024 02:23 PM;02/27/2024 04:23 PM;pata amiga gaspar;;Gasparinho;Acessório;BOLETO;5;;0;19,6;359,03;R$ 55,65;303,38;X;app;2024-03-01;2024-03-01;2024-03-05;2024-03-07;35,27;Correios;Entregue;
PA-2024-03468;02/27/2024 04:23 PM;02/27/2024 04:43 PM;Pata Amiga Florianópolis Norte;LJ-017;Saco Grande;Racao Medicamentosa;vale pet;5;0;0;7.8;357,52;24,31;333,21;1;app;2024-02-29;2024-03-01;2024-03-04;2024-03-05;13,90;Logistica Propria;Entregue;produto fora de linha - substituido
PA-2024-03469;02/27/2024 03:10 PM;02/27/2024 05:10 PM;PATA AMIGA SANTO AMARO DA IMPERATRIZ;;Sul do Rio;SERVICO;PIX;4;0;;10,0;710,94;72;638;Sim;WhatsApp;2024-03-02;2024-03-02;2024-03-03;2024-03-06;16,17;Rapido Catarinense;Entregue;
PA-2024-03467;02/27/2024 04:30 PM;02/27/2024 05:20 PM;Pata Amiga Jaragua Do Sul;;Jaragua Esquerdo;Medicamentos;Boleto;3;;0;8.8;R$ 254,94;R$ 0,00;254,94;N;Loja Fisica;;;;;;;Retirada na loja;
PA-2024-03473;02/27/2024 03:25 PM;02/27/2024 05:25 PM;Pata Amiga Laguna;LJ-024;Magalhaes;medicamento;boleto;5;0;0;6,2;575,96;103,67;472,29;true;Loja Fisica;;;;;;;Retirada na loja;
PA-2024-03465;02/27/2024 10:15 PM;02/27/2024 11:35 PM;Pata Amiga Gaspar;LJ-007;Poco Grande;Higiene e Beleza;pix;3;0;0;7,6;162,60;25,20;137,40;;App;;;;;;;Pedido cancelado;pedido recorrente
PA-2024-03462;02/27/2024 04:15 PM;02/28/2024 02:15 AM;Pata Amiga Blumenau Centro;;Ribeirao Fresco;Hig.;pix;3;0;0;8,7;94,66;14.67;R$ 79,99;V;APP;2024-02-29;2024-02-29;2024-03-05;2024-03-07;17.30;TransPet Log;Entregue;pedido recorrente
PA-2024-03483;02/28/2024 01:40 AM;02/28/2024 02:15 AM;Pata Amiga Jaragua do Sul;;Jaragua Esquerdo;Medicamentos;Vale Pet;5;0;0;6,5;R$ 587,83;106,40;481.43;sim;App;2024-03-02;2024-03-03;2024-03-08;2024-03-10;R$ 23,24;TransPet Log;Entregue;
PA-2024-03485;02/28/2024 03:00 AM;02/28/2024 03:50 AM;Pata Amiga São Bento do Sul;LJ-015;Serra Alta;Racao Medicamentosa;CARTAO DE CREDITO;7;0;0;23.2;514,82;64.35;450;Sim;APP;;;;;;;Pedido cancelado;
PA-2024-03490;02/28/2024 04:20 AM;02/28/2024 05:40 AM;PATA AMIGA FLORIANOPOLIS NORTE;;Rio Vermelho;petisco;dinheiro;5;0;0;17.7;233,52;R$ 65,85;167;S;;;;;;;;Retirada na loja;conferir endereco com o cliente
PA-2024-03477;02/28/2024 06:07 AM;02/28/2024 06:57 AM;Pata Amiga Rio Do Sul;;Barragem;PETISCO;Cartão de Débito;4;0;0;10.0;209;41.30;168.35;V;Telefone;2024-02-29;2024-02-29;2024-03-04;2024-03-05;17,96;Logistica Propria;Entregue;pedido recorrente
PA-2024-03489;02/28/2024 04:52 AM;02/28/2024 09:52 AM;Pata Amiga Florianopolis Norte;LJ-017;Saco Grande;petisco;Pix;12;0;0;11.7;R$ 298,26;R$ 84,11;R$ 214,15;sim;app;;;;;;;Pedido cancelado;produto fora de linha - substituido
PA-2024-03495;02/28/2024 09:10 AM;02/28/2024 11:10 AM;Pata Amiga Santo Amaro da Imperatriz;;Braco Sao Joao;Acessório;Pix;-;0;;2,5;63,42;0,06;63,36;sim;App;2024-03-02;2024-03-03;2024-03-11;2024-03-13;13.07;Logistica Propria;Entregue;
PA-2024-03484;02/28/2024 10:38 AM;02/28/2024 11:28 AM;Pata Amiga Jaraguá do Sul;LJ-014;Jaragua Esquerdo;Servicos;Dinheiro;;0;1;3.6;133;R$ 24,23;109.63;1;Tel.;2024-03-02;2024-03-02;;;;TransPet Log;Aguardando despacho;
PA-2024-03481;02/28/2024 10:47 AM;02/28/2024 12:07 PM;pata amiga joinville sul;;Jarivatuba;Petisco;Cartão de Débito;5;0;2;14,5;118.80;14;103,95;SIM;LOJA FISICA;;;;;;;Retirada na loja;
PA-2024-03498;02/28/2024 04:55 AM;02/28/2024 02:55 PM;Pata Amiga Xanxerê;;Bela Vista;Petisco;BOLETO;2;-;1;1.4;90.18;R$ 0,99;89;SIM;App Pata Amiga;2024-03-01;2024-03-01;2024-03-04;2024-03-06;-;Rapido Catarinense;Entregue;
PA-2024-03480;02/28/2024 12:40 PM;02/28/2024 03:40 PM;pata amiga joinville sul;LJ-013;Boa Vista;PETISCO;BOLETO;2;0;1;7.9;R$ 61,56;R$ 7,70;53,86;sim;WHATSAPP;2024-03-01;;;;;TransPet Log;Aguardando nota fiscal;cliente pediu entrega no periodo da tarde
PA-2024-03475;02/28/2024 07:35 AM;02/28/2024 05:35 PM;Pata Amiga Blumenau Centro;LJ-001;Progresso;medicamento;Cartão de Débito;2;0;0;8,3;R$ 203,95;0,00;R$ 203,95;F;App;2024-03-02;2024-03-03;2024-03-07;2024-03-10;31,46;Rapido Catarinense;Entregue;pedido recorrente
PA-2024-03497;02/28/2024 05:38 PM;02/28/2024 06:13 PM;Pata Amiga Concordia;;Centro;Medicamentos;PIX;3;0;0;12.2;296;3,26;293,30;sim;app;2024-03-01;;;;;Rapido Catarinense;Aguardando nota fiscal;
PA-2024-03487;02/28/2024 05:55 PM;02/28/2024 06:15 PM;Pata Amiga Florianopolis Norte;;Saco Grande;PETISCO;Pix;5;0;0;15.2;130,67;36.85;R$ 93,82;S;;2024-03-01;2024-03-01;2024-03-04;2024-03-07;R$ 45,63;Logistica Propria;Entregue;pedido recorrente
PA-2024-03488;02/28/2024 05:12 PM;02/28/2024 06:32 PM;Pata Amiga Florianópolis Norte;LJ-017;Trindade;Racao;dinheiro;3;0;0;10.1;680.87;R$ 192,01;488;;loja fisica;;;;;;;Retirada na loja;
PA-2024-03493;02/28/2024 08:47 AM;02/28/2024 06:47 PM;Pata Amiga Florianopolis Norte/SC;LJ-017;Trindade;petisco;PIX;11;0;0;15,7;335,63;94.65;240,98;V;loja fisica;;;;;;;Retirada na loja;embalagem para presente
PA-2024-03491;02/28/2024 07:40 PM;02/28/2024 08:15 PM;PATA AMIGA FLORIANOPOLIS NORTE;LJ-017;Ingleses;RAÇÃO;DINHEIRO;9;1;0;8,7;1.262,74;356,09;R$ 906,65;V;Tel.;2024-03-02;2024-03-02;2024-03-03;2024-03-04;26,18;TransPet Log;Entregue;
PA-2024-03482;02/28/2024 08:55 PM;02/28/2024 09:45 PM;Pata Amiga Joinville Sul;;Vila Nova;Petisco;CARTAO DE DEBITO;6;0;0;7.0;R$ 130,01;16,25;R$ 113,76;Sim;Site;2024-02-29;2024-02-29;2024-03-03;2024-03-05;28.19;Correios;Entregue;produto fora de linha - substituido
PA-2024-03496;02/28/2024 12:52 PM;02/28/2024 10:52 PM;Pata Amiga Chapecó;LJ-029;Efapi;Brinquedos;Pix;1;;0;3.0;60.92;0.67;R$ 60,25;sim;Loja Fisica;;;;;;;Retirada na loja;pedido recorrente
PA-2024-03486;02/28/2024 11:35 PM;02/28/2024 11:45 PM;Pata Amiga Itapoá;;Balneario Itapoa;Racao Seca;vale pet;7;1;n/d;24.2;R$ 1.125,06;R$ 140,63;R$ 984,43;;SITE;2024-03-03;2024-03-03;2024-03-07;2024-03-10;R$ 36,77;Entrega Expressa SC;Entregue;cliente pediu entrega no periodo da tarde
PA-2024-03478;02/28/2024 08:55 PM;02/28/2024 11:55 PM;pata amiga brusque;;Aguas Claras;servico;Pix;4;0;0;9,0;R$ 304,84;R$ 11,58;293;sim;WHATSAPP;2024-02-29;2024-02-29;2024-03-02;2024-03-04;R$ 22,72;TransPet Log;Entregue;cliente pediu entrega no periodo da tarde
PA-2024-03476;02/28/2024 09:10 PM;02/29/2024 12:10 AM;Pata Amiga Rio Do Sul;;Budag;Serviço;vale pet;7;0;0;21.6;R$ 657,30;R$ 129,49;527,81;SIM;site;2024-03-02;2024-03-03;2024-03-09;2024-03-12;51;Entrega Expressa SC;Entregue;
PA-2024-03479;02/28/2024 07:23 PM;02/29/2024 12:23 AM;PATA AMIGA JOINVILLE SUL;LJ-013;Boa Vista;Hig.;Especie;8;1;0;14.6;229.41;28;200,73;V;LOJA FISICA;;;;;;;Retirada na loja;
PA-2024-03514;02/29/2024 01:40 AM;02/29/2024 01:50 AM;Pata Amiga Laguna/SC;;Magalhaes;petisco;vale pet;9;1;0;22,5;R$ 209,68;R$ 41,31;R$ 168,37;1;App;2024-03-03;2024-03-04;2024-03-06;;;Entrega Expressa SC;Despachado - em transito;
PA-2024-03512;02/29/2024 05:47 AM;02/29/2024 06:22 AM;Pata Amiga Araranguá;LJ-023;Centro;Higiene e Beleza;CARTAO DE DEBITO;2;0;2;7.5;61,74;13,71;R$ 48,03;1;SITE;2024-03-02;2024-03-02;2024-03-06;2024-03-10;22;Rapido Catarinense;Entregue;aguardando confirmacao de estoque
PA-2024-03494;02/28/2024 08:47 PM;02/29/2024 06:47 AM;Pata Amiga Palhoça;;Pagani;Medicamentos;CARTAO DE DEBITO;3;0;;9,2;369,11;0;369,11;0;Site;2024-03-02;2024-03-03;2024-03-05;2024-03-06;R$ 34,56;TransPet Log;Entregue;cliente pediu entrega no periodo da tarde
PA-2024-03492;02/28/2024 09:10 PM;02/29/2024 07:10 AM;Pata Amiga Florianopolis Norte/SC;LJ-017;Costeira;racao;Credito;3;;n/d;5.4;611,51;172,45;439,06;V;App Pata Amiga;2024-03-03;2024-03-04;2024-03-08;2024-03-10;18;Entrega Expressa SC;Entregue;produto fora de linha - substituido
PA-2024-03501;02/29/2024 08:00 AM;02/29/2024 08:10 AM;PATA AMIGA BRUSQUE;;Dom Joaquim;servico;Dinheiro;1;0;0;1.9;R$ 112,41;0,00;R$ 112,41;N;Site;2024-03-03;2024-03-04;2024-03-05;2024-03-07;R$ 10,43;Entrega Expressa SC;Entregue;aguardando confirmacao de estoque
PA-2024-03516;02/29/2024 07:55 AM;02/29/2024 08:15 AM;PATA AMIGA CURITIBANOS;LJ-028;Centro;Acessorios;CARTAO DE DEBITO;4;0;0;9.3;255,78;13,56;242.22;X;SITE;2024-03-01;2024-03-02;2024-03-04;2024-03-07;28,52;Rapido Catarinense;Entregue;
PA-2024-03513;02/29/2024 06:55 AM;02/29/2024 09:55 AM;Pata Amiga Araranguá;LJ-023;Urussanguinha;Ração;Boleto;;0;2;33.7;1.419,03;315,02;1.104,01;S;LOJA FISICA;;;;;;;Retirada na loja;
PA-2024-03509;02/29/2024 08:05 AM;02/29/2024 10:05 AM;Pata Amiga Tubarao;LJ-022;Passagem;Higiene;vale pet;5;0;0;6.3;R$ 204,60;40,31;164,29;;WHATSAPP;2024-03-02;2024-03-02;2024-03-07;2024-03-09;R$ 19,81;Rapido Catarinense;Entregue;
PA-2024-03500;02/29/2024 09:52 AM;02/29/2024 10:27 AM;Pata Amiga Itajai Praia;LJ-003;Cordeiros;Rac.;Pix;;0;1;3,0;217,27;0,00;217.27;nao;;2024-03-02;2024-03-03;2024-03-07;2024-03-09;10,59;Entrega Expressa SC;Entregue;pedido recorrente
PA-2024-03499;02/29/2024 10:40 AM;02/29/2024 11:00 AM;Pata Amiga Blumenal Centro;LJ-001;Ribeirao Fresco;Brinquedos;BOLETO;3;0;0;5,7;99.44;0;99,44;Não;Site;2024-03-01;2024-03-01;2024-03-03;2024-03-05;13,31;TransPet Log;Entregue;
PA-2024-03503;02/29/2024 12:47 PM;02/29/2024 12:57 PM;pata amiga ibirama;LJ-011;Centro;petisco;DINHEIRO;2;0;N/I;3.5;R$ 72,44;5,72;66;Sim;SITE;2024-03-02;2024-03-02;2024-03-09;2024-03-13;10.19;Correios;Entregue;cliente pediu entrega no periodo da tarde
PA-2024-03511;02/29/2024 08:47 AM;02/29/2024 01:47 PM;Pata Amiga Ararangua;;Urussanguinha;RACAO;Credito;8;1;0;29.9;R$ 1.811,08;402;1.409,02;X;WhatsApp;2024-03-02;2024-03-03;2024-03-07;2024-03-10;101,35;Correios;Entregue;
PA-2024-03506;02/29/2024 12:47 PM;02/29/2024 02:07 PM;Pata Amiga Palhoça;;Guarda do Cubatao;Ração Medicamentosa;CARTAO DE CREDITO;1;0;0;3,4;80,14;0,00;80.14;NAO;APP;2024-03-01;2024-03-02;;;;TransPet Log;Aguardando despacho;
PA-2024-03502;02/29/2024 02:40 PM;02/29/2024 03:30 PM; Pata Amiga Gaspar;LJ-007;Bela Vista;Higiene;DINHEIRO;1;n/d;0;4,1;R$ 55,85;R$ 0,00;55,85;false;SITE;2024-03-01;2024-03-01;2024-03-05;2024-03-07;R$ 15,96;Logistica Propria;Entregue;
PA-2024-03510;02/29/2024 05:55 AM;02/29/2024 03:55 PM;pata amiga araranguá;LJ-023;Cidade Alta;Racao Medicamentosa;PIX;;0;0;7.1;950,05;210,91;R$ 739,14;X;site;2024-03-02;2024-03-02;2024-03-03;2024-03-06;R$ 28,57;TransPet Log;Entregue;embalagem para presente
PA-2024-03505;02/29/2024 02:05 PM;02/29/2024 05:05 PM;Pata Amiga São Bento do Sul;LJ-015;Serra Alta;Racao;Cartão de Débito;3;0;0;11.3;643,87;28.33;R$ 615,54;X;Site;2024-03-02;2024-03-02;2024-03-06;2024-03-09;26,52;Correios;Entregue;aguardando confirmacao de estoque
PA-2024-03515;02/29/2024 05:20 PM;02/29/2024 05:40 PM;PATA AMIGA LAGES;LJ-025;Coral;Hig.;VALE PET;2;0;0;2,0;111,73;5,92;105,81;true;App Pata Amiga;2024-03-01;2024-03-01;2024-03-03;2024-03-04;9;Entrega Expressa SC;Entregue;produto fora de linha - substituido
PA-2024-03508;02/29/2024 07:45 PM;02/29/2024 07:55 PM;PATA AMIGA TUBARAO;;Humaita;Med.;Cartao de Debito;4;0;0;16.4;456,44;89,92;R$ 366,52;;TELEFONE;;;;;;;Pedido cancelado;pedido recorrente
PA-2024-03517;02/29/2024 10:20 PM;02/29/2024 10:40 PM;Pata Amiga Chapeco/SC;;Efapi;Rac.;vale pet;2;0;0;8,1;394.84;0,00;R$ 394,84;N;site;2024-03-03;2024-03-03;;;;Correios;Aguardando despacho;pedido recorrente
PA-2024-03507;02/29/2024 06:40 PM;02/29/2024 11:40 PM;PATA AMIGA SANTO AMARO DA IMPERATRIZ;LJ-020;Sul do Rio;brinquedo;CARTAO DE DEBITO;2;0;0;7.0;79,47;11,92;67,55;Sim;Whatsapp;2024-03-03;2024-03-03;2024-03-15;;;TransPet Log;Despachado - em transito;produto fora de linha - substituido
PA-2024-03504;02/29/2024 11:55 PM;03/01/2024 12:15 AM;Pata Amiga Rio Dos Cedros;LJ-012;Centro;RACAO;Dinheiro;3;0;0;3.7;448.35;R$ 23,76;424,59;X;LOJA FISICA;;;;;;;Retirada na loja;
PA-2024-03523;03/01/2024 06:00 AM;03/01/2024 07:20 AM; Pata Amiga Gaspar;LJ-007;Bela Vista;Servico;boleto;6;;0;3.3;816.57;75.12;741,45;Sim;Site;2024-03-02;;;;;Correios;Aguardando nota fiscal;
PA-2024-03526;03/01/2024 08:10 AM;03/01/2024 10:10 AM;Pata Amiga Concórdia;LJ-030;Nacoes;Servicos;Credito;1;0;0;0,7;R$ 162,70;15,62;147;Sim;APP;2024-03-03;2024-03-03;2024-03-06;2024-03-09;5,91;Correios;Entregue;
PA-2024-03522;03/01/2024 10:47 AM;03/01/2024 11:22 AM;Pata Amiga Timbó;LJ-005;Capitais;Hig.;Pix;1;0;0;2.8;34.36;R$ 0,45;R$ 33,91;Sim;site;2024-03-02;;;;;Entrega Expressa SC;Aguardando nota fiscal;conferir endereco com o cliente
PA-2024-03524;03/01/2024 02:20 AM;03/01/2024 12:20 PM;Pata Amiga Joinville Sul/SC;LJ-013;Costa e Silva;Higiene e Beleza;boleto;2;0;0;4.4;R$ 84,35;0;84.27;V;;2024-03-03;2024-03-03;2024-03-06;;;Entrega Expressa SC;Despachado - em transito;pedido recorrente
PA-2024-03519;03/01/2024 12:25 PM;03/01/2024 12:35 PM;pata amiga blumenau centro;;Vorstadt;Racao Seca;Especie;-;0;0;3.5;R$ 382,76;35,21;R$ 347,55;1;TELEFONE;2024-03-02;2024-03-02;2024-03-05;2024-03-06;10,40;TransPet Log;Entregue;embalagem para presente
PA-2024-03520;03/01/2024 06:30 PM;03/01/2024 06:50 PM;PATA AMIGA RIO DO SUL;LJ-002;Laranjeiras;PETISCO;vale pet;1;0;0;3.0;R$ 47,32;0;R$ 47,32;F;App Pata Amiga;2024-03-03;2024-03-04;2024-03-08;;;Rapido Catarinense;Despachado - em transito;aguardando confirmacao de estoque
PA-2024-03521;03/01/2024 06:55 PM;03/01/2024 07:45 PM;Pata Amiga Itajai Praia/SC;LJ-003;Fazenda;HIGIENE;boleto;1;0;0;1,5;R$ 48,04;R$ 0,00;48,04;0;;2024-03-02;2024-03-03;2024-03-07;2024-03-09;9.59;Rapido Catarinense;Entregue;pedido recorrente
PA-2024-03518;03/01/2024 11:35 AM;03/01/2024 09:35 PM;Pata Amiga Blumenal Centro;;Vorstadt;Rac.;Credito;4;0;0;11.7;638,94;R$ 58,78;580,16;X;Loja Física;;;;;;;Retirada na loja;
PA-2024-03525;03/01/2024 07:07 PM;03/02/2024 05:07 AM;Pata Amiga Araranguá;;Urussanguinha;Brinquedos;Pix;2;0;0;1.0;R$ 119,39;0,00;-;false;app;2024-03-05;2024-03-05;2024-03-10;2024-03-13;8,30;Correios;Entregue;
PA-2024-03534;03/02/2024 05:00 AM;03/02/2024 05:35 AM;PATA AMIGA SAO JOSE KOBRASOL;;Kobrasol;Petiscos;Debito;3;0;1;6.1;R$ 81,36;R$ 17,90;63;;whatsapp;2024-03-04;2024-03-04;2024-03-09;2024-03-10;24,39;Correios;Entregue;
PA-2024-03546;03/02/2024 02:35 AM;03/02/2024 05:35 AM;Pata Amiga Tubarão;LJ-022;Centro;Petisco;Dinheiro;1;0;0;1.8;R$ 27,43;0,00;R$ 27,43;false;Loja Física;;;;;;;Retirada na loja;
PA-2024-03531;03/02/2024 04:12 AM;03/02/2024 06:12 AM;Pata Amiga Jgua do Sul;;Barra do Rio Cerro;BRINQUEDO;DINHEIRO;1;0;0;3.3;56.54;2,94;53,60;SIM;;2024-03-03;2024-03-03;2024-03-08;2024-03-11;R$ 14,41;Correios;Entregue;embalagem para presente
PA-2024-03539;03/02/2024 04:55 AM;03/02/2024 07:55 AM;Pata Amiga Palhoca;LJ-019;;Ração;Cartao de Debito;2;;1;4.3;R$ 278,61;61,29;217.32;V;loja fisica;;;;;;;Retirada na loja;aguardando confirmacao de estoque
PA-2024-03528;03/02/2024 07:12 AM;03/02/2024 08:02 AM;pata amiga taio;;Centro;Medicamento;Cartao de Debito;2;0;0;8,3;251.52;17;233,91;sim;App;2024-03-04;2024-03-05;2024-03-10;2024-03-12;R$ 31,55;Logistica Propria;Entregue;
PA-2024-03542;03/02/2024 06:30 AM;03/02/2024 09:30 AM;pata amiga palhoca;;Ponte do Imaruim;Rac.;Boleto;;1;0;23.3;1741;383,09;R$ 1.358,24;V;telefone;2024-03-03;2024-03-04;;;;Entrega Expressa SC;Aguardando despacho;aguardando confirmacao de estoque
PA-2024-03530;03/02/2024 09:50 AM;03/02/2024 10:40 AM;pata amiga joinville sul;LJ-013;Jarivatuba;BRINQUEDO;dinheiro;1;0;0;3.2;70,54;0,00;70;Não;Loja Fisica;;;;;;;Retirada na loja;
PA-2024-03544;03/02/2024 11:15 AM;03/02/2024 11:50 AM;pata amiga palhoca;;Guarda do Cubatao;Rac.;Pix;11;0;0;40.7;R$ 2.156,16;-;;sim;Loja Fisica;;;;;;;Retirada na loja;
PA-2024-03547;03/02/2024 11:30 AM;03/02/2024 02:30 PM;PATA AMIGA LAGES;LJ-025;Centro;Acessorios;CARTAO DE DEBITO;1;0;0;1.3;109,39;9;R$ 99,98;V;app;2024-03-05;2024-03-06;2024-03-10;2024-03-11;9,28;Entrega Expressa SC;Entregue;pedido recorrente
PA-2024-03527;03/02/2024 01:50 PM;03/02/2024 02:40 PM;PATA AMIGA RIO DO SUL;LJ-002;;Racao Seca;Dinheiro;1;;;4.0;R$ 118,67;0,00;118,67;N;APP;;;;;;;Pedido cancelado;cliente pediu entrega no periodo da tarde
PA-2024-03543;03/02/2024 02:45 PM;03/02/2024 03:05 PM;PATA AMIGA PALHOCA;LJ-019;Pagani;Ração;Cartao de Credito;6;0;0;9.8;R$ 1.122,07;246;875,21;true;loja fisica;;;;;;;Retirada na loja;
PA-2024-03536;03/02/2024 02:52 PM;03/02/2024 03:12 PM;Pata Amiga São José Kobrasol;LJ-018;Kobrasol;RACAO;Debito;5;0;0;20,7;746.35;164,20;582;S;site;2024-03-05;2024-03-05;2024-03-07;2024-03-09;45,39;TransPet Log;Entregue;
PA-2024-03540;03/02/2024 10:38 AM;03/02/2024 03:38 PM;pata amiga palhoca;;Ponte do Imaruim;Med.;CARTAO DE CREDITO;9;0;0;25.3;1.330,88;292.79;1038;SIM;App Pata Amiga;2024-03-04;2024-03-05;2024-03-09;2024-03-11;54.53;Logistica Propria;Entregue;embalagem para presente
PA-2024-03538;03/02/2024 12:50 PM;03/02/2024 03:50 PM;PATA AMIGA SAO JOSE KOBRASOL;;Campinas;Ração;Debito;6;1;0;7.6;R$ 770,42;169,49;R$ 600,93;Sim;site;2024-03-05;2024-03-06;2024-03-09;2024-03-11;18;Logistica Propria;Entregue;
PA-2024-03537;03/02/2024 12:55 PM;03/02/2024 03:55 PM;Pata Amiga Sao Jose Kobrasol;;Kobrasol;Higiene e Beleza;PIX;12;;0;23.6;R$ 457,02;100,54;356.48;1;APP;2024-03-04;2024-03-04;2024-03-06;2024-03-08;64.09;Logistica Propria;Entregue;
PA-2024-03535;03/02/2024 07:15 AM;03/02/2024 05:15 PM;PATA AMIGA SAO JOSE KOBRASOL;LJ-018;Real Parque;Rac.;vale pet;6;0;0;9,8;R$ 1.067,29;;832,49;Sim;TELEFONE;2024-03-04;2024-03-04;2024-03-07;2024-03-10;26;TransPet Log;Entregue;embalagem para presente
PA-2024-03533;03/02/2024 04:55 PM;03/02/2024 05:45 PM;Pata Amiga Sao Jose Kobrasol;;Forquilhinhas;Racao Seca;DINHEIRO;6;0;1;17.0;1216.62;R$ 267,66;948,96;S;telefone;2024-03-04;2024-03-05;2024-03-10;2024-03-13;41.08;Logistica Propria;Entregue;aguardando confirmacao de estoque
PA-2024-03532;03/02/2024 03:45 PM;03/02/2024 06:45 PM;Pata Amiga São Jose Kobrasol;;Campinas;Ração Medicamentosa;Cartao de Debito;10;0;0;31,0;-;240,83;853;V;LOJA FISICA;;;;;;;Retirada na loja;cliente pediu entrega no periodo da tarde
PA-2024-03541;03/02/2024 10:00 PM;03/02/2024 10:10 PM;pata amiga palhoca;;Pagani;Petisco;CARTAO DE DEBITO;9;0;1;19,2;306,78;67,49;239,29;V;site;2024-03-03;2024-03-04;;;;Logistica Propria;Aguardando despacho;aguardando confirmacao de estoque
PA-2024-03575;03/03/2024 12:10 AM;03/03/2024 01:30 AM;pata amiga florianopolis norte;LJ-017;Rio Vermelho;Medicamento;CARTAO DE CREDITO;1;0;0;2.9;133.06;0.00;133.06;false;SITE;2024-03-05;2024-03-06;;;;Correios;Aguardando despacho;pedido recorrente
PA-2024-03572;03/03/2024 01:15 AM;03/03/2024 01:50 AM;Pata Amiga Jaragua do Sul;;Jaragua Esquerdo;RAÇÃO;VALE PET;7;0;0;11,5;1565.00;640.09;924,91;SIM;app;2024-03-04;2024-03-04;2024-03-09;;;TransPet Log;Despachado - em transito;embalagem para presente
PA-2024-03579;03/03/2024 01:15 AM;03/03/2024 02:05 AM;PATA AMIGA CHAPECO;LJ-029;Centro;PETISCO;Cartao de Credito;;0;;11.5;203;22,61;181,05;Sim;LOJA FISICA;;;;;;;Retirada na loja;produto fora de linha - substituido
PA-2024-03552;03/03/2024 01:55 AM;03/03/2024 02:45 AM;Pata Amiga Blumenau Centro/SC;;;Medicamentos;Cartão de Crédito;8;;0;19.1;896.09;196;699,85;V;App;2024-03-05;2024-03-05;2024-03-10;2024-03-13;52,79;Correios;Entregue;conferir endereco com o cliente
PA-2024-03561;03/03/2024 02:20 AM;03/03/2024 04:20 AM;PATA AMIGA GASPAR;LJ-007;Poco Grande;Racao;DINHEIRO;8;0;0;14.8;1500;328,63;1.171,95;Sim;Loja Fisica;;;;;;;Retirada na loja;
PA-2024-03555;03/03/2024 02:30 AM;03/03/2024 04:30 AM; Pata Amiga Blumenau Centro;LJ-001;;Higiene;Boleto;5;0;0;16.5;311,52;68,22;243;S;;;;;;;;Retirada na loja;conferir endereco com o cliente
PA-2024-03559;03/03/2024 01:35 AM;03/03/2024 04:35 AM;Pata Amiga Timbó;LJ-005;Centro;ACESSORIO;BOLETO;6;0;2;23,5;529,88;65;R$ 464,17;true;app;2024-03-04;2024-03-05;2024-03-08;;;Entrega Expressa SC;Despachado - em transito;aguardando confirmacao de estoque
PA-2024-03573;03/03/2024 04:00 AM;03/03/2024 04:35 AM;Pata Amiga Jaraguá do Sul;LJ-014;Jaragua Esquerdo;Petisco;BOLETO;8;0;0;14.6;R$ 346,56;R$ 141,74;204,82;1;WhatsApp;2024-03-04;;;;;Rapido Catarinense;Aguardando nota fiscal;pedido recorrente
PA-2024-03556;03/03/2024 04:05 AM;03/03/2024 04:55 AM;pata amiga blumenau centro;LJ-001;Itoupava Norte;RAÇÃO;Pix;9;0;0;30.6;1957.35;R$ 428,66;1.528,69;Sim;WhatsApp;2024-03-04;;;;;Rapido Catarinense;Aguardando nota fiscal;
PA-2024-03565;03/03/2024 04:45 AM;03/03/2024 05:05 AM; Pata Amiga Gaspar;LJ-007;Gasparinho;Petisco;Especie;12;1;0;33.4;290,25;63,56;226;true;WhatsApp;2024-03-05;2024-03-06;2024-03-08;2024-03-09;R$ 86,97;Correios;Entregue;
PA-2024-03551;03/03/2024 02:15 AM;03/03/2024 05:15 AM;Pata Amiga Blumenal Centro;;Salto do Norte;Rac.;DINHEIRO;9;0;0;9.3;953,81;208,88;744,93;X;App Pata Amiga;;;;;;;Pedido cancelado;produto fora de linha - substituido
PA-2024-03554;03/03/2024 05:55 AM;03/03/2024 06:15 AM;Pata Amiga Blumenau Centro;LJ-001;Progresso;Racao Medicamentosa;VALE PET;14;0;0;6.2;1.886,68;R$ 413,18;1473;X;Loja Física;;;;;;;Retirada na loja;
PA-2024-03578;03/03/2024 04:25 AM;03/03/2024 06:25 AM;Pata Amiga Chapecó;LJ-029;Efapi;racao;Debito;4;0;1;2,5;R$ 774,14;85,93;688.21;V;Whatsapp;2024-03-04;2024-03-05;2024-03-11;2024-03-13;11,03;Entrega Expressa SC;Entregue;
PA-2024-03545;03/02/2024 08:50 PM;03/03/2024 06:50 AM;Pata Amiga Criciuma/SC;LJ-021;Centro;Servicos;Especie;1;0;0;3,7;134;0;134,62;F;App;2024-03-05;;;;;Rapido Catarinense;Aguardando nota fiscal;aguardando confirmacao de estoque
PA-2024-03548;03/03/2024 07:50 AM;03/03/2024 08:00 AM;pata amiga blumenau centro;;Progresso;Med.;Vale Pet;1;0;0;0.4;127.13;R$ 27,84;99,29;SIM;loja fisica;;;;;;;Retirada na loja;
PA-2024-03549;03/03/2024 08:05 AM;03/03/2024 08:15 AM;pata amiga blumenau centro;;Garcia;Petiscos;pix;13;1;0;37.1;590;129,23;460,85;true;site;2024-03-04;2024-03-05;2024-03-08;2024-03-10;115;Correios;Entregue;
PA-2024-03529;03/02/2024 10:38 PM;03/03/2024 08:38 AM;Pata Amiga Ibirama/SC;LJ-011;Nossa Senhora de Fatima;Acessório;Vale Pet;4;0;n/d;5,1;R$ 444,85;R$ 0,00;444;Nao;telefone;2024-03-06;2024-03-06;2024-03-17;2024-03-18;13,65;Correios;Entregue;produto fora de linha - substituido
PA-2024-03553;03/03/2024 08:07 AM;03/03/2024 08:42 AM;Pata Amiga Blumenau Centro;LJ-001;Salto do Norte;Med.;Pix;5;0;0;11,4;525.01;R$ 114,98;410.03;;site;2024-03-05;2024-03-05;2024-03-07;2024-03-08;21.17;Entrega Expressa SC;Entregue;aguardando confirmacao de estoque
PA-2024-03560;03/03/2024 10:15 AM;03/03/2024 10:35 AM;Pata Amiga Indaial;LJ-006;Nacoes;Racao;Credito;9;0;0;27,1;1938;240,41;1698;sim;Loja Fisica;;;;;;;Retirada na loja;conferir endereco com o cliente
PA-2024-03558;03/03/2024 10:40 AM;03/03/2024 11:15 AM; Pata Amiga Blumenau Centro;;Ribeirao Fresco;Ração;pix;9;n/d;;7.4;R$ 1.749,76;R$ 383,20;1.366,56;Sim;LOJA FISICA;;;;;;;Retirada na loja;aguardando confirmacao de estoque
PA-2024-03568;03/03/2024 08:38 AM;03/03/2024 11:38 AM;Pata Amiga Jaragua do Sul;LJ-014;Ilha da Figueira;Ração;Boleto;12;0;0;15.2;2.346,75;959,82;1.386,93;sim;WHATSAPP;2024-03-05;2024-03-05;2024-03-07;2024-03-08;43,42;Logistica Propria;Entregue;
PA-2024-03564;03/03/2024 02:12 PM;03/03/2024 02:22 PM;PATA AMIGA GASPAR;LJ-007;;PETISCO;pix;9;;0;26,2;232,14;50,84;181,30;true;app;2024-03-05;;;;;Entrega Expressa SC;Aguardando nota fiscal;aguardando confirmacao de estoque
PA-2024-03550;03/03/2024 02:35 PM;03/03/2024 02:45 PM;Pata Amiga Blumenal Centro;LJ-001;Progresso;RACAO;Cartão de Débito;3;;0;4.7;601;R$ 131,62;469.38;Sim;Telefone;2024-03-05;2024-03-05;2024-03-09;2024-03-12;R$ 11,37;TransPet Log;Entregue;
PA-2024-03574;03/03/2024 12:15 PM;03/03/2024 03:15 PM;PATA AMIGA ITAPOA;LJ-016;Figueira do Pontal;Acessório;Cartao de Credito;2;0;;2.5;101,23;0,00;101,23;;App Pata Amiga;2024-03-06;2024-03-07;2024-03-11;2024-03-15;13,34;TransPet Log;Entregue;aguardando confirmacao de estoque
PA-2024-03580;03/03/2024 06:10 AM;03/03/2024 04:10 PM;Pata Amiga Xanxerê;LJ-031;Bela Vista;Rac.;Vale Pet;5;N/I;;9,6;R$ 473,60;52;421.03;;App Pata Amiga;2024-03-06;2024-03-06;2024-03-10;2024-03-12;17;TransPet Log;Entregue;conferir endereco com o cliente
PA-2024-03563;03/03/2024 04:05 PM;03/03/2024 05:25 PM;PATA AMIGA GASPAR;;Bela Vista;Rac.;VALE PET;7;0;0;8,7;R$ 1.564,60;R$ 342,65;1.221,95;sim;SITE;2024-03-05;2024-03-05;;;;Rapido Catarinense;Aguardando despacho;conferir endereco com o cliente
PA-2024-03569;03/03/2024 07:45 AM;03/03/2024 05:45 PM;Pata Amiga Jaraguá do Sul;LJ-014;Centro;Ração;Vale Pet;11;0;2;31,2;1842;753,60;1088.94;1;Site;2024-03-04;2024-03-05;2024-03-10;2024-03-14;49,82;Correios;Entregue;
PA-2024-03577;03/03/2024 08:00 AM;03/03/2024 06:00 PM;Pata Amiga Criciuma;LJ-021;Rio Maina;ACESSORIO;Cartao de Credito;3;0;0;8.3;303,93;R$ 26,44;277,49;S;app;2024-03-04;2024-03-05;2024-03-08;2024-03-10;29.78;Entrega Expressa SC;Entregue;produto fora de linha - substituido
PA-2024-03562;03/03/2024 06:23 PM;03/03/2024 07:43 PM;Pata Amiga Gaspar;LJ-007;Poco Grande;PETISCO;Cartão de Débito;7;0;0;24,7;;71.12;253,64;1;APP;;;;;;;Pedido cancelado;pedido recorrente
PA-2024-03557;03/03/2024 08:55 PM;03/03/2024 10:55 PM;PATA AMIGA BLUMENAU CENTRO;;Ribeirao Fresco;MEDICAMENTO;Cartao de Debito;5;0;0;12,0;316,05;69.21;246,84;S;App;2024-03-05;;;;;Entrega Expressa SC;Aguardando nota fiscal;embalagem para presente
PA-2024-03571;03/03/2024 02:35 PM;03/04/2024 12:35 AM;Pata Amiga Jaragua Do Sul;LJ-014;Jaragua Esquerdo;Rac.;BOLETO;16;0;0;17,7;-;1007.45;R$ 1.455,75;V;Telefone;2024-03-06;2024-03-07;2024-03-11;2024-03-13;57,23;Entrega Expressa SC;Entregue;
PA-2024-03596;03/04/2024 12:40 AM;03/04/2024 01:00 AM;pata amiga xanxere;LJ-031;Bela Vista;Acessorios;BOLETO;6;0;0;17,5;709,96;87,33;622,63;V;Site;2024-03-05;2024-03-05;2024-03-08;2024-03-10;R$ 58,54;Correios;Entregue;aguardando confirmacao de estoque
PA-2024-03570;03/03/2024 04:38 PM;03/04/2024 02:38 AM;PATA AMIGA JARAGUA DO SUL;LJ-014;Ilha da Figueira;Ração;BOLETO;10;1;0;11.8;1.343,02;549,30;793;1;app;2024-03-06;2024-03-06;2024-03-08;2024-03-09;R$ 23,66;Logistica Propria;Entregue;cliente pediu entrega no periodo da tarde
PA-2024-03576;03/03/2024 06:52 PM;03/04/2024 04:52 AM;PATA AMIGA SANTO AMARO DA IMPERATRIZ;LJ-020;;Petiscos;CARTAO DE CREDITO;2;0;0;6,3;55,52;R$ 0,00;55,52;0;app;2024-03-06;;;;;Correios;Aguardando nota fiscal;embalagem para presente
PA-2024-03567;03/03/2024 07:00 PM;03/04/2024 05:00 AM;Pata Amiga Jaragua Do Sul;;Barra do Rio Cerro;Petisco;CARTAO DE CREDITO;;1;2;8.1;342,59;-;R$ 202,47;SIM;site;;;;;;;Pedido cancelado;embalagem para presente
PA-2024-03587;03/04/2024 04:47 AM;03/04/2024 05:07 AM;Pata Amiga Jaragua do Sul;LJ-014;Centro;Acessorios;Dinheiro;5;0;0;10.9;251.57;R$ 33,21;218.36;Sim;Loja Fisica;;;;;;;Retirada na loja;
PA-2024-03590;03/04/2024 03:10 AM;03/04/2024 06:10 AM;Pata Amiga Tubarao;;Passagem;Racao;Boleto;3;0;0;10.1;329.99;0,00;R$ 329,99;nao;APP;2024-03-06;;;;;Correios;Aguardando nota fiscal;
PA-2024-03586;03/04/2024 01:12 AM;03/04/2024 06:12 AM;Pata Amiga Jgua do Sul;;;Petisco;CARTAO DE CREDITO;3;0;0;1,7;102,54;13,54;89,00;SIM;app;2024-03-06;;;;;Entrega Expressa SC;Aguardando nota fiscal;produto fora de linha - substituido
PA-2024-03592;03/04/2024 06:38 AM;03/04/2024 07:28 AM;Pata Amiga São Joaquim;LJ-026;Santa Terezinha;Servicos;Cartao de Debito;5;;0;20.2;802,84;125,24;R$ 677,60;sim;loja fisica;;;;;;;Retirada na loja;
PA-2024-03584;03/04/2024 07:20 AM;03/04/2024 07:55 AM;Pata Amiga Rio dos cedros;LJ-012;Palmeiras;racao;pix;3;0;0;1.5;336,39;R$ 38,35;298.04;sim;;2024-03-06;2024-03-06;2024-03-16;2024-03-20;8.89;Rapido Catarinense;Entregue;
PA-2024-03589;03/04/2024 05:25 AM;03/04/2024 08:25 AM;pata amiga palhoca;;Pagani;Higiene e Beleza;Cartao de Debito;4;0;0;12.9;R$ 132,18;0,00;132.18;Não;site;2024-03-05;2024-03-05;2024-03-07;2024-03-08;47,11;Logistica Propria;Entregue;
PA-2024-03566;03/03/2024 10:38 PM;03/04/2024 08:38 AM;Pata Amiga Presidente Getulio;;Fundo Canoas;SERVICO;Cartao de Credito;2;0;0;2,6;R$ 188,64;0,00;188.64;F;Loja Fisica;;;;;;;Retirada na loja;
PA-2024-03581;03/04/2024 07:12 AM;03/04/2024 10:12 AM;Pata Amiga Indaial;LJ-006;;Rac.;boleto;-;;0;3.1;994,63;113;881,24;sim;Loja Física;;;;;;;Retirada na loja;
PA-2024-03585;03/04/2024 09:05 AM;03/04/2024 10:25 AM;pata amiga joinville sul;LJ-013;Boa Vista;BRINQUEDO;Cartão de Débito;2;0;2;0.9;127,51;0,00;R$ 127,51;NAO;site;2024-03-05;2024-03-06;2024-03-08;2024-03-09;7,27;Rapido Catarinense;Entregue;embalagem para presente
PA-2024-03591;03/04/2024 11:12 AM;03/04/2024 12:02 PM;Pata Amiga Lages;LJ-025;Guarujal;RAÇÃO;Dinheiro;8;1;;6.1;1.634,60;R$ 255,00;R$ 1.379,60;Sim;LOJA FISICA;;;;;;;Retirada na loja;conferir endereco com o cliente
PA-2024-03595;03/04/2024 03:23 AM;03/04/2024 01:23 PM;Pata Amiga Concordia;LJ-030;Nacoes;Brinquedos;Debito;7;1;0;16,3;269.58;R$ 33,16;236,42;V;APP;2024-03-06;2024-03-06;2024-03-12;;;Correios;Despachado - em transito;conferir endereco com o cliente
PA-2024-03583;03/04/2024 02:05 PM;03/04/2024 05:05 PM; Pata Amiga Gaspar;LJ-007;Poco Grande;Acessorios;dinheiro;1;0;0;2,6;R$ 60,62;R$ 0,00;-;false;LOJA FISICA;;;;;;;Retirada na loja;conferir endereco com o cliente
PA-2024-03588;03/04/2024 04:20 PM;03/04/2024 06:20 PM;PATA AMIGA FLORIANOPOLIS NORTE;;Saco Grande;Petisco;Dinheiro;3;0;0;6,2;109,62;0;109;NAO;site;2024-03-05;2024-03-05;2024-03-08;2024-03-11;R$ 18,50;Logistica Propria;Entregue;
PA-2024-03582;03/04/2024 05:23 PM;03/04/2024 08:23 PM;pata amiga indaial;;Warnow;racao;Vale Pet;6;0;0;4,5;1.362,33;155;1.207,02;Sim;LOJA FISICA;;;;;;;Retirada na loja;pedido recorrente
PA-2024-03594;03/04/2024 10:23 PM;03/04/2024 10:43 PM;pata amiga chapeco;;Centro;Higiene;Debito;2;0;0;2.3;58,65;7,21;51,44;1;loja fisica;;;;;;;Retirada na loja;
PA-2024-03604;03/05/2024 12:12 AM;03/05/2024 12:47 AM;PATA AMIGA TUBARAO;;Centro;Rac.;Boleto;7;0;0;7.5;1467;305.31;1.162,51;true;Whatsapp;2024-03-07;2024-03-08;;;;Logistica Propria;Aguardando despacho;
PA-2024-03607;03/05/2024 03:52 AM;03/05/2024 04:12 AM;pata amiga laguna;LJ-024;;petisco;BOLETO;7;0;2;15.0;176.52;36.72;139.80;;Loja Física;;;;;;;Retirada na loja;
PA-2024-03600;03/05/2024 03:30 AM;03/05/2024 05:30 AM;Pata Amiga Tubarão;LJ-022;Centro;RAÇÃO;Cartão de Débito;6;0;0;15.4;802,66;166;R$ 635,71;SIM;Loja Fisica;;;;;;;Retirada na loja;pedido recorrente
PA-2024-03598;03/05/2024 08:00 AM;03/05/2024 09:20 AM;Pata Amiga Jaragua do Sul;;Barra do Rio Cerro;Medicamento;BOLETO;1;0;0;3,0;R$ 85,60;4.11;R$ 81,49;1;site;;;;;;;Pedido cancelado;aguardando confirmacao de estoque
PA-2024-03593;03/04/2024 11:52 PM;03/05/2024 09:52 AM;Pata Amiga Otacílio Costa;LJ-027;Bela Vista;petisco;pix;5;0;0;20.8;136,18;21,24;114;1;SITE;2024-03-06;2024-03-07;2024-03-20;2024-03-22;53,39;TransPet Log;Entregue;
PA-2024-03606;03/05/2024 08:38 AM;03/05/2024 10:38 AM;PATA AMIGA LAGUNA;LJ-024;Magalhaes;Rac.;CARTAO DE DEBITO;7;0;;21.9;754;156,98;R$ 597,73;sim;Site;2024-03-07;2024-03-07;2024-03-12;2024-03-14;64,95;Logistica Propria;Entregue;embalagem para presente
PA-2024-03599;03/05/2024 11:20 AM;03/05/2024 11:40 AM;PATA AMIGA ITAPOA;LJ-016;Balneario Itapoa;Higiene;PIX;4;0;0;5,0;237,21;;R$ 220,37;Sim;LOJA FISICA;;;;;;;Retirada na loja;embalagem para presente
PA-2024-03603;03/05/2024 09:52 AM;03/05/2024 11:52 AM;Pata Amiga Tubarao;;;Ração Medicamentosa;DINHEIRO;7;0;0;19.7;824,22;171,44;R$ 652,78;1;Loja Fisica;;;;;;;Retirada na loja;
PA-2024-03602;03/05/2024 01:10 PM;03/05/2024 01:30 PM;PATA AMIGA TUBARAO;;Humaita;Racao;BOLETO;;0;0;12,9;511,03;R$ 106,29;404,74;X;app;2024-03-07;2024-03-07;2024-03-11;2024-03-13;R$ 48,58;Entrega Expressa SC;Entregue;conferir endereco com o cliente
PA-2024-03605;03/05/2024 04:55 PM;03/05/2024 05:45 PM;PATA AMIGA LAGUNA;LJ-024;;Ração Medicamentosa;Pix;3;0;2;10,0;R$ 356,74;74,20;282.54;V;whatsapp;;;;;;;Pedido cancelado;
PA-2024-03601;03/05/2024 07:07 PM;03/05/2024 07:57 PM;Pata Amiga Tubarao;;Oficinas;Medicamento;dinheiro;6;0;0;5.1;R$ 736,38;153,17;583,21;sim;;2024-03-07;2024-03-08;2024-03-10;2024-03-12;R$ 18,32;TransPet Log;Entregue;
PA-2024-03597;03/05/2024 07:10 PM;03/05/2024 09:10 PM;PATA AMIGA JOINVILLE SUL;LJ-013;Aventureiro;MEDICAMENTO;Cartao de Debito;4;;0;12.0;324,06;23,01;R$ 301,05;true;Site;;;;;;;Pedido cancelado;
PA-2024-03626;03/06/2024 12:23 AM;03/06/2024 01:13 AM;Pata Amiga Sao Bento do Sul;LJ-015;Centro;HIGIENE;Boleto;3;0;;5.9;145,33;28.48;116,85;true;App Pata Amiga;2024-03-08;;;;;Logistica Propria;Aguardando nota fiscal;produto fora de linha - substituido
PA-2024-03623;03/06/2024 12:05 AM;03/06/2024 03:05 AM;pata amiga joinville sul;;Vila Nova;higiene;Debito;3;0;0;10.0;174,37;34,18;140,19;true;App;2024-03-09;2024-03-10;2024-03-11;2024-03-13;R$ 34,19;Logistica Propria;Entregue;
PA-2024-03629;03/06/2024 12:23 AM;03/06/2024 03:23 AM;Pata Amiga Palhoca;LJ-019;Guarda do Cubatao;Racao Seca;Debito;2;0;0;2.0;243.89;19.27;R$ 224,62;sim;LOJA FISICA;;;;;;;Retirada na loja;pedido recorrente
PA-2024-03617;03/06/2024 01:07 AM;03/06/2024 04:07 AM;Pata Amiga Ibirama;LJ-011;Nossa Senhora de Fatima;PETISCO;VALE PET;13;2;0;33.4;R$ 379,43;182,13;R$ 197,30;;WHATSAPP;2024-03-10;2024-03-11;2024-03-19;2024-03-21;95,66;Correios;Entregue;
PA-2024-03608;03/06/2024 04:38 AM;03/06/2024 05:28 AM;Pata Amiga Blumenau Centro;LJ-001;Itoupava Norte;Ração;Debito;1;0;;1,2;150.09;R$ 0,00;R$ 150,09;nao;Whatsapp;2024-03-07;;;;;TransPet Log;Aguardando nota fiscal;pedido recorrente
PA-2024-03636;03/06/2024 04:00 AM;03/06/2024 06:00 AM;Pata Amiga Concórdia;;Nacoes;higiene;Vale Pet;4;0;1;16.2;130;31,53;98.77;X;;;;;;;;Retirada na loja;produto fora de linha - substituido
PA-2024-03633;03/06/2024 04:55 AM;03/06/2024 06:15 AM;Pata Amiga Chapeco/SC;LJ-029;Sao Cristovao;Racao;PIX;9;0;0;19,0;1.789,11;432.96;1.356,15;X;Loja Fisica;;;;;;;Retirada na loja;
PA-2024-03615;03/06/2024 06:25 AM;03/06/2024 06:45 AM;PATA AMIGA IBIRAMA;;Centro;PETISCO;vale pet;15;0;0;33.1;570,86;274,01;296;true;Loja Física;;;;;;;Retirada na loja;
PA-2024-03627;03/06/2024 08:00 AM;03/06/2024 08:35 AM;Pata Amiga Itapoá;;Balneario Itapoa;Petisco;boleto;4;;0;6.7;149,27;29,26;120;1;Loja Física;;;;;;;Retirada na loja;embalagem para presente
PA-2024-03637;03/06/2024 07:38 AM;03/06/2024 09:38 AM;Pata Amiga Concórdia;;Petropolis;Rac.;CARTAO DE DEBITO;9;0;0;36.7;1.635,84;R$ 395,87;1239;Sim;WhatsApp;2024-03-07;;;;;Correios;Aguardando nota fiscal;aguardando confirmacao de estoque
PA-2024-03609;03/06/2024 08:38 AM;03/06/2024 10:38 AM;pata amiga itajai praia;LJ-003;Cordeiros;Servico;Dinheiro;4;0;0;3.7;710,02;R$ 53,25;;V;App Pata Amiga;2024-03-08;2024-03-09;2024-03-14;2024-03-16;R$ 16,11;TransPet Log;Entregue;cliente pediu entrega no periodo da tarde
PA-2024-03621;03/06/2024 07:50 AM;03/06/2024 10:50 AM;Pata Amiga Joinville Sul/SC;LJ-013;;medicamento;dinheiro;8;1;0;5.2;498.58;97.72;R$ 400,86;S;Loja Fisica;;;;;;;Retirada na loja;embalagem para presente
PA-2024-03619;03/06/2024 06:07 AM;03/06/2024 11:07 AM;pata amiga ibirama;LJ-011;Bela Alianca;Hig.;VALE PET;13;1;1;40,9;399;191,74;R$ 207,72;S;site;2024-03-09;2024-03-09;2024-03-15;2024-03-18;R$ 103,65;Entrega Expressa SC;Entregue;
PA-2024-03640;03/06/2024 11:25 AM;03/06/2024 11:35 AM;PATA AMIGA SAO MIGUEL DO OESTE;LJ-032;Centro;Ração;Debito;5;0;0;4.4;831,88;201.31;630,57;X;App Pata Amiga;;;;;;;Pedido cancelado;embalagem para presente
PA-2024-03631;03/06/2024 10:25 AM;03/06/2024 11:45 AM;Pata Amiga Ararangua;LJ-023;Cidade Alta;Serviço;CARTAO DE CREDITO;2;0;0;3.7;289,41;R$ 0,00;289,41;false;App Pata Amiga;2024-03-08;2024-03-09;2024-03-11;2024-03-14;13,29;Rapido Catarinense;Entregue;pedido recorrente
PA-2024-03634;03/06/2024 11:30 AM;03/06/2024 11:50 AM;pata amiga chapeco;LJ-029;;racao;Especie;8;;0;26.9;1.532,96;370;1.161,98;Sim;WHATSAPP;2024-03-08;2024-03-09;;;;Correios;Aguardando despacho;cliente pediu entrega no periodo da tarde
PA-2024-03613;03/06/2024 11:47 AM;03/06/2024 11:57 AM;Pata Amiga Presidente Getulio;;Centro;Medicamentos;boleto;5;0;0;11.1;682,15;R$ 327,43;354.72;1;App;2024-03-07;2024-03-08;2024-03-10;2024-03-12;35,96;Logistica Propria;Entregue;
PA-2024-03620;03/06/2024 11:40 AM;03/06/2024 12:30 PM;Pata Amiga Rio dos Cedros;LJ-012;Centro;Acessorios;Cartão de Débito;2;0;;7,4;206;7.63;R$ 198,72;V;Telefone;2024-03-09;2024-03-10;2024-03-16;2024-03-17;R$ 16,35;Entrega Expressa SC;Entregue;
PA-2024-03632;03/06/2024 12:35 PM;03/06/2024 01:55 PM;Pata Amiga São Joaquim;;Santa Terezinha;BRINQUEDO;pix;3;0;0;1.9;178,73;R$ 0,89;177,84;X;;2024-03-08;2024-03-08;2024-03-16;2024-03-20;8,70;Rapido Catarinense;Entregue;pedido recorrente
PA-2024-03641;03/06/2024 12:38 PM;03/06/2024 01:58 PM;Pata Amiga Sao Miguel do Oeste;LJ-032;Agostini;RACAO;BOLETO;11;1;0;23,3;1.120,13;271,07;849,06;S;App;;;;;;;Pedido cancelado;conferir endereco com o cliente
PA-2024-03614;03/06/2024 01:50 PM;03/06/2024 02:10 PM;pata amiga ibirama;LJ-011;Nossa Senhora de Fatima;RAÇÃO;vale pet;4;0;0;6.2;701,85;336;364,96;1;site;2024-03-10;2024-03-11;2024-03-17;2024-03-18;21.64;Logistica Propria;Entregue;pedido recorrente
PA-2024-03616;03/06/2024 02:10 PM;03/06/2024 03:00 PM;PATA AMIGA IBIRAMA;;Nossa Senhora de Fatima;Racao;Dinheiro;;2;0;28,8;2116;1.015,89;1.100,54;1;Site;2024-03-09;2024-03-10;2024-03-12;2024-03-15;55.79;TransPet Log;Entregue;embalagem para presente
PA-2024-03622;03/06/2024 02:47 PM;03/06/2024 03:22 PM;Pata Amiga Joinville Sul/SC;LJ-013;Aventureiro;Hig.;Pix;6;1;0;7.9;166,79;32,69;R$ 134,10;1;app;2024-03-08;2024-03-09;2024-03-11;2024-03-13;R$ 22,90;TransPet Log;Entregue;aguardando confirmacao de estoque
PA-2024-03635;03/06/2024 01:12 PM;03/06/2024 04:12 PM;Pata Amiga Chapecó;LJ-029;;racao;dinheiro;7;0;0;4,4;R$ 1.413,16;341;R$ 1.071,18;SIM;Site;2024-03-08;2024-03-09;2024-03-13;2024-03-15;9;Rapido Catarinense;Entregue;
PA-2024-03625;03/06/2024 05:47 PM;03/06/2024 05:57 PM;Pata Amiga Jaragua Do Sul;LJ-014;Centro;Serviço;Debito;5;;0;7.9;R$ 585,70;R$ 52,71;532,99;Sim;Site;2024-03-07;2024-03-07;2024-03-11;2024-03-13;R$ 21,29;Rapido Catarinense;Entregue;pedido recorrente
PA-2024-03639;03/06/2024 01:07 PM;03/06/2024 06:07 PM;pata amiga xanxere;;Centro;RACAO;Cartão de Débito;11;1;0;18.0;1913.49;R$ 463,06;1.450,43;sim;;2024-03-08;2024-03-09;2024-03-14;;;Correios;Despachado - em transito;pedido recorrente
PA-2024-03638;03/06/2024 06:45 PM;03/06/2024 07:05 PM;Pata Amiga Concordia;;Nacoes;racao;Cartao de Debito;8;0;0;32.1;921.95;223.11;698;Sim;App Pata Amiga;2024-03-08;2024-03-08;2024-03-12;2024-03-15;62,62;Entrega Expressa SC;Entregue;
PA-2024-03624;03/06/2024 07:07 PM;03/06/2024 07:17 PM;Pata Amiga Joinville Sul/SC;;Vila Nova;Medicamento;Pix;7;0;0;7.4;551,92;108;R$ 443,74;SIM;App Pata Amiga;2024-03-09;2024-03-10;2024-03-13;2024-03-15;24.70;Rapido Catarinense;Entregue;pedido recorrente
PA-2024-03630;03/06/2024 07:50 PM;03/06/2024 08:10 PM;PATA AMIGA CRICIUMA;;Rio Maina;ACESSORIO;DINHEIRO;4;0;0;11,8;393,55;37,78;355.77;1;LOJA FISICA;;;;;;;Retirada na loja;embalagem para presente
PA-2024-03611;03/06/2024 07:23 PM;03/06/2024 09:23 PM;PATA AMIGA PRESIDENTE GETULIO;LJ-008;Centro;Racao;vale pet;;0;0;17,4;845.58;405;439,70;SIM;;2024-03-11;2024-03-12;2024-03-23;;;TransPet Log;Despachado - em transito;aguardando confirmacao de estoque
PA-2024-03628;03/06/2024 12:23 PM;03/06/2024 10:23 PM;PATA AMIGA SAO JOSE KOBRASOL;LJ-018;Campinas;Acessorios;pix;2;;2;4.5;R$ 145,53;11,50;134;1;Site;2024-03-07;2024-03-07;2024-03-11;2024-03-13;16,06;Entrega Expressa SC;Entregue;
PA-2024-03610;03/06/2024 11:40 PM;03/07/2024 12:15 AM;PATA AMIGA PRESIDENTE GETULIO;LJ-008;Alto Dona Luiza;petisco;pix;19;1;0;48.6;951;456,92;495,00;S;App;2024-03-09;2024-03-09;;;;TransPet Log;Aguardando despacho;
PA-2024-03618;03/06/2024 02:20 PM;03/07/2024 12:20 AM;Pata Amiga Ibirama;LJ-011;Centro;Racao;dinheiro;6;0;0;3.6;599.15;287,59;311,56;S;WHATSAPP;2024-03-09;2024-03-09;2024-03-22;2024-03-25;12.06;Logistica Propria;Entregue;embalagem para presente
PA-2024-03612;03/06/2024 07:23 PM;03/07/2024 12:23 AM;PATA AMIGA PRESIDENTE GETULIO;;Alto Dona Luiza;Ração;Debito;-;1;0;25,9;;R$ 711,93;R$ 771,26;Sim;LOJA FISICA;;;;;;;Retirada na loja;pedido recorrente
PA-2024-03650;03/07/2024 03:35 AM;03/07/2024 04:25 AM;pata amiga lages;;Coral;Servicos;Pix;2;0;0;2,6;318.20;0.00;318,20;false;LOJA FISICA;;;;;;;Retirada na loja;embalagem para presente
PA-2024-03643;03/07/2024 10:00 AM;03/07/2024 10:35 AM;Pata Amiga Indaial;LJ-006;Nacoes;Hig.;CARTAO DE CREDITO;7;0;0;8,2;250.83;27,59;223,24;1;App;;;;;;;Pedido cancelado;
PA-2024-03644;03/07/2024 01:40 PM;03/07/2024 01:50 PM;Pata Amiga Rio dos Cedros;LJ-012;Centro;PETISCO;PIX;2;0;;8.1;57,96;6.38;51.58;S;APP;;;;;;;Pedido cancelado;
PA-2024-03645;03/07/2024 12:12 PM;03/07/2024 02:12 PM;Pata Amiga Joinville Sul/SC;LJ-013;Aventureiro;higiene;Credito;1;0;2;2,0;38,07;R$ 0,00;38,07;0;Site;2024-03-08;2024-03-09;2024-03-13;2024-03-14;11.22;Correios;Entregue;produto fora de linha - substituido
PA-2024-03646;03/07/2024 01:52 PM;03/07/2024 03:12 PM;Pata Amiga Sao Jose Kobrasol;;Forquilhinhas;Ração;Debito;2;0;1;6.7;R$ 239,06;0,00;239,06;Não;LOJA FISICA;;;;;;;Retirada na loja;cliente pediu entrega no periodo da tarde
PA-2024-03642;03/07/2024 05:30 PM;03/07/2024 06:50 PM;Pata Amiga Timbo;LJ-005;Centro;ACESSORIO;pix;2;0;2;4.0;239,60;26.36;213;;whatsapp;2024-03-09;2024-03-09;2024-03-13;;;Rapido Catarinense;Despachado - em transito;aguardando confirmacao de estoque
PA-2024-03648;03/07/2024 06:45 PM;03/07/2024 06:55 PM;Pata Amiga Santo Amaro da Imperatriz;LJ-020;Centro;Petisco;dinheiro;1;0;0;2.7;41;R$ 0,12;40;S;APP;;;;;;;Pedido cancelado;cliente pediu entrega no periodo da tarde
PA-2024-03647;03/07/2024 09:23 AM;03/07/2024 07:23 PM;Pata Amiga Palhoca;LJ-019;;Higiene;CARTAO DE DEBITO;3;0;0;4,0;79;0.00;79,16;NAO;App Pata Amiga;2024-03-08;2024-03-08;2024-03-11;2024-03-13;R$ 11,77;TransPet Log;Entregue;
PA-2024-03651;03/07/2024 07:25 PM;03/07/2024 08:15 PM;Pata Amiga Concórdia;LJ-030;Petropolis;Servico;DINHEIRO;1;0;0;3.7;R$ 103,80;0.00;103.80;F;TELEFONE;2024-03-09;2024-03-10;2024-03-11;2024-03-13;10,82;Logistica Propria;Entregue;pedido recorrente
PA-2024-03649;03/07/2024 06:55 PM;03/07/2024 11:55 PM;Pata Amiga Criciuma;LJ-021;Prospera;Petiscos;Pix;1;;0;0.8;35;0,00;35,73;F;WHATSAPP;2024-03-09;2024-03-10;2024-03-11;;;Rapido Catarinense;Despachado - em transito;aguardando confirmacao de estoque
PA-2024-03653;03/08/2024 05:12 AM;03/08/2024 05:47 AM;pata amiga indaial;LJ-006;Warnow;racao;Vale Pet;3;;N/I;5,1;385;30;354,35;V;app;2024-03-09;2024-03-10;2024-03-12;2024-03-15;15.60;Correios;Entregue;
PA-2024-03657;03/08/2024 07:12 AM;03/08/2024 07:47 AM;Pata Amiga Jaragua Do Sul;LJ-014;Ilha da Figueira;SERVICO;boleto;4;0;;6,0;R$ 504,42;R$ 33,80;R$ 470,62;S;Whatsapp;2024-03-09;2024-03-10;2024-03-15;2024-03-17;17.78;Correios;Entregue;
PA-2024-03659;03/08/2024 11:20 AM;03/08/2024 11:55 AM;pata amiga florianopolis norte;;Centro;Brinquedos;dinheiro;1;0;0;2,9;R$ 72,30;0,00;72;Nao;LOJA FISICA;;;;;;;Retirada na loja;cliente pediu entrega no periodo da tarde
PA-2024-03660;03/08/2024 02:45 PM;03/08/2024 03:35 PM;Pata Amiga Sao Jose Kobrasol/SC;LJ-018;Campinas;acessorio;CARTAO DE DEBITO;4;;2;4.1;R$ 251,43;0,00;R$ 251,43;false;whatsapp;2024-03-10;2024-03-10;2024-03-12;2024-03-14;14.26;Rapido Catarinense;Entregue;
PA-2024-03656;03/08/2024 06:07 AM;03/08/2024 04:07 PM;pata amiga joinville sul;LJ-013;Jarivatuba;Racao Medicamentosa;Cartao de Credito;6;0;0;13,4;856.43;174,71;681,72;true;APP;2024-03-10;2024-03-10;2024-03-13;2024-03-15;R$ 23,57;Entrega Expressa SC;Entregue;
PA-2024-03652;03/08/2024 03:38 PM;03/08/2024 04:28 PM;PATA AMIGA ITAJAI PRAIA;LJ-003;Cabecudas;PETISCO;DINHEIRO;4;;0;13.1;139.76;0.00;R$ 139,76;nao;APP;2024-03-11;2024-03-11;;;;Entrega Expressa SC;Aguardando despacho;cliente pediu entrega no periodo da tarde
PA-2024-03654;03/08/2024 05:20 PM;03/08/2024 06:10 PM;pata amiga joinville sul;LJ-013;;racao;boleto;;n/d;0;11.8;1.415,48;288.76;1.126,72;sim;LOJA FISICA;;;;;;;Retirada na loja;cliente pediu entrega no periodo da tarde
PA-2024-03655;03/08/2024 06:55 PM;03/08/2024 07:05 PM;Pata Amiga Joinville Sul/SC;LJ-013;Costa e Silva;higiene;DINHEIRO;4;0;0;4,7;190,61;38,88;R$ 151,73;;APP;2024-03-10;;;;;Rapido Catarinense;Aguardando nota fiscal;
PA-2024-03661;03/08/2024 09:30 PM;03/08/2024 09:40 PM;Pata Amiga Criciuma/SC;;Rio Maina;Petisco;Boleto;3;;0;11.7;121,94;7,93;R$ 114,01;V;App Pata Amiga;2024-03-10;2024-03-11;2024-03-14;2024-03-17;R$ 32,06;Correios;Entregue;conferir endereco com o cliente
PA-2024-03663;03/08/2024 09:05 PM;03/08/2024 09:55 PM;Pata Amiga Araranguá;;Urussanguinha;Serviço;VALE PET;2;0;;7,3;R$ 265,25;0,00;265.25;Não;Site;2024-03-10;2024-03-10;2024-03-14;2024-03-16;22,83;Logistica Propria;Entregue;
PA-2024-03658;03/08/2024 01:12 PM;03/08/2024 11:12 PM;pata amiga itapoa;;Balneario Itapoa;petisco;Cartão de Débito;4;0;0;8,3;150,43;30,69;119.74;X;Site;2024-03-11;2024-03-12;2024-03-21;2024-03-23;19;Correios;Entregue;
PA-2024-03664;03/08/2024 10:47 PM;03/09/2024 01:47 AM;PATA AMIGA OTACILIO COSTA;LJ-027;Centro;Servicos;vale pet;2;0;0;4,5;331,12;0;331.12;NAO;site;2024-03-10;2024-03-11;2024-03-24;;;Logistica Propria;Despachado - em transito;
PA-2024-03670;03/09/2024 03:23 AM;03/09/2024 03:58 AM;PATA AMIGA SAO JOSE KOBRASOL;LJ-018;Real Parque;Racao Seca;DINHEIRO;3;0;;2,2;R$ 472,08;-;R$ 441,39;true;App;2024-03-10;2024-03-10;;;;Correios;Aguardando despacho;embalagem para presente
PA-2024-03671;03/09/2024 03:00 AM;03/09/2024 05:00 AM;Pata Amiga Palhoça;LJ-019;Pagani;Petisco;Especie;1;0;0;3,2;27;R$ 1,79;25,74;SIM;site;2024-03-11;;;;;Entrega Expressa SC;Aguardando nota fiscal;embalagem para presente
PA-2024-03662;03/08/2024 09:25 PM;03/09/2024 07:25 AM;Pata Amiga Tubarao;;Humaita;Servicos;VALE PET;3;0;0;9.2;294,87;0,00;R$ 294,87;Não;app;2024-03-11;2024-03-12;2024-03-16;2024-03-18;R$ 33,39;Entrega Expressa SC;Entregue;embalagem para presente
PA-2024-03666;03/09/2024 07:20 AM;03/09/2024 08:10 AM;Pata Amiga Jgua do Sul;;Jaragua Esquerdo;MEDICAMENTO;vale pet;1;0;0;3.9;62.48;7.93;54;1;Loja Física;;;;;;;Retirada na loja;produto fora de linha - substituido
PA-2024-03672;03/09/2024 09:47 AM;03/09/2024 10:37 AM;Pata Amiga Criciuma;;Rio Maina;MEDICAMENTO;Dinheiro;1;0;0;2,6;121,11;0;R$ 121,11;Nao;App;2024-03-11;2024-03-11;2024-03-14;2024-03-15;R$ 11,31;Rapido Catarinense;Entregue;
PA-2024-03673;03/09/2024 04:35 AM;03/09/2024 02:35 PM;Pata Amiga Tubarão;LJ-022;Centro;BRINQUEDO;Especie;-;0;0;5,3;230;-;213,08;X;App;2024-03-11;2024-03-12;2024-03-17;;;Logistica Propria;Despachado - em transito;
PA-2024-03668;03/09/2024 04:12 PM;03/09/2024 04:22 PM;Pata Amiga Jaragua Do Sul;;Jaragua Esquerdo;Petisco;Especie;2;0;0;1.1;76.28;R$ 9,69;R$ 66,59;SIM;App Pata Amiga;;;;;;;Pedido cancelado;aguardando confirmacao de estoque
PA-2024-03667;03/09/2024 08:12 PM;03/09/2024 08:47 PM;Pata Amiga Jgua do Sul;;Centro;SERVICO;Debito;6;1;0;4.6;R$ 484,37;61;422.86;sim;Site;2024-03-11;2024-03-11;2024-03-16;2024-03-20;R$ 15,50;TransPet Log;Entregue;
PA-2024-03669;03/09/2024 12:25 PM;03/09/2024 10:25 PM;Pata Amiga Floripa Norte;LJ-017;Ingleses;Brinquedo;Credito;1;0;0;1,8;52.29;;52.29;NAO;Site;2024-03-11;2024-03-12;2024-03-15;2024-03-18;10,90;Correios;Entregue;pedido recorrente
PA-2024-03665;03/09/2024 09:45 PM;03/10/2024 12:45 AM;PATA AMIGA GASPAR;LJ-007;Bela Vista;Medicamento;VALE PET;3;0;0;3,1;355;0,00;R$ 355,25;Não;SITE;2024-03-12;2024-03-13;2024-03-17;2024-03-19;R$ 13,66;Logistica Propria;Entregue;pedido recorrente
PA-2024-03687;03/10/2024 12:07 AM;03/10/2024 01:27 AM;Pata Amiga Ararangua;;Urussanguinha;petisco;Credito;18;0;0;62.7;R$ 835,62;251.52;584,10;true;;2024-03-12;2024-03-13;;;;Entrega Expressa SC;Aguardando despacho;produto fora de linha - substituido
PA-2024-03688;03/10/2024 01:40 AM;03/10/2024 02:15 AM;pata amiga araranguá;LJ-023;Cidade Alta;PETISCO;PIX;11;0;0;11.3;244.79;73,68;171,11;1;LOJA FISICA;;;;;;;Retirada na loja;conferir endereco com o cliente
PA-2024-03674;03/10/2024 02:15 AM;03/10/2024 02:35 AM;Pata Amiga Blumenau Centro;LJ-001;Vorstadt;servico;Vale Pet;4;;0;4.6;670,22;0,00;670,22;N;Loja Fisica;;;;;;;Retirada na loja;
PA-2024-03679;03/10/2024 12:12 AM;03/10/2024 03:12 AM;Pata Amiga Jaraguá do Sul;LJ-014;Centro;acessorio;DINHEIRO;4;0;0;7.1;417,90;R$ 61,85;356.05;1;site;2024-03-13;2024-03-14;2024-03-17;2024-03-18;26,68;TransPet Log;Entregue;embalagem para presente
PA-2024-03678;03/10/2024 02:05 AM;03/10/2024 03:25 AM;PATA AMIGA JOINVILLE SUL;LJ-013;;petisco;CARTAO DE CREDITO;2;;0;1.7;R$ 65,36;2.16;63,20;1;Loja Física;;;;;;;Retirada na loja;
PA-2024-03677;03/10/2024 02:12 AM;03/10/2024 04:12 AM;Pata Amiga Ibirama;LJ-011;Centro;higiene;Especie;7;0;0;18,9;R$ 195,12;36,10;159,02;V;SITE;2024-03-11;2024-03-11;2024-03-21;2024-03-22;49,82;Correios;Entregue;
PA-2024-03691;03/10/2024 03:30 AM;03/10/2024 08:30 AM;pata amiga araranguá;;Urussanguinha;Ração;Boleto;7;0;0;13,2;1.045,91;R$ 314,82;731.09;1;Tel.;2024-03-13;2024-03-14;;;;Rapido Catarinense;Aguardando despacho;pedido recorrente
PA-2024-03675;03/10/2024 07:35 AM;03/10/2024 10:35 AM;PATA AMIGA TIMBO;;Centro;Ração Medicamentosa;PIX;1;0;0;4.1;103.36;7;96,02;sim;App;2024-03-12;2024-03-13;2024-03-15;2024-03-17;15,69;Rapido Catarinense;Entregue;aguardando confirmacao de estoque
PA-2024-03680;03/10/2024 10:05 AM;03/10/2024 10:55 AM;Pata Amiga Jaragua do Sul;;Barra do Rio Cerro;Acessorios;Cartão de Débito;5;;0;10,5;497.27;73,60;423.67;sim;WhatsApp;2024-03-13;2024-03-13;2024-03-15;2024-03-17;35;Rapido Catarinense;Entregue;
PA-2024-03683;03/10/2024 06:25 AM;03/10/2024 11:25 AM;Pata Amiga Ararangua;LJ-023;Cidade Alta;Rac.;Boleto;10;0;0;25,9;1.644,70;R$ 495,05;1149.65;1;;2024-03-12;2024-03-13;2024-03-15;2024-03-16;53,70;TransPet Log;Entregue;
PA-2024-03681;03/10/2024 08:40 AM;03/10/2024 11:40 AM;pata amiga florianopolis norte;LJ-017;Centro;Racao;boleto;2;0;0;2.0;270;0;270.58;N;SITE;2024-03-11;2024-03-12;2024-03-17;;;Correios;Despachado - em transito;embalagem para presente
PA-2024-03686;03/10/2024 12:20 PM;03/10/2024 12:30 PM;pata amiga araranguá;;Urussanguinha;Hig.;VALE PET;9;1;0;11.5;368.55;R$ 110,93;257,62;true;LOJA FISICA;;;;;;;Retirada na loja;embalagem para presente
PA-2024-03684;03/10/2024 01:20 PM;03/10/2024 01:30 PM;pata amiga araranguá;LJ-023;Centro;HIGIENE;Cartao de Credito;12;1;0;14,4;R$ 569,78;171;398,28;Sim;Whatsapp;2024-03-12;;;;;TransPet Log;Aguardando nota fiscal;pedido recorrente
PA-2024-03692;03/10/2024 01:10 PM;03/10/2024 01:45 PM;Pata Amiga Ararangua;;Centro;Medicamentos;Especie;12;1;n/d;21.0;R$ 1.017,53;306,28;711,25;X;whatsapp;2024-03-11;2024-03-12;2024-03-13;2024-03-14;47.43;Entrega Expressa SC;Entregue;
PA-2024-03690;03/10/2024 02:12 PM;03/10/2024 02:47 PM;Pata Amiga Ararangua;LJ-023;Cidade Alta;Petisco;Vale Pet;10;1;0;24,3;R$ 433,37;130.44;302,93;1;App;2024-03-12;2024-03-13;2024-03-19;2024-03-22;82,69;Rapido Catarinense;Entregue;aguardando confirmacao de estoque
PA-2024-03689;03/10/2024 03:47 PM;03/10/2024 03:57 PM;pata amiga araranguá;LJ-023;Cidade Alta;Petiscos;Vale Pet;6;0;0;3.1;238,58;R$ 71,81;R$ 166,77;true;telefone;2024-03-12;;;;;Entrega Expressa SC;Aguardando nota fiscal;produto fora de linha - substituido
PA-2024-03693;03/10/2024 06:45 PM;03/10/2024 07:20 PM;Pata Amiga Ararangua;;Centro;petisco;Credito;10;1;0;19,7;R$ 492,83;R$ 148,34;344;S;telefone;2024-03-12;2024-03-13;2024-03-17;2024-03-20;R$ 67,93;Entrega Expressa SC;Entregue;
PA-2024-03694;03/10/2024 07:20 PM;03/10/2024 08:10 PM;Pata Amiga Chapeco/SC;;Passo dos Fortes;Racao;BOLETO;3;0;0;2.0;429.63;0;429,63;nao;;2024-03-11;2024-03-12;2024-03-17;2024-03-19;11,30;Rapido Catarinense;Entregue;
PA-2024-03682;03/10/2024 07:50 PM;03/10/2024 08:25 PM;Pata Amiga Criciuma/SC;;Sao Luiz;Acessório;Vale Pet;3;0;0;9,5;201.98;0,00;;;site;2024-03-12;2024-03-14;2024-03-18;2024-03-20;29;Rapido Catarinense;Entregue;aguardando confirmacao de estoque
PA-2024-03685;03/10/2024 06:10 PM;03/10/2024 09:10 PM;Pata Amiga Ararangua;LJ-023;;RAÇÃO;CARTAO DE CREDITO;16;0;0;24.0;R$ 2.768,70;R$ 833,38;1.935,32;Sim;APP;2024-03-12;2024-03-13;2024-03-16;2024-03-18;79,07;Rapido Catarinense;Entregue;conferir endereco com o cliente
PA-2024-03676;03/10/2024 07:40 PM;03/11/2024 12:40 AM;Pata Amiga Presidente Getulio;LJ-008;Alto Dona Luiza;servico;boleto;2;0;0;3.7;155.37;28,74;126;Sim;Site;2024-03-13;2024-03-13;2024-03-23;2024-03-24;15;Rapido Catarinense;Entregue;cliente pediu entrega no periodo da tarde
PA-2024-03696;03/11/2024 03:20 AM;03/11/2024 03:40 AM;PATA AMIGA BRUSQUE;LJ-004;Limeira;ACESSORIO;Credito;3;0;;6,6;;0,00;R$ 319,02;NAO;SITE;2024-03-12;2024-03-13;2024-03-17;2024-03-20;23.24;TransPet Log;Entregue;embalagem para presente
PA-2024-03703;03/11/2024 05:25 AM;03/11/2024 06:00 AM;PATA AMIGA SAO MIGUEL DO OESTE;;Sao Gotardo;Brinquedo;VALE PET;1;;0;3.6;;0,00;R$ 79,96;NAO;App;2024-03-13;2024-03-14;2024-03-18;;;Logistica Propria;Despachado - em transito;
PA-2024-03699;03/11/2024 08:35 AM;03/11/2024 09:55 AM;Pata Amiga Itapoa;LJ-016;Figueira do Pontal;Higiene;boleto;3;0;0;8.3;106,68;6,72;R$ 99,96;X;whatsapp;2024-03-13;2024-03-13;;;;Rapido Catarinense;Aguardando despacho;
PA-2024-03702;03/11/2024 07:00 AM;03/11/2024 10:00 AM;Pata Amiga Criciuma/SC;LJ-021;Prospera;Medicamentos;CARTAO DE DEBITO;2;0;2;2,3;191,40;0,00;191.40;Nao;Site;2024-03-12;2024-03-12;2024-03-15;2024-03-18;12,57;Logistica Propria;Entregue;
PA-2024-03701;03/11/2024 05:15 AM;03/11/2024 10:15 AM;Pata Amiga Santo Amaro da Imperatriz;;Centro;Racao;Boleto;3;0;0;1.3;562,32;73,66;488,66;X;LOJA FISICA;;;;;;;Retirada na loja;
PA-2024-03698;03/11/2024 05:40 AM;03/11/2024 10:40 AM;Pata Amiga Jaraguá do Sul;LJ-014;Centro;Servicos;dinheiro;3;0;1;12,0;401,80;R$ 0,00;401,80;N;App Pata Amiga;;;;;;;Pedido cancelado;cliente pediu entrega no periodo da tarde
PA-2024-03700;03/11/2024 11:15 AM;03/11/2024 11:50 AM;Pata Amiga São Jose Kobrasol;LJ-018;Forquilhinhas;Acessório;boleto;1;0;0;2,3;109.54;0.00;R$ 109,54;Não;APP;2024-03-13;2024-03-13;2024-03-17;2024-03-18;12,05;Entrega Expressa SC;Entregue;
PA-2024-03697;03/11/2024 05:40 PM;03/11/2024 10:40 PM;pata amiga joinville sul;LJ-013;Boa Vista;Racao Seca;pix;4;0;0;13,9;R$ 742,62;46;R$ 695,83;SIM;App;2024-03-12;2024-03-12;2024-03-17;2024-03-20;20,99;Entrega Expressa SC;Entregue;
PA-2024-03695;03/11/2024 11:35 PM;03/11/2024 11:45 PM;Pata Amiga Blumenal Centro;LJ-001;;Hig.;Debito;2;0;0;3.7;87;0,00;87.18;Nao;APP;2024-03-14;2024-03-15;2024-03-21;2024-03-23;10,36;Rapido Catarinense;Entregue;
PA-2024-03711;03/12/2024 01:20 AM;03/12/2024 02:10 AM;Pata Amiga Tubarao;LJ-022;Humaita;Petisco;CARTAO DE CREDITO;3;0;0;5,5;104,76;19;85,38;S;Site;2024-03-15;2024-03-16;2024-03-20;2024-03-23;17,12;Logistica Propria;Entregue;aguardando confirmacao de estoque
PA-2024-03714;03/12/2024 02:35 AM;03/12/2024 07:35 AM;Pata Amiga Laguna;;Centro;brinquedo;PIX;4;0;0;2,5;R$ 319,26;59,06;260.20;1;Site;2024-03-13;;;;;Correios;Aguardando nota fiscal;produto fora de linha - substituido
PA-2024-03715;03/12/2024 07:12 AM;03/12/2024 08:02 AM;Pata Amiga São Joaquim;LJ-026;Santa Terezinha;HIGIENE;Cartão de Crédito;3;0;0;2,9;R$ 150,61;9.19;R$ 141,42;sim;;2024-03-17;2024-03-18;2024-03-31;2024-04-03;10,27;Rapido Catarinense;Entregue;produto fora de linha - substituido
PA-2024-03708;03/12/2024 08:40 AM;03/12/2024 09:00 AM;Pata Amiga Florianopolis Norte;LJ-017;Costeira;Petiscos;Especie;4;0;0;13.3;102,74;R$ 14,90;87,84;SIM;SITE;;;;;;;Pedido cancelado;
PA-2024-03710;03/12/2024 09:12 AM;03/12/2024 10:02 AM;Pata Amiga Florianópolis Norte;LJ-017;Costeira;Rac.;Cartao de Credito;;0;0;1.7;163,25;R$ 23,67;R$ 139,58;sim;Site;2024-03-14;2024-03-14;2024-03-16;2024-03-17;R$ 8,10;Logistica Propria;Entregue;
PA-2024-03713;03/12/2024 08:40 AM;03/12/2024 10:40 AM;Pata Amiga Ararangua;;Urussanguinha;ACESSORIO;Dinheiro;3;0;0;2,7;163;8.03;R$ 155,75;true;Site;2024-03-14;2024-03-15;2024-03-20;2024-03-22;11.50;Rapido Catarinense;Entregue;embalagem para presente
PA-2024-03706;03/12/2024 09:45 AM;03/12/2024 12:45 PM;pata amiga ituporanga;LJ-010;Centro;Servicos;Cartao de Credito;4;0;;12,4;432.66;26,39;406,27;Sim;LOJA FISICA;;;;;;;Retirada na loja;pedido recorrente
PA-2024-03705;03/12/2024 03:15 PM;03/12/2024 03:35 PM;Pata Amiga Presidente Getulio;LJ-008;Centro;BRINQUEDO;Cartão de Débito;6;;0;2.8;220,63;R$ 30,89;189,74;Sim;Loja Física;;;;;;;Retirada na loja;
PA-2024-03716;03/12/2024 06:40 PM;03/12/2024 09:40 PM;pata amiga chapeco;LJ-029;Centro;Brinquedos;dinheiro;1;0;0;1,2;48,56;R$ 3,25;45.31;sim;LOJA FISICA;;;;;;;Retirada na loja;
PA-2024-03709;03/12/2024 12:55 PM;03/12/2024 10:55 PM;pata amiga florianopolis norte;LJ-017;Costeira;Acessório;VALE PET;6;0;0;24.4;370;53,72;R$ 316,77;SIM;whatsapp;2024-03-13;2024-03-13;2024-03-16;2024-03-18;58,31;Entrega Expressa SC;Entregue;aguardando confirmacao de estoque
PA-2024-03704;03/12/2024 01:15 PM;03/12/2024 11:15 PM; Pata Amiga Rio do Sul;;Centro;brinquedo;Cartão de Crédito;3;0;2;7.9;129.29;R$ 6,85;122,44;SIM;LOJA FISICA;;;;;;;Retirada na loja;
PA-2024-03707;03/12/2024 10:45 PM;03/12/2024 11:20 PM;pata amiga ibirama;LJ-011;Bela Alianca;Acessorios;DINHEIRO;7;n/d;0;18.0;R$ 394,57;R$ 55,24;339.33;V;APP;2024-03-14;2024-03-14;2024-03-18;2024-03-23;39.67;TransPet Log;Entregue;
PA-2024-03717;03/12/2024 10:00 PM;03/13/2024 12:00 AM;PATA AMIGA CONCORDIA;;Nacoes;SERVICO;Vale Pet;4;0;0;16,4;R$ 332,65;22.29;310,36;Sim;TELEFONE;;;;;;;Pedido cancelado;produto fora de linha - substituido
PA-2024-03712;03/12/2024 02:07 PM;03/13/2024 12:07 AM;pata amiga tubarao;;Centro;Med.;CARTAO DE DEBITO;7;N/I;0;24.1;441.87;81,75;360,12;true;App Pata Amiga;2024-03-14;;;;;Entrega Expressa SC;Aguardando nota fiscal;aguardando confirmacao de estoque
PA-2024-03747;03/13/2024 12:07 AM;03/13/2024 12:17 AM;Pata Amiga Laguna;;Centro;Petisco;pix;3;;;5,3;R$ 105,77;R$ 35,01;70,76;S;App;2024-03-15;2024-03-15;2024-03-17;2024-03-19;12;TransPet Log;Entregue;
PA-2024-03722;03/13/2024 01:38 AM;03/13/2024 02:13 AM;Pata Amiga Ibirama;LJ-011;Bela Alianca;petisco;vale pet;2;0;0;6.6;85,55;18.91;66,64;V;site;2024-03-18;2024-03-18;2024-03-26;2024-03-29;16,51;Entrega Expressa SC;Entregue;
PA-2024-03752;03/13/2024 02:07 AM;03/13/2024 02:42 AM;pata amiga lages;LJ-025;;medicamento;Especie;4;0;0;12,2;392,80;40.85;R$ 351,95;1;TELEFONE;2024-03-15;2024-03-16;;;;Rapido Catarinense;Aguardando despacho;embalagem para presente
PA-2024-03738;03/13/2024 12:55 AM;03/13/2024 02:55 AM;Pata Amiga Tubarao;LJ-022;Centro;Rac.;Credito;9;0;2;25,6;R$ 2.011,62;665,85;1.345,77;1;Loja Fisica;;;;;;;Retirada na loja;
PA-2024-03751;03/13/2024 03:05 AM;03/13/2024 03:55 AM;Pata Amiga Laguna;LJ-024;Ponta das Pedras;racao;dinheiro;6;0;2;3.2;890,79;294,85;R$ 595,94;Sim;app;2024-03-14;2024-03-14;2024-03-18;2024-03-19;15,54;Rapido Catarinense;Entregue;embalagem para presente
PA-2024-03736;03/13/2024 02:47 AM;03/13/2024 04:47 AM;pata amiga tubarao;LJ-022;Humaita;Racao Seca;Vale Pet;10;0;0;39.8;1.300,59;430,50;R$ 870,09;V;site;2024-03-14;2024-03-15;2024-03-18;;;TransPet Log;Despachado - em transito;
PA-2024-03746;03/13/2024 04:40 AM;03/13/2024 05:00 AM;Pata Amiga Araranguá;LJ-023;Urussanguinha;Serviço;VALE PET;1;0;0;3.7;93,25;0,00;93,25;N;app;2024-03-15;2024-03-16;2024-03-18;2024-03-19;R$ 16,04;TransPet Log;Entregue;pedido recorrente
PA-2024-03732;03/13/2024 05:35 AM;03/13/2024 05:45 AM;Pata Amiga Tubarao;;Passagem;Rac.;Cartão de Débito;8;1;0;30.3;1.678,03;555,43;R$ 1.122,60;true;App Pata Amiga;2024-03-15;2024-03-15;2024-03-16;2024-03-19;45,12;Rapido Catarinense;Entregue;
PA-2024-03735;03/13/2024 04:55 AM;03/13/2024 05:45 AM;pata amiga tubarao;;Passagem;Ração;Cartão de Débito;;0;0;20,2;1.042,84;345,18;R$ 697,66;V;Whatsapp;2024-03-14;2024-03-14;2024-03-20;;;TransPet Log;Despachado - em transito;produto fora de linha - substituido
PA-2024-03750;03/13/2024 05:12 AM;03/13/2024 05:47 AM;Pata Amiga Laguna/SC;LJ-024;;medicamento;Vale Pet;9;0;0;18.9;1096;R$ 362,92;-;SIM;loja fisica;;;;;;;Retirada na loja;
PA-2024-03754;03/13/2024 05:35 AM;03/13/2024 05:55 AM;Pata Amiga Chapecó;;Sao Cristovao;Racao Seca;Especie;4;0;0;7.6;;40.57;R$ 613,71;SIM;;;;;;;;Retirada na loja;
PA-2024-03740;03/13/2024 06:12 AM;03/13/2024 06:32 AM;PATA AMIGA TUBARAO;;Oficinas;racao;Especie;14;1;0;19.6;1.561,07;516;1044.36;sim;App;2024-03-15;2024-03-16;2024-03-18;2024-03-21;63.49;TransPet Log;Entregue;pedido recorrente
PA-2024-03748;03/13/2024 07:23 AM;03/13/2024 07:33 AM;Pata Amiga Laguna;LJ-024;Ponta das Pedras;HIGIENE;Pix;6;0;0;13,8;R$ 381,02;126.12;254,90;SIM;site;2024-03-15;2024-03-16;2024-03-19;2024-03-20;R$ 25,56;Rapido Catarinense;Entregue;
PA-2024-03727;03/13/2024 09:45 AM;03/13/2024 10:20 AM;PATA AMIGA SAO BENTO DO SUL;;Centro;Brinquedo;PIX;7;1;0;28.8;R$ 318,27;R$ 38,51;R$ 279,76;1;app;2024-03-14;2024-03-14;2024-03-19;2024-03-21;96,40;Logistica Propria;Entregue;
PA-2024-03720;03/13/2024 10:35 AM;03/13/2024 10:45 AM;PATA AMIGA ITUPORANGA;LJ-010;Vila Nova;Racao Medicamentosa;dinheiro;1;0;0;2.0;R$ 104,82;1;103,14;1;App;;;;;;;Pedido cancelado;produto fora de linha - substituido
PA-2024-03719;03/13/2024 12:55 AM;03/13/2024 10:55 AM; Pata Amiga Gaspar;;Poco Grande;Racao Seca;pix;3;0;0;1.7;449,76;0,00;449,76;NAO;WHATSAPP;2024-03-14;2024-03-15;2024-03-19;2024-03-20;10,26;Logistica Propria;Entregue;pedido recorrente
PA-2024-03721;03/13/2024 06:47 AM;03/13/2024 11:47 AM;Pata Amiga Ibirama/SC;LJ-011;Centro;Rac.;CARTAO DE CREDITO;6;0;0;2.9;R$ 1.059,82;234,22;825,60;sim;APP;2024-03-15;2024-03-16;2024-03-25;2024-03-28;13,47;Logistica Propria;Entregue;aguardando confirmacao de estoque
PA-2024-03725;03/13/2024 11:23 AM;03/13/2024 02:23 PM;PATA AMIGA JOINVILLE SUL;LJ-013;Jarivatuba;Higiene;vale pet;1;0;0;2.9;31,67;3,83;27;sim;Whatsapp;2024-03-15;2024-03-16;2024-03-18;2024-03-20;11,65;TransPet Log;Entregue;
PA-2024-03745;03/13/2024 02:55 PM;03/13/2024 03:05 PM;Pata Amiga Tubarao;;;Rac.;VALE PET;12;0;0;19.5;2385.21;789,50;1.595,71;true;Whatsapp;;;;;;;Pedido cancelado;embalagem para presente
PA-2024-03742;03/13/2024 03:00 PM;03/13/2024 03:10 PM;PATA AMIGA TUBARAO;;Passagem;Higiene e Beleza;PIX;9;;0;6.1;R$ 245,85;81,38;164,47;;APP;2024-03-15;2024-03-16;2024-03-22;2024-03-24;R$ 17,12;Logistica Propria;Entregue;pedido recorrente
PA-2024-03741;03/13/2024 01:45 PM;03/13/2024 03:45 PM;Pata Amiga Tubarão;LJ-022;Centro;Higiene e Beleza;dinheiro;10;;0;12.1;318.40;R$ 105,39;213.01;sim;site;2024-03-15;2024-03-15;2024-03-16;2024-03-19;43.87;Correios;Entregue;conferir endereco com o cliente
PA-2024-03724;03/13/2024 05:52 AM;03/13/2024 03:52 PM;pata amiga joinville sul;;Costa e Silva;SERVICO;Cartao de Credito;6;0;0;8,4;734,68;88.90;645.78;Sim;Loja Física;;;;;;;Retirada na loja;
PA-2024-03737;03/13/2024 01:35 PM;03/13/2024 04:35 PM;Pata Amiga Tubarao;;Passagem;Hig.;Especie;-;n/d;2;11.3;464,35;153,70;310,65;V;app;2024-03-14;2024-03-14;2024-03-16;2024-03-18;R$ 23,42;Logistica Propria;Entregue;conferir endereco com o cliente
PA-2024-03753;03/13/2024 08:07 PM;03/13/2024 08:27 PM;Pata Amiga Otacilio Costa;LJ-027;Centro;higiene;Boleto;5;0;;15.2;-;15,82;136,33;V;App Pata Amiga;2024-03-14;;;;;Logistica Propria;Aguardando nota fiscal;cliente pediu entrega no periodo da tarde
PA-2024-03731;03/13/2024 08:50 PM;03/13/2024 09:10 PM;Pata Amiga Criciuma;LJ-021;Sao Luiz;RAÇÃO;pix;2;0;0;1,3;R$ 284,70;R$ 0,00;284.70;false;App Pata Amiga;2024-03-15;;;;;Correios;Aguardando nota fiscal;
PA-2024-03734;03/13/2024 07:10 PM;03/13/2024 09:10 PM;Pata Amiga Tubarao;LJ-022;Oficinas;Medicamentos;vale pet;10;1;0;26.3;699,70;231,60;R$ 468,10;1;app;2024-03-14;2024-03-14;2024-03-16;;;Entrega Expressa SC;Despachado - em transito;
PA-2024-03728;03/13/2024 06:15 PM;03/13/2024 09:15 PM;Pata Amiga São Bento do Sul;LJ-015;Serra Alta;Racao Seca;CARTAO DE CREDITO;3;0;0;9.6;360,08;R$ 43,57;R$ 316,51;S;SITE;2024-03-15;2024-03-16;2024-03-21;2024-03-23;16,86;Entrega Expressa SC;Entregue;cliente pediu entrega no periodo da tarde
PA-2024-03749;03/13/2024 07:40 PM;03/13/2024 09:40 PM;Pata Amiga Laguna/SC;LJ-024;Ponta das Pedras;higiene;Boleto;9;1;0;36.2;R$ 317,08;104.95;;S;App;2024-03-15;2024-03-16;2024-03-19;2024-03-20;93;TransPet Log;Entregue;embalagem para presente
PA-2024-03739;03/13/2024 09:23 PM;03/13/2024 09:58 PM;Pata Amiga Tubarao;LJ-022;;Racao Seca;boleto;6;0;0;6,7;652.73;R$ 216,05;R$ 436,68;SIM;Site;2024-03-15;2024-03-16;2024-03-19;2024-03-22;23,53;TransPet Log;Entregue;
PA-2024-03729;03/13/2024 08:12 PM;03/13/2024 10:12 PM;Pata Amiga Florianopolis Norte;LJ-017;Trindade;racao;Dinheiro;3;;0;9.2;R$ 476,65;0.00;476;Não;APP;2024-03-15;2024-03-16;2024-03-21;2024-03-23;15.36;TransPet Log;Entregue;
PA-2024-03726;03/13/2024 09:52 PM;03/13/2024 10:27 PM;PATA AMIGA JOINVILLE SUL;LJ-013;Costa e Silva;racao;Pix;7;0;0;5.9;1115.22;R$ 134,94;R$ 980,28;Sim;Site;2024-03-15;2024-03-16;2024-03-18;;;Entrega Expressa SC;Despachado - em transito;
PA-2024-03730;03/13/2024 10:35 PM;03/13/2024 11:10 PM;Pata Amiga Palhoça;LJ-019;Ponte do Imaruim;Racao Medicamentosa;Boleto;3;0;0;6,1;237,49;0,00;237.49;Não;LOJA FISICA;;;;;;;Retirada na loja;
PA-2024-03755;03/13/2024 02:38 PM;03/14/2024 12:38 AM;PATA AMIGA CONCORDIA;LJ-030;Petropolis;Acessório;DINHEIRO;3;0;2;2.7;R$ 300,03;18,60;R$ 281,43;sim;whatsapp;2024-03-16;2024-03-17;2024-03-21;2024-03-22;7,97;Rapido Catarinense;Entregue;
PA-2024-03744;03/13/2024 04:25 PM;03/14/2024 02:25 AM;Pata Amiga Tubarao;;;Med.;pix;13;1;0;40,6;1781.13;589,55;R$ 1.191,58;1;APP;;;;;;;Pedido cancelado;
PA-2024-03718;03/13/2024 05:55 PM;03/14/2024 03:55 AM;Pata Amiga Itajai Praia;;Sao Vicente;Medicamentos;DINHEIRO;1;0;0;2,8;R$ 105,76;;105,76;Não;;2024-03-15;2024-03-16;2024-03-19;2024-03-22;13.76;Rapido Catarinense;Entregue;aguardando confirmacao de estoque
PA-2024-03723;03/13/2024 11:23 PM;03/14/2024 04:23 AM;pata amiga joinville sul;;Jarivatuba;Acessorios;PIX;1;;2;2.1;58.52;7;51;V;loja fisica;;;;;;;Retirada na loja;
PA-2024-03760;03/14/2024 04:07 AM;03/14/2024 04:27 AM;Pata Amiga Jaragua do Sul;LJ-014;Barra do Rio Cerro;RACAO;Boleto;2;0;0;6.4;320,98;R$ 20,22;300,76;Sim;loja fisica;;;;;;;Retirada na loja;aguardando confirmacao de estoque
PA-2024-03733;03/13/2024 11:30 PM;03/14/2024 04:30 AM;pata amiga tubarao;LJ-022;Passagem;racao;Cartao de Credito;7;0;0;28.0;1.491,66;493,74;997,92;true;SITE;2024-03-16;2024-03-16;2024-03-19;2024-03-21;94;Rapido Catarinense;Entregue;
PA-2024-03759;03/14/2024 04:30 AM;03/14/2024 04:40 AM; Pata Amiga Gaspar;LJ-007;Figueira;Servico;Cartao de Debito;3;0;0;9.8;404;0,00;R$ 404,37;NAO;Site;;;;;;;Pedido cancelado;produto fora de linha - substituido
PA-2024-03743;03/13/2024 10:23 PM;03/14/2024 08:23 AM;pata amiga tubarao;LJ-022;;MEDICAMENTO;PIX;9;0;0;25.6;943,27;312,22;631,05;1;App Pata Amiga;2024-03-15;2024-03-16;2024-03-18;2024-03-21;77,26;Entrega Expressa SC;Entregue;conferir endereco com o cliente
PA-2024-03763;03/14/2024 10:15 AM;03/14/2024 11:35 AM;pata amiga palhoca;;Ponte do Imaruim;petisco;Cartao de Credito;1;0;0;1.4;R$ 28,94;2,37;26,57;Sim;whatsapp;2024-03-16;2024-03-16;2024-03-17;2024-03-18;6,96;TransPet Log;Entregue;cliente pediu entrega no periodo da tarde
PA-2024-03758;03/14/2024 03:30 PM;03/14/2024 04:50 PM;Pata Amiga Brusque;;Santa Terezinha;acessorio;VALE PET;2;0;0;5,7;R$ 220,72;0,00;220,72;NAO;App;2024-03-16;2024-03-16;2024-03-20;2024-03-21;15,89;Entrega Expressa SC;Entregue;aguardando confirmacao de estoque
PA-2024-03761;03/14/2024 09:05 PM;03/14/2024 09:55 PM;Pata Amiga Florianopolis Norte/SC;LJ-017;Centro;PETISCO;Cartao de Credito;2;0;0;2.9;R$ 88,57;0.00;88.57;Não;APP;2024-03-15;2024-03-15;2024-03-19;2024-03-20;R$ 13,20;Entrega Expressa SC;Entregue;
PA-2024-03762;03/14/2024 01:23 PM;03/14/2024 11:23 PM;Pata Amiga São Jose Kobrasol;LJ-018;Campinas;BRINQUEDO;Cartão de Crédito;3;;0;12.2;R$ 188,72;15,48;173,24;V;site;2024-03-16;2024-03-16;2024-03-19;;;Logistica Propria;Despachado - em transito;cliente pediu entrega no periodo da tarde
PA-2024-03757;03/14/2024 07:00 PM;03/15/2024 12:00 AM;PATA AMIGA ITAJAÍ PRAIA;LJ-003;Fazenda;SERVICO;vale pet;2;0;0;4.0;186.85;0,00;186;0;WHATSAPP;2024-03-16;2024-03-18;2024-03-22;2024-03-24;15,85;Entrega Expressa SC;Entregue;conferir endereco com o cliente
PA-2024-03756;03/14/2024 02:12 PM;03/15/2024 12:12 AM; Pata Amiga Rio do Sul;;Barragem;servico;Pix;2;0;2;5,8;317.34;0,00;317,34;nao;Site;2024-03-17;2024-03-18;2024-03-23;2024-03-25;24,01;Rapido Catarinense;Entregue;conferir endereco com o cliente
PA-2024-03776;03/15/2024 12:12 AM;03/15/2024 03:12 AM;Pata Amiga Sao Miguel do Oeste;LJ-032;Sao Gotardo;Servicos;BOLETO;2;0;0;6,6;165.33;0;165,33;F;App Pata Amiga;2024-03-16;2024-03-16;2024-03-21;2024-03-22;R$ 19,25;TransPet Log;Entregue;produto fora de linha - substituido
PA-2024-03773;03/15/2024 03:52 AM;03/15/2024 04:42 AM;Pata Amiga Itapoá;;Balneario Itapoa;Servico;Cartão de Débito;4;0;2;10,2;556,53;R$ 32,84;523,69;sim;loja fisica;;;;;;;Retirada na loja;conferir endereco com o cliente
PA-2024-03766;03/15/2024 06:45 AM;03/15/2024 06:55 AM;Pata Amiga Timbó;LJ-005;Araponguinhas;higiene;Cartão de Crédito;5;0;;14.3;R$ 271,70;33,42;R$ 238,28;V;site;2024-03-17;2024-03-18;;;;Correios;Aguardando despacho;
PA-2024-03770;03/15/2024 06:50 AM;03/15/2024 07:25 AM;Pata Amiga Taió;;Centro;Racao;Debito;3;0;0;9,2;476;70,50;405.87;Sim;app;2024-03-18;2024-03-19;2024-03-27;2024-03-30;R$ 24,22;Rapido Catarinense;Entregue;pedido recorrente
PA-2024-03771;03/15/2024 09:25 AM;03/15/2024 10:00 AM;Pata Amiga Joinville Sul;LJ-013;;HIGIENE;Especie;2;0;0;7.6;94,82;R$ 5,59;R$ 89,23;SIM;Site;2024-03-17;2024-03-18;2024-03-22;2024-03-24;;Entrega Expressa SC;Entregue;
PA-2024-03767;03/15/2024 11:05 AM;03/15/2024 11:15 AM;PATA AMIGA INDAIAL;;Nacoes;Racao Medicamentosa;Debito;6;0;0;19.8;386,37;47.52;338,85;V;site;2024-03-17;2024-03-18;2024-03-19;2024-03-21;47.64;TransPet Log;Entregue;embalagem para presente
PA-2024-03769;03/15/2024 01:25 AM;03/15/2024 11:25 AM;PATA AMIGA GASPAR;LJ-007;Figueira;Petiscos;BOLETO;5;0;0;2.2;127,79;10;117,06;S;App;2024-03-17;2024-03-17;2024-03-21;2024-03-23;11,52;Correios;Entregue;produto fora de linha - substituido
PA-2024-03775;03/15/2024 11:07 AM;03/15/2024 11:27 AM;Pata Amiga Tubarão;LJ-022;Oficinas;petisco;Vale Pet;6;0;0;3.6;165,49;R$ 10,92;154,57;sim;app;2024-03-17;2024-03-18;2024-03-21;;;Rapido Catarinense;Despachado - em transito;
PA-2024-03764;03/15/2024 07:40 PM;03/15/2024 08:00 PM;Pata Amiga Blumenal Centro;;Salto do Norte;Servicos;VALE PET;5;0;0;18.0;R$ 524,89;44;480.80;V;App;2024-03-16;2024-03-17;2024-03-20;2024-03-23;R$ 61,98;Logistica Propria;Entregue;
PA-2024-03772;03/15/2024 06:25 PM;03/15/2024 08:25 PM;Pata Amiga Joinville Sul/SC;;Aventureiro;servico;Pix;3;0;0;10,1;487,05;28,74;R$ 458,31;SIM;Site;2024-03-16;2024-03-16;;;;Correios;Aguardando despacho;
PA-2024-03768;03/15/2024 08:15 PM;03/15/2024 11:15 PM;Pata Amiga Indaial;LJ-006;Warnow;Petisco;Cartao de Credito;3;0;0;2,9;130,43;16,04;114,39;X;APP;2024-03-17;2024-03-17;2024-03-21;;;Entrega Expressa SC;Despachado - em transito;cliente pediu entrega no periodo da tarde
PA-2024-03774;03/15/2024 01:40 PM;03/15/2024 11:40 PM;Pata Amiga Sao Jose Kobrasol;LJ-018;Real Parque;Racao;dinheiro;1;0;0;2.9;227,64;R$ 13,89;213;1;Site;2024-03-16;2024-03-17;;;;Correios;Aguardando despacho;aguardando confirmacao de estoque
PA-2024-03765;03/15/2024 10:10 PM;03/16/2024 03:10 AM;Pata Amiga Timbo;LJ-005;Centro;Rac.;Cartao de Credito;;0;0;14.3;1302.75;R$ 160,24;1.142,51;X;app;2024-03-18;2024-03-19;2024-03-23;;;Rapido Catarinense;Despachado - em transito;
PA-2024-03782;03/16/2024 12:47 AM;03/16/2024 03:47 AM;Pata Amiga Araranguá;LJ-023;Cidade Alta;HIGIENE;Vale Pet;;0;;0,7;R$ 47,14;0,09;47.05;SIM;WhatsApp;2024-03-17;2024-03-18;2024-03-21;2024-03-23;5,85;Correios;Entregue;
PA-2024-03777;03/16/2024 07:25 AM;03/16/2024 08:15 AM;pata amiga itajai praia;LJ-003;Cordeiros;higiene;Dinheiro;2;0;0;1,0;52;1,16;51.66;S;SITE;2024-03-18;2024-03-18;2024-03-23;2024-03-26;7.34;TransPet Log;Entregue;
PA-2024-03778;03/16/2024 12:10 AM;03/16/2024 10:10 AM;PATA AMIGA PRESIDENTE GETULIO;LJ-008;;HIGIENE;dinheiro;4;0;0;11.1;152,63;R$ 8,70;143;V;App Pata Amiga;2024-03-20;2024-03-20;2024-03-24;;;Entrega Expressa SC;Despachado - em transito;pedido recorrente
PA-2024-03783;03/16/2024 10:45 AM;03/16/2024 01:45 PM;Pata Amiga Chapeco;;Passo dos Fortes;Servico;Vale Pet;1;0;0;2,7;93,71;0;R$ 93,71;nao;SITE;;;;;;;Pedido cancelado;cliente pediu entrega no periodo da tarde
PA-2024-03779;03/16/2024 04:47 PM;03/16/2024 06:47 PM;Pata Amiga Ituporanga;LJ-010;Vila Nova;Acessorios;BOLETO;2;0;0;7,5;R$ 212,90;0,00;212;Não;Loja Fisica;;;;;;;Retirada na loja;
PA-2024-03780;03/16/2024 10:05 PM;03/16/2024 10:25 PM;Pata Amiga Floripa Norte;LJ-017;Rio Vermelho;RAÇÃO;PIX;3;;0;4,4;305,45;R$ 6,11;299;true;App;2024-03-18;2024-03-19;2024-03-24;2024-03-26;12,15;Rapido Catarinense;Entregue;
PA-2024-03781;03/16/2024 10:45 PM;03/16/2024 11:05 PM;pata amiga criciuma;LJ-021;;medicamento;Pix;1;0;0;4.0;R$ 137,85;1.65;136.20;X;App Pata Amiga;2024-03-18;;;;;TransPet Log;Aguardando nota fiscal;
PA-2024-03785;03/17/2024 12:38 AM;03/17/2024 03:38 AM;Pata Amiga Timbo;;;servico;Vale Pet;3;0;0;1,3;366;0;366,13;NAO;TELEFONE;2024-03-20;2024-03-21;2024-03-22;2024-03-23;7,98;Logistica Propria;Entregue;conferir endereco com o cliente
PA-2024-03787;03/17/2024 08:20 AM;03/17/2024 11:20 AM;PATA AMIGA JOINVILLE SUL;;;RAÇÃO;vale pet;2;n/d;0;5.7;;15.89;248,88;SIM;WhatsApp;2024-03-18;;;;;Entrega Expressa SC;Aguardando nota fiscal;
PA-2024-03786;03/17/2024 11:05 AM;03/17/2024 01:05 PM;PATA AMIGA RIO DOS CEDROS;LJ-012;Palmeiras;BRINQUEDO;Debito;1;0;0;0.8;76,95;0,00;76,95;false;site;2024-03-21;2024-03-21;2024-03-23;2024-03-25;7,16;Entrega Expressa SC;Entregue;conferir endereco com o cliente
PA-2024-03792;03/17/2024 01:25 PM;03/17/2024 01:45 PM;pata amiga lages;LJ-025;Coral;medicamento;dinheiro;;0;0;23.9;852.41;R$ 138,09;714,32;Sim;App Pata Amiga;2024-03-19;2024-03-19;2024-03-21;2024-03-23;35,76;Logistica Propria;Entregue;aguardando confirmacao de estoque
PA-2024-03784;03/17/2024 02:12 PM;03/17/2024 02:47 PM; Pata Amiga Blumenau Centro;LJ-001;Velha;servico;CARTAO DE CREDITO;1;0;0;0,6;159.92;0,00;159;F;App;2024-03-18;2024-03-19;2024-03-24;2024-03-26;5;Correios;Entregue;
PA-2024-03790;03/17/2024 09:47 AM;03/17/2024 02:47 PM;Pata Amiga Araranguá;;Centro;Acessorio;Dinheiro;6;0;0;25,0;R$ 561,19;R$ 79,13;482,06;S;site;2024-03-18;2024-03-18;;;;Rapido Catarinense;Aguardando despacho;cliente pediu entrega no periodo da tarde
PA-2024-03788;03/17/2024 02:52 PM;03/17/2024 03:02 PM;pata amiga florianopolis norte;LJ-017;Rio Vermelho;Petisco;pix;1;0;0;0.8;30,96;0,00;30.96;false;loja fisica;;;;;;;Retirada na loja;
PA-2024-03789;03/17/2024 03:12 PM;03/17/2024 04:32 PM;pata amiga tubarao;LJ-022;Centro;Petisco;Vale Pet;2;;0;6.7;43,46;0.00;43.46;F;site;2024-03-18;2024-03-18;2024-03-23;2024-03-24;R$ 12,93;Correios;Entregue;aguardando confirmacao de estoque
PA-2024-03791;03/17/2024 05:12 PM;03/17/2024 06:32 PM;Pata Amiga Araranguá;LJ-023;Cidade Alta;Higiene;Cartao de Debito;5;;0;8,6;R$ 304,25;42.90;261,35;SIM;app;2024-03-19;2024-03-20;2024-03-26;2024-03-28;R$ 15,25;Rapido Catarinense;Entregue;
PA-2024-03793;03/17/2024 08:15 PM;03/17/2024 08:25 PM;Pata Amiga Otacilio Costa;LJ-027;Bela Vista;Racao Seca;dinheiro;4;0;0;11.2;461.44;74;386;S;Loja Física;;;;;;;Retirada na loja;
PA-2024-03806;03/18/2024 12:07 AM;03/18/2024 12:27 AM; Pata Amiga Blumenau Centro;;Velha;PETISCO;Vale Pet;1;;0;1,7;50,56;24;R$ 26,29;X;app;;;;;;;Pedido cancelado;
PA-2024-03835;03/18/2024 12:15 AM;03/18/2024 01:05 AM;Pata Amiga Presidente Getúlio;LJ-008;;PETISCO;BOLETO;3;0;0;9.9;72;R$ 0,07;72,43;;APP;2024-03-23;2024-03-23;2024-04-04;2024-04-08;R$ 21,24;Rapido Catarinense;Entregue;produto fora de linha - substituido
PA-2024-03805;03/18/2024 12:40 AM;03/18/2024 02:00 AM;Pata Amiga Blumenau Centro/SC;;Salto do Norte;racao;dinheiro;8;1;0;32,2;856,71;411,22;445,49;Sim;APP;2024-03-19;2024-03-19;2024-03-24;2024-03-26;-;Logistica Propria;Entregue;
PA-2024-03837;03/18/2024 01:47 AM;03/18/2024 02:07 AM;Pata Amiga Curitibanos;LJ-028;Santa Cruz;Racao;CARTAO DE DEBITO;2;0;0;4.9;248,42;0,00;248,42;F;loja fisica;;;;;;;Retirada na loja;
PA-2024-03796;03/18/2024 03:10 AM;03/18/2024 03:20 AM;PATA AMIGA BLUMENAU CENTRO;LJ-001;Vorstadt;Hig.;pix;16;0;;55.7;532,83;255.76;R$ 277,07;SIM;whatsapp;2024-03-20;2024-03-21;;;;Logistica Propria;Aguardando despacho;
PA-2024-03821;03/18/2024 01:38 AM;03/18/2024 03:38 AM;Pata Amiga Itajai Praia/SC;;;acessorio;boleto;4;0;2;2,7;405.69;28.80;376,89;sim;site;2024-03-19;2024-03-20;2024-03-25;2024-03-27;10,33;TransPet Log;Entregue;embalagem para presente
PA-2024-03823;03/18/2024 01:55 AM;03/18/2024 04:55 AM; Pata Amiga Gaspar;LJ-007;;racao;DINHEIRO;12;1;0;10.2;1951.41;936,68;1.014,73;sim;APP;2024-03-19;2024-03-19;2024-03-25;2024-03-27;39,52;TransPet Log;Entregue;
PA-2024-03798;03/18/2024 03:05 AM;03/18/2024 05:05 AM;Pata Amiga Blumenau Centro/SC;LJ-001;Ribeirao Fresco;Higiene;Dinheiro;10;1;0;14,2;R$ 522,66;250.88;R$ 271,78;true;App;2024-03-20;2024-03-20;2024-03-23;2024-03-25;37.55;Rapido Catarinense;Entregue;
PA-2024-03828;03/18/2024 04:20 AM;03/18/2024 05:10 AM;PATA AMIGA GASPAR;LJ-007;Gasparinho;HIGIENE;PIX;15;0;0;50.4;909,58;436.60;472,98;true;App Pata Amiga;2024-03-20;2024-03-20;2024-03-22;2024-03-24;R$ 100,72;Correios;Entregue;produto fora de linha - substituido
PA-2024-03817;03/18/2024 05:25 AM;03/18/2024 05:35 AM; Pata Amiga Blumenau Centro;LJ-001;;Medicamentos;VALE PET;6;;0;17,9;R$ 765,16;R$ 367,28;397.88;;App Pata Amiga;2024-03-19;2024-03-19;2024-03-20;2024-03-21;57;Logistica Propria;Entregue;
PA-2024-03801;03/18/2024 06:23 AM;03/18/2024 06:58 AM;Pata Amiga Blumenau Centro;LJ-001;Itoupava Norte;RACAO;PIX;5;0;0;17.9;1118;R$ 537,08;581.83;S;SITE;;;;;;;Pedido cancelado;pedido recorrente
PA-2024-03811;03/18/2024 05:30 AM;03/18/2024 07:30 AM;PATA AMIGA BLUMENAU CENTRO;LJ-001;Itoupava Norte;petisco;PIX;11;1;0;30.0;468.26;224,76;243,50;SIM;APP;2024-03-21;2024-03-22;2024-03-25;2024-03-27;83,88;Rapido Catarinense;Entregue;embalagem para presente
PA-2024-03820;03/18/2024 06:10 AM;03/18/2024 07:30 AM;Pata Amiga Rio do sul;;Laranjeiras;PETISCO;vale pet;;0;0;8,3;R$ 88,69;5.06;R$ 83,63;S;WhatsApp;2024-03-20;2024-03-21;2024-03-23;;;Entrega Expressa SC;Despachado - em transito;produto fora de linha - substituido
PA-2024-03822;03/18/2024 06:05 AM;03/18/2024 08:05 AM; Pata Amiga Gaspar;LJ-007;Poco Grande;Ração;BOLETO;6;0;0;4.3;1.121,79;538.46;583,33;sim;;;;;;;;Retirada na loja;
PA-2024-03813;03/18/2024 08:15 AM;03/18/2024 09:05 AM;Pata Amiga Blumenau Centro;LJ-001;Ribeirao Fresco;Racao Seca;Vale Pet;;1;0;19.0;1187;570;R$ 617,73;X;Site;2024-03-19;2024-03-19;2024-03-21;2024-03-24;53,04;Entrega Expressa SC;Entregue;
PA-2024-03831;03/18/2024 06:15 AM;03/18/2024 09:15 AM;pata amiga gaspar;LJ-007;;Racao;Cartão de Débito;17;0;0;16,2;R$ 1.770,41;849,80;R$ 920,61;X;Telefone;2024-03-20;2024-03-20;2024-03-23;2024-03-24;47.49;TransPet Log;Entregue;
PA-2024-03815;03/18/2024 09:40 AM;03/18/2024 10:00 AM;Pata Amiga Blumenal Centro;LJ-001;Garcia;Ração;boleto;10;0;0;26.4;2.198,41;1055.24;1.143,17;X;App Pata Amiga;2024-03-20;2024-03-21;2024-03-23;2024-03-25;39,57;Correios;Entregue;
PA-2024-03812;03/18/2024 12:25 PM;03/18/2024 12:45 PM;Pata Amiga Blumenau Centro/SC;LJ-001;Velha;Medicamentos;DINHEIRO;12;;;22,1;1.001,49;480,72;520,77;;Loja Física;;;;;;;Retirada na loja;
PA-2024-03809;03/18/2024 10:52 AM;03/18/2024 12:52 PM; Pata Amiga Blumenau Centro;LJ-001;Velha;RAÇÃO;Credito;13;1;0;40.5;2494.42;1197;1.297,10;sim;App;;;;;;;Pedido cancelado;
PA-2024-03802;03/18/2024 01:20 PM;03/18/2024 02:40 PM;Pata Amiga Blumenau Centro/SC;LJ-001;Progresso;racao;Cartao de Debito;19;;0;59.5;3601;R$ 1.728,76;1.872,83;SIM;Whatsapp;2024-03-20;2024-03-21;2024-03-25;2024-03-26;71,90;Logistica Propria;Entregue;pedido recorrente
PA-2024-03825;03/18/2024 02:20 PM;03/18/2024 02:55 PM;Pata Amiga Gaspar;;Bela Vista;Racao;vale pet;17;1;0;36.7;3493.08;1.676,68;1.816,40;;site;2024-03-20;2024-03-21;2024-03-27;2024-03-28;R$ 51,72;TransPet Log;Entregue;produto fora de linha - substituido
PA-2024-03797;03/18/2024 01:23 PM;03/18/2024 03:23 PM;Pata Amiga Blumenau Centro/SC;LJ-001;;Racao Seca;Dinheiro;8;1;;11.5;922.73;442,91;479;V;site;2024-03-20;2024-03-21;2024-03-25;2024-03-26;28.70;Rapido Catarinense;Entregue;conferir endereco com o cliente
PA-2024-03800;03/18/2024 03:15 PM;03/18/2024 03:25 PM;Pata Amiga Blumenau Centro;LJ-001;Progresso;petisco;Pix;11;0;1;25.4;439,23;210,83;228;S;Site;2024-03-19;2024-03-19;2024-03-25;2024-03-27;42,46;Entrega Expressa SC;Entregue;
PA-2024-03819;03/18/2024 02:20 PM;03/18/2024 03:40 PM; Pata Amiga Blumenau Centro;LJ-001;Garcia;Med.;Cartão de Débito;14;0;0;21,9;1.875,79;900,38;975,41;sim;app;2024-03-21;2024-03-22;;;;Correios;Aguardando despacho;
PA-2024-03803;03/18/2024 02:25 PM;03/18/2024 04:25 PM;pata amiga blumenau centro;LJ-001;;RACAO;Pix;3;0;0;12,2;380,26;182,52;197.74;Sim;LOJA FISICA;;;;;;;Retirada na loja;cliente pediu entrega no periodo da tarde
PA-2024-03826;03/18/2024 11:30 AM;03/18/2024 04:30 PM;pata amiga gaspar;;Poco Grande;higiene;Cartão de Crédito;24;0;;60.5;1.075,81;516,39;559,42;Sim;TELEFONE;2024-03-20;2024-03-20;2024-03-21;2024-03-23;R$ 180,28;Rapido Catarinense;Entregue;
PA-2024-03827;03/18/2024 11:47 AM;03/18/2024 04:47 PM;Pata Amiga Gaspar;;Figueira;racao;Boleto;18;2;0;74.0;R$ 4.124,67;1.979,84;2.144,83;;App;;;;;;;Pedido cancelado;
PA-2024-03799;03/18/2024 06:52 AM;03/18/2024 04:52 PM;Pata Amiga Blumenau Centro/SC;;Vorstadt;PETISCO;Cartão de Débito;13;1;0;37.7;309,87;148,74;R$ 161,13;Sim;App;2024-03-20;;;;;Rapido Catarinense;Aguardando nota fiscal;pedido recorrente
PA-2024-03824;03/18/2024 12:55 PM;03/18/2024 05:55 PM;pata amiga gaspar;LJ-007;Poco Grande;Petiscos;PIX;2;;0;2.7;105,37;50,58;54,79;1;Site;2024-03-20;2024-03-20;2024-03-22;2024-03-23;R$ 9,72;Correios;Entregue;cliente pediu entrega no periodo da tarde
PA-2024-03814;03/18/2024 01:50 PM;03/18/2024 06:50 PM;Pata Amiga Blumenau Centro;LJ-001;Progresso;Racao Medicamentosa;BOLETO;15;0;0;53.0;1.938,38;930.42;R$ 1.007,96;1;site;2024-03-20;2024-03-20;2024-03-22;2024-03-23;R$ 179,06;Logistica Propria;Entregue;embalagem para presente
PA-2024-03808;03/18/2024 02:35 PM;03/18/2024 07:35 PM;Pata Amiga Blumenau Centro;LJ-001;Itoupava Norte;Ração Medicamentosa;CARTAO DE CREDITO;7;1;0;17.8;892,85;R$ 428,57;464.28;Sim;SITE;2024-03-19;2024-03-20;2024-03-25;2024-03-27;58,00;Logistica Propria;Entregue;
PA-2024-03832;03/18/2024 07:07 PM;03/18/2024 07:42 PM;PATA AMIGA GASPAR;LJ-007;Poco Grande;MEDICAMENTO;Vale Pet;20;;0;49.9;1.476,08;R$ 708,52;767,56;sim;WhatsApp;2024-03-19;2024-03-20;2024-03-22;2024-03-23;112,11;Logistica Propria;Entregue;embalagem para presente
PA-2024-03804;03/18/2024 05:07 PM;03/18/2024 08:07 PM;pata amiga blumenau centro;LJ-001;Garcia;racao;Cartão de Crédito;6;0;0;10.8;R$ 1.109,91;532,76;577;;Telefone;2024-03-20;;;;;Logistica Propria;Aguardando nota fiscal;aguardando confirmacao de estoque
PA-2024-03833;03/18/2024 03:52 PM;03/18/2024 08:52 PM;PATA AMIGA GASPAR;;Figueira;Racao Seca;PIX;;1;0;50,9;1699.30;815,66;R$ 883,64;Sim;app;;;;;;;Pedido cancelado;embalagem para presente
PA-2024-03816;03/18/2024 08:47 PM;03/18/2024 09:07 PM;Pata Amiga Blumenau Centro;;Itoupava Norte;RACAO;Debito;19;2;0;33.0;4.338,11;R$ 2.082,29;R$ 2.255,82;X;site;2024-03-20;2024-03-21;;;;Logistica Propria;Aguardando despacho;
PA-2024-03830;03/18/2024 09:38 PM;03/18/2024 09:58 PM;Pata Amiga Gaspar;LJ-007;Gasparinho;Racao Seca;Pix;9;0;;19.3;1007;483,79;R$ 524,10;V;telefone;2024-03-20;2024-03-21;2024-03-24;2024-03-26;42;Entrega Expressa SC;Entregue;
PA-2024-03795;03/18/2024 07:35 PM;03/18/2024 10:35 PM;Pata Amiga Blumenau Centro;;Vorstadt;racao;Dinheiro;9;0;0;26,4;1763;846,60;917.14;sim;SITE;2024-03-21;2024-03-22;2024-03-23;2024-03-25;86.12;Entrega Expressa SC;Entregue;
PA-2024-03834;03/18/2024 07:40 PM;03/18/2024 10:40 PM;Pata Amiga Gaspar;LJ-007;Figueira;PETISCO;CARTAO DE CREDITO;;1;0;36.5;R$ 561,09;269.32;291,77;V;Telefone;2024-03-22;2024-03-23;2024-03-27;2024-03-29;60,23;Logistica Propria;Entregue;conferir endereco com o cliente
PA-2024-03807;03/18/2024 09:55 PM;03/18/2024 11:15 PM;Pata Amiga Blumenau Centro;LJ-001;;Petisco;BOLETO;17;0;0;64.5;707;339.61;R$ 367,92;sim;loja fisica;;;;;;;Retirada na loja;produto fora de linha - substituido
PA-2024-03836;03/18/2024 11:15 PM;03/19/2024 12:35 AM;Pata Amiga Joinville Sul;;Jarivatuba;Rac.;CARTAO DE CREDITO;2;0;0;7,1;R$ 243,71;0.00;243;0;Loja Fisica;;;;;;;Retirada na loja;
PA-2024-03829;03/18/2024 09:50 PM;03/19/2024 12:50 AM;PATA AMIGA GASPAR;LJ-007;Gasparinho;RAÇÃO;Debito;12;0;0;48.7;2470;R$ 1.185,74;1.284,55;Sim;site;2024-03-21;2024-03-22;2024-03-24;2024-03-26;66.17;Logistica Propria;Entregue;pedido recorrente
PA-2024-03818;03/18/2024 04:12 PM;03/19/2024 02:12 AM;Pata Amiga Blumenau Centro;LJ-001;Progresso;RAÇÃO;PIX;15;1;0;15.3;R$ 2.682,72;1287;1395.01;SIM;App Pata Amiga;2024-03-21;2024-03-22;2024-03-27;2024-03-28;R$ 47,96;Rapido Catarinense;Entregue;
PA-2024-03841;03/19/2024 02:10 AM;03/19/2024 02:20 AM;PATA AMIGA GASPAR;;Figueira;servico;Debito;7;;0;25,3;R$ 1.121,61;93;1028.52;S;Site;2024-03-22;2024-03-22;2024-03-25;2024-03-27;52,44;TransPet Log;Entregue;conferir endereco com o cliente
PA-2024-03810;03/18/2024 04:55 PM;03/19/2024 02:55 AM;Pata Amiga Blumenau Centro;LJ-001;;RACAO;Especie;6;0;0;13.4;1.139,05;546,74;592,31;Sim;WhatsApp;2024-03-21;;;;;TransPet Log;Aguardando nota fiscal;embalagem para presente
PA-2024-03844;03/19/2024 04:05 AM;03/19/2024 06:05 AM;Pata Amiga Florianopolis Norte/SC;LJ-017;Ingleses;Servico;boleto;3;0;0;2.3;R$ 297,84;0,00;297.84;Não;SITE;2024-03-21;2024-03-23;;;;Logistica Propria;Aguardando despacho;aguardando confirmacao de estoque
PA-2024-03849;03/19/2024 06:40 AM;03/19/2024 07:15 AM;PATA AMIGA CHAPECO;;Sao Cristovao;MEDICAMENTO;Cartão de Débito;2;-;0;5.6;230,99;23;207,43;Sim;LOJA FISICA;;;;;;;Retirada na loja;embalagem para presente
PA-2024-03838;03/19/2024 08:00 AM;03/19/2024 08:10 AM; Pata Amiga Blumenau Centro;;Salto do Norte;brinquedo;pix;4;0;0;8.7;R$ 273,04;22.66;250,38;Sim;loja fisica;;;;;;;Retirada na loja;
PA-2024-03794;03/18/2024 11:38 PM;03/19/2024 09:38 AM;pata amiga blumenau centro;;Ribeirao Fresco;Racao Seca;BOLETO;11;1;0;43.6;1.830,38;R$ 878,58;951;1;Loja Fisica;;;;;;;Retirada na loja;
PA-2024-03847;03/19/2024 09:25 AM;03/19/2024 10:15 AM;pata amiga criciuma;;Prospera;Brinquedos;Pix;3;0;0;3,6;206.22;12,58;193,64;sim;App;2024-03-20;2024-03-21;2024-03-24;2024-03-26;R$ 16,19;Entrega Expressa SC;Entregue;
PA-2024-03845;03/19/2024 09:52 AM;03/19/2024 11:12 AM;Pata Amiga São Jose Kobrasol;;Real Parque;Servico;Especie;2;0;2;4.8;-;0;210,80;Nao;site;2024-03-21;2024-03-22;2024-03-26;2024-03-28;R$ 17,04;Rapido Catarinense;Entregue;aguardando confirmacao de estoque
PA-2024-03846;03/19/2024 01:07 PM;03/19/2024 04:07 PM;PATA AMIGA PALHOCA;;Pagani;Medicamentos;CARTAO DE DEBITO;;0;0;3,1;180,23;0,00;180,23;Não;site;2024-03-21;2024-03-22;2024-03-25;2024-03-27;14.30;TransPet Log;Entregue;
PA-2024-03848;03/19/2024 11:10 AM;03/19/2024 04:10 PM;pata amiga curitibanos;;Santa Cruz;Racao;Cartão de Crédito;1;0;0;0,9;128,43;0.00;128;0;SITE;2024-03-22;2024-03-22;2024-03-26;2024-03-28;6;Logistica Propria;Entregue;produto fora de linha - substituido
PA-2024-03852;03/19/2024 03:50 PM;03/19/2024 04:25 PM;Pata Amiga São Miguel do Oeste;LJ-032;Centro;Rac.;Cartão de Débito;3;0;0;11.8;614,68;62,70;551.98;Sim;Loja Física;;;;;;;Retirada na loja;
PA-2024-03850;03/19/2024 02:45 PM;03/19/2024 05:45 PM;PATA AMIGA CONCORDIA;;Nacoes;Medicamentos;Debito;3;0;0;3,9;394,78;R$ 40,27;354;sim;Tel.;2024-03-21;;;;;Correios;Aguardando nota fiscal;
PA-2024-03840;03/19/2024 08:45 AM;03/19/2024 06:45 PM;PATA AMIGA INDAIAL;;;Petiscos;boleto;2;0;0;6.3;84;R$ 0,68;R$ 84,29;sim;Loja Física;;;;;;;Retirada na loja;conferir endereco com o cliente
PA-2024-03842;03/19/2024 06:50 PM;03/19/2024 08:50 PM;pata amiga joinville sul;LJ-013;Aventureiro;Acessório;Credito;;0;0;20.1;370;24,84;345.87;SIM;site;2024-03-20;;;;;Logistica Propria;Aguardando nota fiscal;conferir endereco com o cliente
PA-2024-03839;03/19/2024 11:50 PM;03/20/2024 12:40 AM;Pata Amiga Itajaí Praia;LJ-003;Cordeiros;ACESSORIO;PIX;1;0;0;1,1;;0,00;90.73;0;;2024-03-22;2024-03-22;2024-03-25;2024-03-28;R$ 7,53;Entrega Expressa SC;Entregue;
PA-2024-03851;03/19/2024 11:15 PM;03/20/2024 02:15 AM;pata amiga xanxere;;Centro;MEDICAMENTO;Dinheiro;3;0;1;7,1;341.65;34,85;R$ 306,80;SIM;SITE;2024-03-22;2024-03-22;2024-03-27;2024-03-29;25,45;Logistica Propria;Entregue;
PA-2024-03843;03/19/2024 04:23 PM;03/20/2024 02:23 AM;PATA AMIGA JOINVILLE SUL;LJ-013;Costa e Silva;Racao Seca;vale pet;2;0;0;3,4;221,52;14,84;206,68;X;Site;2024-03-22;2024-03-22;2024-03-28;;;Correios;Despachado - em transito;
PA-2024-03861;03/20/2024 01:07 AM;03/20/2024 03:07 AM;PATA AMIGA CRICIUMA;LJ-021;Sao Luiz;Rac.;DINHEIRO;2;0;0;8,2;396;0,00;396.22;N;Site;2024-03-22;;;;;Entrega Expressa SC;Aguardando nota fiscal;
PA-2024-03853;03/20/2024 06:55 AM;03/20/2024 07:45 AM;Pata Amiga Blumenau Centro;LJ-001;Itoupava Norte;racao;Credito;1;;;1.7;212.75;5,96;206,79;true;app;2024-03-23;2024-03-24;2024-03-28;2024-03-30;R$ 10,38;Rapido Catarinense;Entregue;produto fora de linha - substituido
PA-2024-03856;03/20/2024 01:12 AM;03/20/2024 11:12 AM;PATA AMIGA SAO JOSE KOBRASOL;;Kobrasol;Racao Seca;PIX;4;0;0;10.9;899.05;91,70;R$ 807,35;S;app;2024-03-21;2024-03-22;2024-03-25;2024-03-27;R$ 26,24;TransPet Log;Entregue;
PA-2024-03857;03/20/2024 09:50 AM;03/20/2024 11:50 AM;PATA AMIGA PALHOCA;;Passa Vinte;Acessorios;Vale Pet;4;0;0;14,1;335,25;R$ 34,20;301.05;Sim;site;2024-03-22;2024-03-23;2024-03-25;2024-03-27;28,99;Rapido Catarinense;Entregue;cliente pediu entrega no periodo da tarde
PA-2024-03858;03/20/2024 09:15 AM;03/20/2024 12:15 PM;Pata Amiga Palhoça;LJ-019;Ponte do Imaruim;Ração Medicamentosa;Cartao de Debito;4;0;0;11,6;364,94;37,22;R$ 327,72;Sim;APP;2024-03-23;2024-03-24;2024-03-28;2024-03-31;37.18;Correios;Entregue;pedido recorrente
PA-2024-03854;03/20/2024 12:12 PM;03/20/2024 01:32 PM;Pata Amiga Taio;LJ-009;Centro;Higiene e Beleza;PIX;3;0;1;9.3;148.04;5,77;142,27;1;SITE;2024-03-23;2024-03-24;2024-04-04;2024-04-08;R$ 35,17;Entrega Expressa SC;Entregue;conferir endereco com o cliente
PA-2024-03859;03/20/2024 02:52 PM;03/20/2024 04:12 PM;pata amiga palhoca;LJ-019;Guarda do Cubatao;Racao;vale pet;6;;0;5,9;R$ 1.159,91;118.31;1.041,60;;App Pata Amiga;;;;;;;Pedido cancelado;embalagem para presente
PA-2024-03862;03/20/2024 11:47 AM;03/20/2024 04:47 PM;pata amiga laguna;LJ-024;Ponta das Pedras;Serviço;PIX;3;0;0;2.4;353,15;R$ 0,00;R$ 353,15;NAO;APP;2024-03-21;2024-03-22;2024-03-24;;;Entrega Expressa SC;Despachado - em transito;
PA-2024-03860;03/20/2024 03:12 PM;03/20/2024 05:12 PM;PATA AMIGA SANTO AMARO DA IMPERATRIZ;;Braco Sao Joao;acessorio;Debito;6;;0;22,6;593,92;93,25;R$ 500,67;1;Whatsapp;2024-03-24;2024-03-25;2024-03-29;2024-04-01;52,53;Correios;Entregue;aguardando confirmacao de estoque
PA-2024-03863;03/20/2024 08:50 AM;03/20/2024 06:50 PM;PATA AMIGA CURITIBANOS;LJ-028;;PETISCO;CARTAO DE DEBITO;4;0;0;14.5;129,14;6.33;122,81;;WHATSAPP;;;;;;;Pedido cancelado;cliente pediu entrega no periodo da tarde
PA-2024-03855;03/20/2024 10:25 PM;03/20/2024 10:35 PM;Pata Amiga Sao Jose Kobrasol/SC;;Real Parque;Racao Seca;Pix;6;0;0;4.4;985,74;100,55;R$ 885,19;Sim;Loja Física;;;;;;;Retirada na loja;cliente pediu entrega no periodo da tarde
PA-2024-03873;03/21/2024 12:25 AM;03/21/2024 02:25 AM;PATA AMIGA SAO JOAQUIM;LJ-026;Santa Terezinha;Racao Seca;vale pet;4;0;0;6,3;R$ 398,32;40,63;357,69;V;LOJA FISICA;;;;;;;Retirada na loja;pedido recorrente
PA-2024-03867;03/21/2024 01:23 AM;03/21/2024 03:23 AM;PATA AMIGA SAO JOSE KOBRASOL;LJ-018;Kobrasol;Petiscos;boleto;3;0;1;1,5;155;10,85;144,19;V;APP;2024-03-23;2024-03-23;2024-03-28;2024-03-30;7,11;Correios;Entregue;cliente pediu entrega no periodo da tarde
PA-2024-03870;03/21/2024 02:45 AM;03/21/2024 03:35 AM;Pata Amiga Tubarao;LJ-022;Humaita;brinquedo;boleto;1;0;0;2.5;56,78;1,36;55.42;sim;Loja Fisica;;;;;;;Retirada na loja;
PA-2024-03872;03/21/2024 02:35 AM;03/21/2024 03:55 AM;pata amiga lages;;Guarujal;racao;Boleto;5;0;0;11.0;R$ 910,12;R$ 92,83;817;sim;app;2024-03-23;2024-03-24;2024-03-26;2024-03-28;;TransPet Log;Entregue;produto fora de linha - substituido
PA-2024-03874;03/21/2024 06:25 AM;03/21/2024 07:45 AM;PATA AMIGA OTACILIO COSTA;;;Servicos;Pix;6;N/I;0;21.6;R$ 1.000,43;R$ 102,04;898,39;sim;app;2024-03-24;;;;;Logistica Propria;Aguardando nota fiscal;conferir endereco com o cliente
PA-2024-03868;03/21/2024 10:23 AM;03/21/2024 10:33 AM;Pata Amiga Palhoca;LJ-019;Guarda do Cubatao;Petiscos;vale pet;3;0;0;3,4;73,64;R$ 5,15;68,49;X;SITE;2024-03-23;2024-03-25;2024-03-27;;;Correios;Despachado - em transito;embalagem para presente
PA-2024-03865;03/21/2024 10:47 AM;03/21/2024 12:07 PM;Pata Amiga Gaspar;LJ-007;Figueira;Petiscos;Pix;;0;0;11,4;R$ 101,25;2;98,62;1;TELEFONE;2024-03-24;2024-03-24;2024-03-26;2024-03-28;R$ 33,68;TransPet Log;Entregue;embalagem para presente
PA-2024-03871;03/21/2024 11:52 AM;03/21/2024 12:42 PM;PATA AMIGA LAGES;LJ-025;Habitacao;acessorio;PIX;4;0;0;15.3;413,80;42;371,59;S;Loja Fisica;;;;;;;Retirada na loja;
PA-2024-03877;03/21/2024 04:38 PM;03/21/2024 05:13 PM;Pata Amiga Sao Miguel do Oeste;LJ-032;Agostini;PETISCO;CARTAO DE DEBITO;4;0;;1.6;201,18;R$ 13,68;187,50;SIM;App Pata Amiga;2024-03-23;2024-03-23;2024-03-29;2024-03-30;8;Correios;Entregue;cliente pediu entrega no periodo da tarde
PA-2024-03875;03/21/2024 08:47 PM;03/21/2024 08:57 PM;Pata Amiga Curitibanos;LJ-028;Santa Cruz;Ração Medicamentosa;dinheiro;4;;0;7.9;R$ 390,27;R$ 39,81;350.46;sim;WhatsApp;2024-03-24;2024-03-25;2024-03-30;2024-04-01;22;Correios;Entregue;
PA-2024-03866;03/21/2024 07:20 PM;03/21/2024 09:20 PM;PATA AMIGA FLORIANOPOLIS NORTE;LJ-017;Centro;brinquedo;Boleto;4;0;0;8.3;226;R$ 2,27;-;X;SITE;2024-03-24;2024-03-24;2024-03-28;;;Entrega Expressa SC;Despachado - em transito;
PA-2024-03869;03/21/2024 09:20 PM;03/21/2024 10:10 PM;Pata Amiga Criciúma;;Sao Luiz;acessorio;Cartão de Crédito;;0;0;6,9;R$ 174,79;-;171,29;1;site;2024-03-23;2024-03-24;2024-03-29;2024-03-31;19,27;Rapido Catarinense;Entregue;pedido recorrente
PA-2024-03864;03/21/2024 10:05 PM;03/21/2024 11:25 PM;Pata Amiga Blumenal Centro;LJ-001;Velha;MEDICAMENTO;CARTAO DE DEBITO;2;0;0;1.7;R$ 266,49;6,93;259.56;V;Whatsapp;2024-03-23;2024-03-23;2024-03-26;2024-03-28;9,48;Rapido Catarinense;Entregue;
PA-2024-03881;03/22/2024 12:07 AM;03/22/2024 12:17 AM;pata amiga brusque;LJ-004;Limeira;Medicamentos;Cartao de Debito;3;0;0;3.2;R$ 412,97;R$ 65,25;347,72;SIM;Loja Fisica;;;;;;;Retirada na loja;pedido recorrente
PA-2024-03899;03/22/2024 12:10 AM;03/22/2024 02:10 AM;Pata Amiga Ibirama/SC;LJ-011;Nossa Senhora de Fatima;Rac.;Especie;7;0;1;24,1;1.244,04;R$ 446,61;797,43;X;site;;;;;;;Pedido cancelado;
PA-2024-03876;03/21/2024 09:30 PM;03/22/2024 02:30 AM;PATA AMIGA CHAPECO;;Passo dos Fortes;Higiene;vale pet;4;;0;6.6;155;R$ 10,56;144.68;Sim;Loja Fisica;;;;;;;Retirada na loja;
PA-2024-03903;03/22/2024 01:23 AM;03/22/2024 03:23 AM;PATA AMIGA CRICIUMA;LJ-021;Centro;Rac.;BOLETO;3;0;0;11.4;R$ 355,67;105,99;249,68;V;Site;;;;;;;Pedido cancelado;
PA-2024-03898;03/22/2024 12:10 AM;03/22/2024 05:10 AM;pata amiga ibirama;;Centro;RAÇÃO;Especie;3;0;;10.4;427,72;R$ 153,55;R$ 274,17;;whatsapp;2024-03-26;;;;;Rapido Catarinense;Aguardando nota fiscal;cliente pediu entrega no periodo da tarde
PA-2024-03886;03/22/2024 04:52 AM;03/22/2024 06:52 AM;Pata Amiga Presidente Getúlio;LJ-008;Fundo Canoas;Racao Seca;Cartao de Credito;6;;0;6.9;R$ 1.212,04;435,12;776,92;V;SITE;;;;;;;Pedido cancelado;
PA-2024-03907;03/22/2024 07:07 AM;03/22/2024 08:27 AM;Pata Amiga Criciúma;LJ-021;Prospera;RAÇÃO;BOLETO;9;0;0;32,2;973.25;290,03;683.22;sim;site;2024-03-24;2024-03-26;;;;TransPet Log;Aguardando despacho;
PA-2024-03892;03/22/2024 07:20 AM;03/22/2024 09:20 AM;Pata Amiga Presidente Getúlio;LJ-008;Fundo Canoas;Racao Medicamentosa;Cartão de Débito;14;1;0;56.0;1.036,86;R$ 372,23;664;S;LOJA FISICA;;;;;;;Retirada na loja;aguardando confirmacao de estoque
PA-2024-03905;03/22/2024 09:07 AM;03/22/2024 10:27 AM;pata amiga criciuma;;Rio Maina;MEDICAMENTO;Dinheiro;6;0;2;2.9;444,55;R$ 132,48;312.07;1;loja fisica;;;;;;;Retirada na loja;conferir endereco com o cliente
PA-2024-03883;03/22/2024 01:12 PM;03/22/2024 02:02 PM;Pata Amiga Timbó;;Centro;Higiene e Beleza;DINHEIRO;2;0;0;3.8;R$ 85,21;0.00;85;Nao;APP;2024-03-24;2024-03-24;2024-03-28;2024-03-30;13,87;TransPet Log;Entregue;
PA-2024-03878;03/22/2024 11:15 AM;03/22/2024 02:15 PM;Pata Amiga Itajai Praia/SC;LJ-003;Cordeiros;Ração;Boleto;6;0;0;17.5;1126;R$ 178,00;R$ 948,61;1;loja fisica;;;;;;;Retirada na loja;
PA-2024-03888;03/22/2024 02:05 PM;03/22/2024 02:15 PM;Pata Amiga Presidente Getúlio;;Alto Dona Luiza;Ração;CARTAO DE DEBITO;8;1;0;4.5;1490;R$ 535,21;955,62;SIM;LOJA FISICA;;;;;;;Retirada na loja;pedido recorrente
PA-2024-03897;03/22/2024 02:15 PM;03/22/2024 02:25 PM;PATA AMIGA IBIRAMA;;Nossa Senhora de Fatima;MEDICAMENTO;VALE PET;10;1;1;20.1;1.021,31;366,65;654,66;SIM;APP;2024-03-25;2024-03-26;2024-04-06;2024-04-08;60.47;TransPet Log;Entregue;aguardando confirmacao de estoque
PA-2024-03894;03/22/2024 01:05 PM;03/22/2024 03:05 PM;Pata Amiga Ibirama;LJ-011;Centro;Racao Seca;Debito;9;1;0;21,1;1472.24;R$ 528,53;943.71;V;app;2024-03-27;;;;;TransPet Log;Aguardando nota fiscal;pedido recorrente
PA-2024-03895;03/22/2024 04:25 PM;03/22/2024 05:00 PM;PATA AMIGA IBIRAMA;;Bela Alianca;petisco;PIX;7;;0;26,9;341;122.48;218,68;SIM;Loja Física;;;;;;;Retirada na loja;
PA-2024-03900;03/22/2024 02:07 PM;03/22/2024 05:07 PM;Pata Amiga Sao Jose Kobrasol/SC;LJ-018;Forquilhinhas;Serviço;BOLETO;4;0;0;8.1;636,20;1;R$ 634,29;X;SITE;2024-03-24;2024-03-25;2024-03-29;2024-03-31;17,20;Entrega Expressa SC;Entregue;
PA-2024-03893;03/22/2024 05:15 PM;03/22/2024 05:25 PM;PATA AMIGA IBIRAMA;LJ-011;Centro;PETISCO;Debito;11;0;0;23,4;313,49;R$ 112,54;R$ 200,95;sim;telefone;2024-03-24;2024-03-25;2024-03-31;2024-04-04;78.55;Correios;Entregue;
PA-2024-03901;03/22/2024 05:05 PM;03/22/2024 05:25 PM;Pata Amiga Palhoca;;Guarda do Cubatao;petisco;Dinheiro;2;0;0;4.7;103,36;R$ 0,31;R$ 103,05;SIM;Whatsapp;2024-03-25;2024-03-26;2024-03-30;2024-04-01;19;Rapido Catarinense;Entregue;
PA-2024-03890;03/22/2024 07:50 AM;03/22/2024 05:50 PM;PATA AMIGA PRESIDENTE GETULIO;LJ-008;Centro;medicamento;Boleto;11;0;0;43.8;1035.02;371.57;663.45;V;Loja Física;;;;;;;Retirada na loja;
PA-2024-03882;03/22/2024 03:07 PM;03/22/2024 08:07 PM;Pata Amiga Brusque;LJ-004;Santa Terezinha;Rac.;Debito;3;0;0;4,7;570;R$ 90,20;R$ 480,68;sim;Loja Física;;;;;;;Retirada na loja;aguardando confirmacao de estoque
PA-2024-03904;03/22/2024 07:12 PM;03/22/2024 08:32 PM;Pata Amiga Criciúma;;Prospera;Med.;CARTAO DE CREDITO;7;0;;10.5;R$ 432,85;128.99;R$ 303,86;V;LOJA FISICA;;;;;;;Retirada na loja;embalagem para presente
PA-2024-03884;03/22/2024 10:47 AM;03/22/2024 08:47 PM;Pata Amiga Presidente Getúlio;;Centro;Racao;PIX;11;0;0;6.3;R$ 2.226,56;R$ 799,34;1427.22;S;Loja Física;;;;;;;Retirada na loja;aguardando confirmacao de estoque
PA-2024-03906;03/22/2024 09:12 PM;03/22/2024 09:47 PM;Pata Amiga Criciuma;LJ-021;Rio Maina;Hig.;PIX;9;0;0;22,5;R$ 253,80;R$ 75,63;178,17;sim;app;2024-03-24;2024-03-25;;;;Rapido Catarinense;Aguardando despacho;cliente pediu entrega no periodo da tarde
PA-2024-03887;03/22/2024 09:40 PM;03/22/2024 09:50 PM;Pata Amiga Presidente Getulio;;Fundo Canoas;Petiscos;Cartao de Credito;;0;1;7.1;R$ 401,24;144,05;257,19;X;SITE;2024-03-27;2024-03-27;2024-03-28;2024-04-01;18,39;Logistica Propria;Entregue;embalagem para presente
PA-2024-03885;03/22/2024 06:25 PM;03/22/2024 11:25 PM;PATA AMIGA PRESIDENTE GETULIO;LJ-008;Alto Dona Luiza;racao;DINHEIRO;12;0;0;48,0;R$ 1.867,09;670,29;R$ 1.196,80;;whatsapp;2024-03-24;2024-03-25;;;;TransPet Log;Aguardando despacho;
PA-2024-03889;03/22/2024 10:25 PM;03/22/2024 11:45 PM;Pata Amiga Presidente Getúlio;LJ-008;;petisco;CARTAO DE CREDITO;3;0;0;4,4;R$ 153,29;R$ 55,03;R$ 98,26;Sim;App Pata Amiga;2024-03-26;2024-03-26;2024-04-02;2024-04-05;13,47;Logistica Propria;Entregue;
PA-2024-03908;03/22/2024 10:55 PM;03/22/2024 11:45 PM;Pata Amiga Otacílio Costa;LJ-027;Centro;Acessorio;Vale Pet;3;0;0;5,2;252.25;R$ 0,00;R$ 252,25;N;APP;;;;;;;Pedido cancelado;aguardando confirmacao de estoque
PA-2024-03896;03/22/2024 10:05 PM;03/23/2024 12:05 AM;pata amiga ibirama;LJ-011;Centro;MEDICAMENTO;Boleto;11;0;2;21,4;1.435,32;515,28;920;SIM;app;2024-03-26;2024-03-26;2024-04-04;;;Correios;Despachado - em transito;embalagem para presente
PA-2024-03879;03/22/2024 07:12 PM;03/23/2024 12:12 AM;Pata Amiga Itajai Praia;LJ-003;Sao Vicente;Racao;Credito;7;0;0;22.7;862,34;136,25;R$ 726,09;Sim;;2024-03-24;2024-03-25;2024-03-29;2024-03-31;50;Entrega Expressa SC;Entregue;
PA-2024-03891;03/22/2024 08:35 PM;03/23/2024 01:35 AM;Pata Amiga Presidente Getulio;LJ-008;Alto Dona Luiza;Rac.;Especie;7;0;0;26,6;862,74;309;R$ 553,02;1;site;2024-03-25;2024-03-26;2024-04-07;2024-04-11;R$ 79,05;Rapido Catarinense;Entregue;
PA-2024-03880;03/22/2024 03:47 PM;03/23/2024 01:47 AM;Pata Amiga Itajai Praia/SC;LJ-003;Cordeiros;Ração;boleto;;0;0;19,4;1284;R$ 203,00;1.081,81;true;WHATSAPP;2024-03-24;2024-03-24;2024-03-26;2024-03-27;50.71;Entrega Expressa SC;Entregue;
PA-2024-03902;03/22/2024 11:15 PM;03/23/2024 02:15 AM;Pata Amiga Criciuma;LJ-021;Rio Maina;medicamento;Credito;12;1;0;24,7;777;231,61;R$ 545,62;SIM;site;2024-03-25;2024-03-25;2024-03-28;2024-03-30;35,34;Rapido Catarinense;Entregue;pedido recorrente
PA-2024-03917;03/23/2024 03:38 AM;03/23/2024 04:13 AM;Pata Amiga Jaragua Do Sul;;Centro;Rac.;CARTAO DE CREDITO;8;0;0;25.8;748,43;129,48;618,95;true;App Pata Amiga;;;;;;;Pedido cancelado;conferir endereco com o cliente
PA-2024-03913;03/23/2024 02:30 AM;03/23/2024 07:30 AM;PATA AMIGA JOINVILLE SUL;;Boa Vista;PETISCO;BOLETO;8;1;0;10,7;R$ 387,66;R$ 82,18;305;X;App Pata Amiga;2024-03-25;2024-03-26;2024-03-28;2024-03-30;R$ 16,97;TransPet Log;Entregue;
PA-2024-03920;03/23/2024 03:47 AM;03/23/2024 08:47 AM;Pata Amiga São Bento do Sul;;Serra Alta;PETISCO;Cartão de Crédito;8;0;0;20.0;R$ 277,75;58,88;218,87;sim;App Pata Amiga;2024-03-25;2024-03-26;2024-03-28;2024-03-29;61,70;Entrega Expressa SC;Entregue;
PA-2024-03921;03/23/2024 09:40 AM;03/23/2024 10:00 AM;PATA AMIGA SAO BENTO DO SUL;LJ-015;Oxford;petisco;Pix;12;0;0;22.5;R$ 495,87;105,12;390,75;sim;App Pata Amiga;2024-03-25;2024-03-25;2024-03-27;2024-03-30;41,58;Logistica Propria;Entregue;
PA-2024-03925;03/23/2024 07:20 AM;03/23/2024 10:20 AM;Pata Amiga Sao Joaquim;;Centro;Racao Medicamentosa;Pix;1;;0;0.8;R$ 118,08;R$ 0,71;117,37;sim;app;2024-03-24;2024-03-24;2024-04-01;2024-04-04;6.37;Entrega Expressa SC;Entregue;
PA-2024-03924;03/23/2024 10:52 AM;03/23/2024 11:02 AM;PATA AMIGA LAGES;LJ-025;Guarujal;brinquedo;Boleto;1;0;0;1.3;76.83;0.46;76,37;V;APP;2024-03-26;2024-03-26;;;;TransPet Log;Aguardando despacho;pedido recorrente
PA-2024-03926;03/23/2024 09:12 AM;03/23/2024 11:12 AM;Pata Amiga Chapecó;LJ-029;Sao Cristovao;Ração;Cartao de Debito;1;0;0;2.0;R$ 223,07;0,00;223,07;N;site;2024-03-25;2024-03-25;2024-03-27;2024-03-30;R$ 8,39;Correios;Entregue;embalagem para presente
PA-2024-03923;03/23/2024 11:45 AM;03/23/2024 01:05 PM;pata amiga florianopolis norte;LJ-017;Costeira;Racao;pix;2;0;0;3.1;213.95;13,91;200,04;S;whatsapp;2024-03-24;2024-03-25;2024-04-01;2024-04-03;R$ 11,15;Logistica Propria;Entregue;pedido recorrente
PA-2024-03919;03/23/2024 04:30 PM;03/23/2024 04:40 PM;PATA AMIGA SAO BENTO DO SUL;LJ-015;Centro;PETISCO;PIX;;1;0;4.6;361,60;R$ 76,66;284,94;1;app;2024-03-25;2024-03-26;2024-03-29;2024-04-01;16.01;TransPet Log;Entregue;pedido recorrente
PA-2024-03915;03/23/2024 04:45 PM;03/23/2024 05:35 PM;Pata Amiga Joinville Sul;LJ-013;Vila Nova;Petiscos;CARTAO DE DEBITO;5;0;0;13,0;220,21;46.68;R$ 173,53;S;Site;2024-03-26;2024-03-27;2024-03-30;2024-04-01;23;Entrega Expressa SC;Entregue;conferir endereco com o cliente
PA-2024-03909;03/23/2024 05:20 PM;03/23/2024 05:40 PM;pata amiga gaspar;LJ-007;Gasparinho;Acessorio;Boleto;2;0;0;7.4;189,72;R$ 2,47;187,25;1;App;2024-03-25;2024-03-26;2024-03-30;2024-04-01;27.23;Rapido Catarinense;Entregue;
PA-2024-03910;03/23/2024 05:12 PM;03/23/2024 07:12 PM;Pata Amiga Joinville Sul/SC;LJ-013;Jarivatuba;Racao Seca;Credito;8;0;0;23,3;789;167,47;622.50;Sim;WhatsApp;2024-03-25;2024-03-25;2024-03-28;2024-03-30;82.02;Logistica Propria;Entregue;
PA-2024-03914;03/23/2024 07:50 PM;03/23/2024 08:40 PM;Pata Amiga Joinville Sul;;Costa e Silva;Hig.;BOLETO;4;0;1;12,3;122,26;25.92;96.34;Sim;WhatsApp;2024-03-25;2024-03-25;2024-03-28;2024-03-29;25;TransPet Log;Entregue;
PA-2024-03918;03/23/2024 07:35 PM;03/23/2024 08:55 PM;Pata Amiga Jaraguá do Sul;;Centro;Acessorios;Cartão de Débito;5;0;0;9.1;296.80;R$ 51,35;245,45;sim;LOJA FISICA;;;;;;;Retirada na loja;pedido recorrente
PA-2024-03911;03/23/2024 05:20 PM;03/23/2024 10:20 PM;pata amiga joinville sul;;Boa Vista;Medicamento;Vale Pet;8;0;0;14.6;515,54;-;406,25;X;whatsapp;2024-03-25;2024-03-26;2024-03-30;2024-04-02;R$ 30,68;Entrega Expressa SC;Entregue;pedido recorrente
PA-2024-03927;03/23/2024 09:23 PM;03/23/2024 10:43 PM;Pata Amiga Xanxere;;Bela Vista;Serviço;CARTAO DE CREDITO;3;;0;11.1;275.33;0.00;275,33;0;TELEFONE;2024-03-25;2024-03-25;2024-03-29;2024-03-31;39,25;Entrega Expressa SC;Entregue;
PA-2024-03912;03/23/2024 10:12 PM;03/23/2024 10:47 PM;pata amiga joinville sul;LJ-013;Vila Nova;Ração;Especie;7;0;0;10,7;908.65;192,63;716;Sim;;2024-03-24;;;;;Correios;Aguardando nota fiscal;aguardando confirmacao de estoque
PA-2024-03922;03/23/2024 08:12 PM;03/23/2024 11:12 PM;Pata Amiga Itapoá;;Balneario Itapoa;PETISCO;BOLETO;5;0;0;7,6;196.23;41;154,63;X;Loja Fisica;;;;;;;Retirada na loja;
PA-2024-03935;03/24/2024 01:20 AM;03/24/2024 01:30 AM;Pata Amiga Florianópolis Norte;LJ-017;Centro;Acessório;vale pet;4;0;0;5.9;449,34;48,08;R$ 401,26;sim;LOJA FISICA;;;;;;;Retirada na loja;pedido recorrente
PA-2024-03937;03/24/2024 01:10 AM;03/24/2024 02:30 AM;pata amiga laguna;LJ-024;Centro;Higiene e Beleza;Especie;1;0;0;2.7;53;R$ 8,02;45,44;SIM;Site;2024-03-26;2024-03-26;2024-03-30;2024-04-01;12;TransPet Log;Entregue;
PA-2024-03930;03/24/2024 03:12 AM;03/24/2024 03:47 AM;PATA AMIGA RIO DOS CEDROS;LJ-012;Palmeiras;Higiene e Beleza;pix;3;0;0;8.2;83.01;0,00;83.01;Não;App Pata Amiga;2024-03-27;2024-03-28;2024-04-13;2024-04-15;15,94;TransPet Log;Entregue;
PA-2024-03916;03/23/2024 07:52 PM;03/24/2024 05:52 AM;pata amiga joinville sul;LJ-013;Vila Nova;Ração;pix;-;0;0;24.2;1156.14;R$ 245,10;R$ 911,04;SIM;app;2024-03-25;2024-03-25;2024-03-30;2024-04-01;67.06;Correios;Entregue;
PA-2024-03936;03/24/2024 02:15 AM;03/24/2024 07:15 AM;PATA AMIGA TUBARAO;LJ-022;Passagem;Acessorios;PIX;;0;0;3.3;R$ 167,08;25;142,02;1;App;2024-03-25;2024-03-25;2024-03-28;2024-03-31;13.53;Correios;Entregue;
PA-2024-03933;03/24/2024 08:00 AM;03/24/2024 09:20 AM;Pata Amiga Florianopolis Norte;;Saco Grande;Med.;dinheiro;9;0;0;37.3;720,66;77.11;R$ 643,55;;App Pata Amiga;2024-03-26;2024-03-27;2024-03-31;2024-04-02;R$ 113,89;Rapido Catarinense;Entregue;
PA-2024-03928;03/24/2024 09:55 AM;03/24/2024 10:15 AM;Pata Amiga Rio do sul;;Budag;Servico;Dinheiro;1;0;;3.8;160,00;R$ 14,24;145,76;1;App Pata Amiga;2024-03-26;2024-03-27;2024-04-01;2024-04-03;R$ 12,62;Correios;Entregue;pedido recorrente
PA-2024-03934;03/24/2024 03:55 PM;03/24/2024 04:45 PM;pata amiga florianopolis norte;;Saco Grande;PETISCO;Vale Pet;2;0;0;1.4;R$ 91,32;9.77;81.55;SIM;App Pata Amiga;2024-03-27;2024-03-27;2024-04-02;2024-04-03;7,27;Entrega Expressa SC;Entregue;cliente pediu entrega no periodo da tarde
PA-2024-03938;03/24/2024 06:40 PM;03/24/2024 07:15 PM;PATA AMIGA XANXERE;;;Petisco;Cartão de Crédito;2;0;0;1.9;56;R$ 2,54;53.97;1;Loja Fisica;;;;;;;Retirada na loja;
PA-2024-03929;03/24/2024 07:05 PM;03/24/2024 10:05 PM;Pata Amiga Itajai Praia/SC;;Fazenda;servico;pix;5;0;;4.2;635,41;46,38;-;V;app;2024-03-26;2024-03-26;2024-03-27;2024-03-29;11,21;TransPet Log;Entregue;pedido recorrente
PA-2024-03932;03/24/2024 01:55 PM;03/24/2024 11:55 PM;Pata Amiga Florianopolis Norte/SC;LJ-017;Centro;racao;VALE PET;6;0;N/I;12,2;750,01;R$ 80,25;R$ 669,76;S;APP;2024-03-26;2024-03-27;2024-04-01;2024-04-03;19,11;Entrega Expressa SC;Entregue;
PA-2024-03931;03/24/2024 11:52 PM;03/25/2024 01:12 AM;Pata Amiga Sao Bento do Sul;LJ-015;Centro;Brinquedo;DINHEIRO;;0;0;7.6;277,87;7.22;270,65;X;App;;;;;;;Pedido cancelado;
PA-2024-03954;03/25/2024 05:55 AM;03/25/2024 06:05 AM;PATA AMIGA CHAPECO;LJ-029;Sao Cristovao;Servico;Cartão de Débito;3;;0;11.6;476,71;5.72;R$ 470,99;1;APP;;;;;;;Pedido cancelado;produto fora de linha - substituido
PA-2024-03940;03/25/2024 06:23 AM;03/25/2024 06:58 AM;Pata Amiga Rio Do Sul;;Barragem;Brinquedo;vale pet;;0;0;3.3;32,70;R$ 0,65;32,05;1;WhatsApp;2024-03-26;;;;;TransPet Log;Aguardando nota fiscal;
PA-2024-03944;03/25/2024 12:40 PM;03/25/2024 12:50 PM;Pata Amiga Ibirama;LJ-011;Nossa Senhora de Fatima;BRINQUEDO;BOLETO;8;0;0;12.2;323,92;R$ 56,69;R$ 267,23;V;app;2024-03-28;2024-03-28;2024-04-04;2024-04-06;40.98;TransPet Log;Entregue;
PA-2024-03939;03/25/2024 02:10 PM;03/25/2024 03:30 PM; Pata Amiga Blumenau Centro;;Salto do Norte;Hig.;Credito;;0;0;5,3;68,92;R$ 1,45;67.47;Sim;;2024-03-27;2024-03-27;2024-03-29;2024-04-01;19;TransPet Log;Entregue;cliente pediu entrega no periodo da tarde
PA-2024-03949;03/25/2024 05:47 AM;03/25/2024 03:47 PM;Pata Amiga Palhoça;LJ-019;Passa Vinte;Ração;Especie;;0;0;4,8;360,97;R$ 54,51;R$ 306,46;SIM;Site;2024-03-27;2024-03-27;2024-03-30;2024-04-01;20;Entrega Expressa SC;Entregue;pedido recorrente
PA-2024-03951;03/25/2024 06:50 PM;03/25/2024 07:00 PM;pata amiga palhoca;;Passa Vinte;petisco;Cartao de Credito;5;0;0;8.8;R$ 183,37;R$ 27,69;155;S;site;2024-03-27;2024-03-27;2024-03-31;;;Logistica Propria;Despachado - em transito;
PA-2024-03945;03/25/2024 07:15 PM;03/25/2024 07:35 PM;Pata Amiga Jgua do Sul;;Jaragua Esquerdo;Servicos;CARTAO DE DEBITO;;0;0;12.2;375,51;0,00;375.51;F;whatsapp;2024-03-26;2024-03-26;2024-03-31;2024-04-02;20.29;Rapido Catarinense;Entregue;
PA-2024-03952;03/25/2024 07:23 PM;03/25/2024 08:43 PM;Pata Amiga Ararangua;;Cidade Alta;Petiscos;VALE PET;7;;0;27.9;259,87;R$ 40,80;219.07;true;Site;2024-03-26;2024-03-26;2024-03-31;2024-04-03;92.92;Rapido Catarinense;Entregue;aguardando confirmacao de estoque
PA-2024-03947;03/25/2024 04:10 PM;03/25/2024 09:10 PM;PATA AMIGA SAO JOSE KOBRASOL;;Kobrasol;Petisco;CARTAO DE DEBITO;6;0;0;18.6;220;33.33;187,37;1;app;2024-03-27;2024-03-28;2024-03-31;2024-04-02;26;Rapido Catarinense;Entregue;cliente pediu entrega no periodo da tarde
PA-2024-03946;03/25/2024 07:12 PM;03/25/2024 09:12 PM;Pata Amiga Florianópolis Norte;LJ-017;Centro;acessorio;vale pet;3;0;;7.2;355,52;20;334,54;X;LOJA FISICA;;;;;;;Retirada na loja;aguardando confirmacao de estoque
PA-2024-03942;03/25/2024 09:35 PM;03/25/2024 10:25 PM;Pata Amiga Timbo;LJ-005;Araponguinhas;Servico;boleto;3;0;0;7.0;R$ 400,11;0.00;R$ 400,11;NAO;telefone;2024-03-27;2024-03-27;2024-03-29;2024-04-01;13,59;Rapido Catarinense;Entregue;
PA-2024-03950;03/25/2024 09:05 PM;03/25/2024 10:25 PM;PATA AMIGA PALHOCA;;Pagani;petisco;Cartao de Debito;3;0;0;6.2;R$ 132,32;19,98;112;V;Loja Fisica;;;;;;;Retirada na loja;
PA-2024-03948;03/25/2024 09:35 PM;03/25/2024 11:35 PM;Pata Amiga São José Kobrasol;LJ-018;Kobrasol;Ração Medicamentosa;Vale Pet;6;0;2;18.5;R$ 406,02;61,31;344.71;true;Loja Fisica;;;;;;;Retirada na loja;
PA-2024-03943;03/25/2024 10:15 PM;03/26/2024 12:15 AM;Pata Amiga Presidente Getulio;;Centro;ACESSORIO;Vale Pet;1;0;0;1.0;R$ 103,04;18,03;85,01;true;Loja Física;;;;;;;Retirada na loja;conferir endereco com o cliente
PA-2024-03953;03/25/2024 09:55 PM;03/26/2024 02:55 AM;Pata Amiga Sao Joaquim;;Santa Terezinha;ACESSORIO;PIX;4;0;0;7,9;401,82;0;R$ 401,82;N;Loja Física;;;;;;;Retirada na loja;embalagem para presente
PA-2024-03941;03/25/2024 05:50 PM;03/26/2024 03:50 AM;Pata Amiga Itajai Praia/SC;LJ-003;Itaipava;Serviço;dinheiro;1;0;0;1.4;114,28;0,00;114,28;false;Loja Fisica;;;;;;;Retirada na loja;
PA-2024-03971;03/26/2024 12:05 AM;03/26/2024 10:05 AM;PATA AMIGA PALHOCA;LJ-019;Passa Vinte;PETISCO;Cartão de Débito;9;0;;20.3;R$ 464,94;R$ 122,28;342,66;true;;2024-03-28;2024-03-29;2024-04-01;;;Rapido Catarinense;Despachado - em transito;
PA-2024-03960;03/26/2024 10:05 AM;03/26/2024 10:15 AM;PATA AMIGA JARAGUA DO SUL;LJ-014;Barra do Rio Cerro;MEDICAMENTO;DINHEIRO;2;0;0;4.9;189,05;R$ 0,00;189;Não;Loja Física;;;;;;;Retirada na loja;
PA-2024-03968;03/26/2024 10:30 AM;03/26/2024 11:50 AM;Pata Amiga Palhoça;LJ-019;;racao;Dinheiro;7;0;0;22.9;909,02;239,07;R$ 669,95;;Loja Física;;;;;;;Retirada na loja;pedido recorrente
PA-2024-03963;03/26/2024 02:10 AM;03/26/2024 12:10 PM;Pata Amiga Florianopolis Norte/SC;LJ-017;Trindade;Rac.;Cartao de Credito;6;1;0;13.1;675.15;R$ 151,91;523,24;SIM;SITE;2024-03-28;2024-03-28;2024-04-03;;;Rapido Catarinense;Despachado - em transito;cliente pediu entrega no periodo da tarde
PA-2024-03962;03/26/2024 01:25 PM;03/26/2024 02:00 PM;pata amiga florianopolis norte;LJ-017;Saco Grande;Hig.;BOLETO;7;0;;20,2;311.80;70,16;241.64;X;APP;2024-03-27;2024-03-28;;;;Logistica Propria;Aguardando despacho;embalagem para presente
PA-2024-03966;03/26/2024 11:47 AM;03/26/2024 04:47 PM;PATA AMIGA SAO JOSE KOBRASOL;;Forquilhinhas;Petisco;pix;5;0;0;13,4;R$ 134,48;35,37;99,11;sim;SITE;2024-03-28;2024-03-28;2024-03-31;2024-04-02;38.57;Rapido Catarinense;Entregue;embalagem para presente
PA-2024-03957;03/26/2024 03:40 PM;03/26/2024 05:00 PM;Pata Amiga Brusque;;Dom Joaquim;Higiene;Cartão de Crédito;8;1;2;21,0;R$ 481,01;53,87;427.14;1;App;2024-03-29;2024-03-29;2024-04-01;2024-04-04;74,35;Logistica Propria;Entregue;conferir endereco com o cliente
PA-2024-03970;03/26/2024 03:40 PM;03/26/2024 05:00 PM;Pata Amiga Palhoca;;Guarda do Cubatao;Rac.;dinheiro;2;0;0;7.1;445.53;117;328.36;SIM;loja fisica;;;;;;;Retirada na loja;
PA-2024-03972;03/26/2024 03:55 PM;03/26/2024 05:15 PM;pata amiga palhoca;;Passa Vinte;Rac.;Cartao de Debito;6;0;0;20,2;927.17;243;683,32;1;site;2024-03-27;2024-03-27;2024-03-30;2024-04-01;33.37;Correios;Entregue;
PA-2024-03958;03/26/2024 05:52 PM;03/26/2024 06:42 PM;Pata Amiga Brusque;;Limeira;Medicamentos;Debito;4;0;0;12,6;R$ 404,86;R$ 45,34;359,52;true;app;2024-03-28;;;;;TransPet Log;Aguardando nota fiscal;
PA-2024-03964;03/26/2024 06:23 PM;03/26/2024 07:43 PM;Pata Amiga Floripa Norte;;Ingleses;MEDICAMENTO;Cartão de Crédito;3;0;2;6.0;R$ 216,93;R$ 48,81;R$ 168,12;1;APP;2024-03-27;2024-03-27;2024-03-30;2024-04-01;21,05;Logistica Propria;Entregue;
PA-2024-03961;03/26/2024 03:55 PM;03/26/2024 08:55 PM;PATA AMIGA ITAPOA;;Balneario Itapoa;Brinquedos;Cartão de Crédito;2;0;0;3.1;R$ 156,28;0,00;156,28;NAO;site;2024-03-28;2024-03-28;;;;Correios;Aguardando despacho;conferir endereco com o cliente
PA-2024-03965;03/26/2024 08:52 PM;03/26/2024 09:02 PM;pata amiga florianopolis norte;;Costeira;Petiscos;pix;8;;0;16.7;266.64;59,99;206.65;;App;2024-03-28;2024-03-28;2024-04-01;2024-04-04;R$ 52,68;Logistica Propria;Entregue;pedido recorrente
PA-2024-03959;03/26/2024 07:52 PM;03/26/2024 09:52 PM;PATA AMIGA IBIRAMA;;Centro;Acessorios;vale pet;3;0;0;5.8;261.72;0,00;261,72;0;app;2024-03-30;2024-03-30;2024-04-03;;;Correios;Despachado - em transito;produto fora de linha - substituido
PA-2024-03973;03/26/2024 08:30 PM;03/26/2024 10:30 PM;Pata Amiga Palhoça;;Passa Vinte;MEDICAMENTO;Cartao de Credito;6;;0;12,8;515;R$ 135,49;R$ 379,70;S;whatsapp;2024-03-28;2024-03-28;2024-03-30;2024-04-02;R$ 35,20;Correios;Entregue;cliente pediu entrega no periodo da tarde
PA-2024-03955;03/26/2024 09:52 PM;03/26/2024 10:42 PM;Pata Amiga Itajai Praia/SC;;Fazenda;Higiene;Boleto;5;0;0;18,3;R$ 182,72;20,46;162;1;App Pata Amiga;2024-03-27;2024-03-28;2024-03-30;2024-04-02;66.64;Correios;Entregue;
PA-2024-03967;03/26/2024 05:45 PM;03/26/2024 10:45 PM;PATA AMIGA SAO JOSE KOBRASOL;LJ-018;Forquilhinhas;RACAO;Boleto;5;0;0;3.1;1040;273,77;767,17;1;Loja Física;;;;;;;Retirada na loja;
PA-2024-03969;03/26/2024 10:38 PM;03/27/2024 01:38 AM;Pata Amiga Palhoca;LJ-019;Passa Vinte;PETISCO;vale pet;;;0;7.6;95;R$ 25,00;;V;app;2024-03-29;2024-03-30;2024-04-01;2024-04-03;24,95;Entrega Expressa SC;Entregue;produto fora de linha - substituido
PA-2024-03979;03/27/2024 03:25 AM;03/27/2024 08:25 AM;PATA AMIGA IBIRAMA;;Nossa Senhora de Fatima;Servico;Dinheiro;5;0;0;4,3;R$ 539,18;R$ 50,68;488;S;LOJA FISICA;;;;;;;Retirada na loja;cliente pediu entrega no periodo da tarde
PA-2024-03975;03/27/2024 08:45 AM;03/27/2024 09:20 AM;pata amiga gaspar;;Bela Vista;Racao Seca;Dinheiro;3;0;0;4,8;;R$ 0,00;591.58;Nao;site;2024-03-30;2024-03-31;2024-04-02;2024-04-03;14,53;Correios;Entregue;pedido recorrente
PA-2024-03956;03/26/2024 11:47 PM;03/27/2024 09:47 AM;pata amiga itajai praia;;Sao Vicente;Racao;DINHEIRO;5;0;0;17.2;R$ 623,04;69,78;R$ 553,26;1;App Pata Amiga;2024-03-29;;;;;Logistica Propria;Aguardando nota fiscal;
PA-2024-03976;03/27/2024 11:30 AM;03/27/2024 11:40 AM;Pata Amiga Presidente Getulio;LJ-008;Centro;medicamento;Boleto;5;0;0;2.5;583,99;R$ 54,90;529,09;X;LOJA FISICA;;;;;;;Retirada na loja;
PA-2024-03978;03/27/2024 07:00 AM;03/27/2024 12:00 PM;PATA AMIGA ITUPORANGA;LJ-010;Centro;racao;Boleto;7;0;0;24.5;792,44;R$ 122,04;670.40;true;App Pata Amiga;2024-03-30;2024-03-30;2024-04-14;2024-04-16;73;Entrega Expressa SC;Entregue;cliente pediu entrega no periodo da tarde
PA-2024-03977;03/27/2024 03:47 PM;03/27/2024 04:22 PM;Pata Amiga Taió;LJ-009;Centro;Servicos;Credito;6;1;0;18,0;926,29;142;783,64;V;App;2024-03-30;2024-03-31;2024-04-09;2024-04-14;62,62;Rapido Catarinense;Entregue;
PA-2024-03982;03/27/2024 12:38 PM;03/27/2024 05:38 PM;pata amiga chapeco;LJ-029;Sao Cristovao;Servico;Cartao de Credito;3;0;0;8.0;226.36;4.53;221,83;1;app;2024-03-29;2024-03-29;2024-04-01;;;TransPet Log;Despachado - em transito;cliente pediu entrega no periodo da tarde
PA-2024-03974;03/27/2024 06:52 PM;03/27/2024 07:27 PM;Pata Amiga Itajaí Praia;LJ-003;Cabecudas;Higiene e Beleza;Debito;2;;0;2.2;60,64;0,00;60,64;F;LOJA FISICA;;;;;;;Retirada na loja;pedido recorrente
PA-2024-04001;03/28/2024 01:47 AM;03/28/2024 01:57 AM;pata amiga araranguá;LJ-023;Urussanguinha;Petiscos;Especie;7;0;0;23.2;R$ 349,47;105;243,93;sim;SITE;2024-03-30;2024-03-31;2024-04-02;2024-04-04;50.72;Correios;Entregue;
PA-2024-03980;03/27/2024 05:07 PM;03/28/2024 03:07 AM;Pata Amiga Sao Jose Kobrasol;;;RACAO;Cartao de Debito;2;0;0;8.1;327,27;R$ 0,00;327;nao;site;2024-03-30;2024-03-31;2024-04-04;2024-04-05;30,97;TransPet Log;Entregue;aguardando confirmacao de estoque
PA-2024-03993;03/28/2024 02:23 AM;03/28/2024 03:13 AM;Pata Amiga Araranguá;LJ-023;Urussanguinha;Ração;VALE PET;4;0;0;9.2;534,30;161,36;372.94;S;loja fisica;;;;;;;Retirada na loja;
PA-2024-03984;03/28/2024 03:40 AM;03/28/2024 04:30 AM;PATA AMIGA RIO DO SUL;LJ-002;Canta Galo;Racao Medicamentosa;Cartão de Débito;5;0;;6,7;715,93;254;461.06;S;App Pata Amiga;2024-03-29;2024-03-29;2024-03-31;2024-04-02;22.77;TransPet Log;Entregue;conferir endereco com o cliente
PA-2024-03988;03/28/2024 02:45 AM;03/28/2024 04:45 AM;PATA AMIGA ITAJAI PRAIA;LJ-003;Cordeiros;servico;Cartao de Debito;3;0;0;8,2;489;0.00;489;N;Loja Física;;;;;;;Retirada na loja;aguardando confirmacao de estoque
PA-2024-03981;03/27/2024 07:38 PM;03/28/2024 05:38 AM;Pata Amiga Criciúma;LJ-021;Prospera;Ração Medicamentosa;CARTAO DE DEBITO;1;0;0;1,9;78,18;0,00;78,18;false;LOJA FISICA;;;;;;;Retirada na loja;cliente pediu entrega no periodo da tarde
PA-2024-04002;03/28/2024 05:47 AM;03/28/2024 06:37 AM;Pata Amiga Araranguá;;Urussanguinha;Rac.;BOLETO;5;0;2;5.5;468,44;141.47;R$ 326,97;V;App;2024-03-29;2024-03-29;2024-04-01;2024-04-02;R$ 14,50;Entrega Expressa SC;Entregue;aguardando confirmacao de estoque
PA-2024-03997;03/28/2024 06:35 AM;03/28/2024 06:45 AM;PATA AMIGA ARARANGUA;LJ-023;Urussanguinha;Racao;vale pet;6;;0;2.8;1.226,84;370.51;856,33;true;app;2024-03-29;2024-03-30;2024-04-03;2024-04-05;14,25;Rapido Catarinense;Entregue;aguardando confirmacao de estoque
PA-2024-03996;03/28/2024 07:30 AM;03/28/2024 07:40 AM;pata amiga araranguá;;Urussanguinha;racao;Boleto;;;0;18,6;696,33;;R$ 486,04;V;site;2024-03-30;;;;;TransPet Log;Aguardando nota fiscal;produto fora de linha - substituido
PA-2024-03999;03/28/2024 09:10 AM;03/28/2024 09:30 AM;pata amiga araranguá;LJ-023;Urussanguinha;Rac.;CARTAO DE DEBITO;13;0;0;53.3;R$ 2.879,58;869,63;2009.95;true;;2024-03-30;2024-03-30;2024-04-03;2024-04-04;R$ 181,42;Entrega Expressa SC;Entregue;
PA-2024-03987;03/28/2024 09:52 AM;03/28/2024 11:12 AM;Pata Amiga Rio do Sul;LJ-002;Centro;Ração;Cartão de Débito;6;0;0;25,2;614,43;R$ 218,74;R$ 395,69;sim;TELEFONE;2024-03-30;2024-03-31;2024-04-02;2024-04-04;34.94;Logistica Propria;Entregue;pedido recorrente
PA-2024-03995;03/28/2024 10:40 AM;03/28/2024 11:15 AM;PATA AMIGA ARARANGUA;;Urussanguinha;Racao Seca;Cartão de Crédito;9;0;0;16.8;1160;R$ 350,58;R$ 810,29;V;loja fisica;;;;;;;Retirada na loja;
PA-2024-04000;03/28/2024 10:40 AM;03/28/2024 11:15 AM;Pata Amiga Ararangua;LJ-023;;Racao Seca;dinheiro;5;0;0;12.9;964,77;291.36;R$ 673,41;true;SITE;2024-03-31;;;;;Logistica Propria;Aguardando nota fiscal;
PA-2024-04004;03/28/2024 11:47 AM;03/28/2024 11:57 AM;Pata Amiga Xanxere;LJ-031;Bela Vista;Acessorios;Cartão de Débito;3;0;0;7,7;351;R$ 0,00;R$ 351,94;nao;loja fisica;;;;;;;Retirada na loja;embalagem para presente
PA-2024-03986;03/28/2024 02:00 PM;03/28/2024 02:50 PM;Pata Amiga Rio do Sul;;Sumare;petisco;VALE PET;;0;0;21.4;R$ 272,81;97,12;R$ 175,69;1;WhatsApp;2024-03-30;2024-03-31;2024-04-04;2024-04-05;R$ 70,34;Entrega Expressa SC;Entregue;pedido recorrente
PA-2024-03990;03/28/2024 03:25 PM;03/28/2024 04:00 PM;PATA AMIGA FLORIANOPOLIS NORTE;LJ-017;Trindade;SERVICO;BOLETO;;0;0;2.1;747.23;50,81;696;sim;WhatsApp;;;;;;;Pedido cancelado;produto fora de linha - substituido
PA-2024-03998;03/28/2024 03:38 PM;03/28/2024 04:28 PM;Pata Amiga Ararangua;;Centro;Rac.;Pix;7;1;0;17,0;R$ 1.508,17;455;1.052,70;1;App Pata Amiga;2024-03-30;2024-03-31;2024-04-03;2024-04-05;R$ 29,32;Entrega Expressa SC;Entregue;cliente pediu entrega no periodo da tarde
PA-2024-04003;03/28/2024 07:20 AM;03/28/2024 05:20 PM;Pata Amiga Ararangua;;Centro;RACAO;Dinheiro;12;1;1;47,5;R$ 2.135,67;R$ 644,97;R$ 1.490,70;true;site;2024-03-30;2024-03-31;;;;Entrega Expressa SC;Aguardando despacho;
PA-2024-03983;03/28/2024 09:10 AM;03/28/2024 07:10 PM;Pata Amiga Rio do Sul;LJ-002;Barragem;Racao Medicamentosa;Dinheiro;1;0;0;3.5;131,58;46;84,74;true;SITE;2024-03-30;2024-03-30;;;;Entrega Expressa SC;Aguardando despacho;pedido recorrente
PA-2024-03991;03/28/2024 05:47 PM;03/28/2024 07:47 PM;Pata Amiga Florianopolis Norte;;Trindade;servico;Cartao de Debito;3;;0;7,0;378.85;25.76;353,09;Sim;APP;2024-03-30;2024-03-30;2024-04-04;2024-04-06;23,80;Rapido Catarinense;Entregue;conferir endereco com o cliente
PA-2024-03994;03/28/2024 06:30 PM;03/28/2024 07:50 PM;PATA AMIGA ARARANGUA;;Centro;Medicamento;Dinheiro;4;0;0;7.7;580,88;175.43;405,45;S;telefone;2024-03-30;2024-03-30;2024-04-02;2024-04-03;18,94;Rapido Catarinense;Entregue;
PA-2024-03992;03/28/2024 07:20 PM;03/28/2024 09:20 PM;Pata Amiga Araranguá;;Centro;Med.;Especie;1;0;0;1,7;109.36;33,03;R$ 76,33;X;Site;2024-03-31;2024-03-31;2024-04-01;;;Rapido Catarinense;Despachado - em transito;embalagem para presente
PA-2024-03989;03/28/2024 12:47 PM;03/28/2024 10:47 PM;Pata Amiga Taió;;Alto Santa Rosa;Higiene;boleto;3;0;0;2,4;155.54;9,02;146,52;Sim;site;2024-03-31;2024-03-31;2024-04-09;2024-04-10;9.13;Rapido Catarinense;Entregue;cliente pediu entrega no periodo da tarde
PA-2024-03985;03/28/2024 11:20 PM;03/28/2024 11:55 PM;Pata Amiga Rio do sul;LJ-002;Barragem;Racao;Dinheiro;12;0;0;13.9;R$ 1.360,08;484,19;R$ 875,89;Sim;App;;;;;;;Pedido cancelado;
PA-2024-04005;03/29/2024 05:30 AM;03/29/2024 05:50 AM;pata amiga blumenau centro;LJ-001;Progresso;RAÇÃO;DINHEIRO;;0;;7,5;R$ 322,58;29;293,23;sim;App;2024-03-31;2024-04-02;;;;Entrega Expressa SC;Aguardando despacho;
PA-2024-04012;03/29/2024 05:20 AM;03/29/2024 10:20 AM;PATA AMIGA PALHOCA;LJ-019;Pagani;MEDICAMENTO;Credito;4;;0;6.4;R$ 516,16;R$ 86,71;429.45;sim;App;2024-03-30;2024-03-31;2024-04-03;2024-04-05;R$ 13,76;Entrega Expressa SC;Entregue;
PA-2024-04013;03/29/2024 09:00 AM;03/29/2024 12:00 PM;Pata Amiga Palhoca;LJ-019;Passa Vinte;Higiene;Pix;3;0;1;3.3;122.55;20;101.96;V;APP;;;;;;;Pedido cancelado;
PA-2024-04010;03/29/2024 03:12 PM;03/29/2024 03:47 PM;Pata Amiga São José Kobrasol;;Real Parque;Racao;BOLETO;2;0;0;7,0;286.86;48.19;238,67;sim;WHATSAPP;2024-03-31;2024-03-31;2024-04-02;2024-04-04;R$ 13,05;Rapido Catarinense;Entregue;embalagem para presente
PA-2024-04014;03/29/2024 05:47 AM;03/29/2024 03:47 PM;PATA AMIGA LAGUNA;;Magalhaes;servico;BOLETO;4;0;0;11,4;R$ 437,76;0,00;437;0;site;2024-03-30;2024-03-30;2024-04-05;2024-04-07;27,77;Correios;Entregue;
PA-2024-04015;03/29/2024 10:52 AM;03/29/2024 03:52 PM;PATA AMIGA CURITIBANOS;LJ-028;Centro;HIGIENE;vale pet;3;0;0;7.1;126,49;0,00;126,49;Não;Loja Física;;;;;;;Retirada na loja;
PA-2024-04008;03/29/2024 04:25 PM;03/29/2024 04:45 PM;Pata Amiga Florianópolis Norte;;Costeira;Acessorios;Pix;4;0;1;13.9;;0,00;R$ 455,09;0;LOJA FISICA;;;;;;;Retirada na loja;aguardando confirmacao de estoque
PA-2024-04007;03/29/2024 08:47 PM;03/29/2024 10:07 PM;Pata Amiga São Bento do Sul;LJ-015;;higiene;CARTAO DE DEBITO;3;0;2;6,6;R$ 141,76;4.82;;true;whatsapp;2024-03-31;2024-03-31;2024-04-05;;;Rapido Catarinense;Despachado - em transito;embalagem para presente
PA-2024-04009;03/29/2024 11:35 PM;03/29/2024 11:45 PM;PATA AMIGA SAO JOSE KOBRASOL;;Kobrasol;Rac.;BOLETO;7;-;0;26.9;R$ 1.536,98;258,21;1278.77;;Loja Fisica;;;;;;;Retirada na loja;produto fora de linha - substituido
PA-2024-04018;03/30/2024 01:35 AM;03/30/2024 01:45 AM;PATA AMIGA PRESIDENTE GETULIO;LJ-008;Alto Dona Luiza;PETISCO;pix;-;0;0;1.2;82,58;R$ 0,00;82,58;nao;Site;2024-04-02;2024-04-03;2024-04-10;2024-04-13;7.78;Correios;Entregue;produto fora de linha - substituido
PA-2024-04023;03/30/2024 02:45 AM;03/30/2024 03:20 AM;PATA AMIGA SAO JOSE KOBRASOL;;Real Parque;Higiene;DINHEIRO;4;0;0;12,7;;16,12;131;sim;APP;2024-04-01;2024-04-02;2024-04-06;2024-04-08;21.14;Rapido Catarinense;Entregue;cliente pediu entrega no periodo da tarde
PA-2024-04006;03/29/2024 05:30 PM;03/30/2024 03:30 AM;pata amiga brusque;LJ-004;Santa Terezinha;SERVICO;Especie;2;0;;2.5;287;0,00;R$ 287,78;Nao;Loja Física;;;;;;;Retirada na loja;
PA-2024-04026;03/30/2024 02:10 AM;03/30/2024 03:30 AM;Pata Amiga Palhoca;LJ-019;Passa Vinte;Medicamentos;pix;2;0;0;3.0;R$ 140,04;R$ 15,26;124;S;app;2024-04-01;2024-04-01;2024-04-04;2024-04-06;9.47;Correios;Entregue;pedido recorrente
PA-2024-04019;03/30/2024 01:38 AM;03/30/2024 06:38 AM;Pata Amiga Florianopolis Norte/SC;LJ-017;Centro;Petisco;pix;8;0;0;25,1;317.18;R$ 48,21;268.97;Sim;app;2024-03-31;2024-03-31;2024-04-01;2024-04-04;50;Correios;Entregue;
PA-2024-04025;03/30/2024 05:52 AM;03/30/2024 06:42 AM;Pata Amiga Sao Jose Kobrasol;;Forquilhinhas;PETISCO;Credito;4;0;0;8.4;171,04;18.64;152,40;X;SITE;2024-03-31;2024-04-02;2024-04-06;2024-04-09;R$ 28,34;TransPet Log;Entregue;cliente pediu entrega no periodo da tarde
PA-2024-04011;03/29/2024 09:35 PM;03/30/2024 07:35 AM;Pata Amiga Palhoça;;Ponte do Imaruim;Racao Seca;Credito;2;0;0;1.5;238,95;40,14;R$ 198,81;Sim;App;2024-04-02;2024-04-02;;;;Entrega Expressa SC;Aguardando despacho;produto fora de linha - substituido
PA-2024-04029;03/30/2024 05:35 AM;03/30/2024 07:35 AM;Pata Amiga Chapeco/SC;;Centro;Higiene e Beleza;CARTAO DE DEBITO;2;;0;6.3;53,57;4,45;R$ 49,12;true;LOJA FISICA;;;;;;;Retirada na loja;embalagem para presente
PA-2024-04028;03/30/2024 08:52 AM;03/30/2024 09:02 AM;Pata Amiga Araranguá;LJ-023;Centro;HIGIENE;PIX;6;0;0;15.8;278;-;R$ 238,84;1;SITE;2024-03-31;2024-04-01;2024-04-05;2024-04-08;31.63;TransPet Log;Entregue;aguardando confirmacao de estoque
PA-2024-04022;03/30/2024 10:07 AM;03/30/2024 10:42 AM;Pata Amiga Florianopolis Norte;;Ingleses;petisco;vale pet;5;0;0;12.3;175,02;26,60;148.42;S;Loja Física;;;;;;;Retirada na loja;cliente pediu entrega no periodo da tarde
PA-2024-04027;03/30/2024 08:52 AM;03/30/2024 11:52 AM;Pata Amiga Criciuma;LJ-021;Rio Maina;SERVICO;Pix;2;0;0;7.0;;R$ 2,65;186.65;true;App Pata Amiga;2024-04-01;2024-04-02;2024-04-03;;;Correios;Despachado - em transito;produto fora de linha - substituido
PA-2024-04017;03/30/2024 06:55 AM;03/30/2024 11:55 AM; Pata Amiga Rio do Sul;LJ-002;Barragem;acessorio;Cartao de Debito;4;0;0;4.9;313,77;R$ 27,93;R$ 285,84;X;whatsapp;2024-04-01;2024-04-01;2024-04-03;2024-04-05;18,75;Entrega Expressa SC;Entregue;
PA-2024-04024;03/30/2024 03:45 PM;03/30/2024 04:20 PM;Pata Amiga São Jose Kobrasol;;Campinas;MEDICAMENTO;boleto;4;0;0;3,8;R$ 411,23;44,82;366,41;X;Whatsapp;2024-04-01;2024-04-02;;;;Entrega Expressa SC;Aguardando despacho;
PA-2024-04020;03/30/2024 08:50 PM;03/30/2024 09:25 PM;Pata Amiga Floripa Norte;LJ-017;Costeira;Servico;vale pet;5;;0;8,0;707;107,51;R$ 599,78;1;;2024-03-31;2024-04-01;2024-04-04;2024-04-06;R$ 20,82;Logistica Propria;Entregue;
PA-2024-04021;03/30/2024 09:23 PM;03/30/2024 09:33 PM;Pata Amiga Florianopolis Norte/SC;;Saco Grande;Acessório;PIX;7;0;0;6.7;518,86;78;439,99;X;Site;;;;;;;Pedido cancelado;embalagem para presente
PA-2024-04016;03/30/2024 11:30 PM;03/31/2024 12:50 AM;Pata Amiga Blumenau Centro;LJ-001;Salto do Norte;Servico;Cartão de Débito;2;0;0;7.5;;R$ 0,00;R$ 324,75;F;app;2024-04-01;2024-04-01;2024-04-04;;;Logistica Propria;Despachado - em transito;
PA-2024-04044;03/31/2024 03:00 AM;03/31/2024 04:20 AM;Pata Amiga Sao Miguel do Oeste;LJ-032;Sao Gotardo;Racao;Cartao de Debito;11;0;0;37,3;R$ 1.016,20;291,65;R$ 724,55;1;SITE;2024-04-02;2024-04-03;2024-04-07;2024-04-09;63,94;Rapido Catarinense;Entregue;
PA-2024-04038;03/31/2024 01:15 AM;03/31/2024 06:15 AM;Pata Amiga Criciuma/SC;;Rio Maina;servico;Especie;-;0;0;6.7;233;0,00;R$ 233,46;NAO;whatsapp;2024-04-01;2024-04-01;;;;TransPet Log;Aguardando despacho;
PA-2024-04035;03/31/2024 03:47 AM;03/31/2024 06:47 AM;PATA AMIGA SANTO AMARO DA IMPERATRIZ;LJ-020;Centro;Rac.;CARTAO DE DEBITO;6;1;2;18,0;830,03;R$ 202,53;R$ 627,50;true;WhatsApp;2024-04-02;2024-04-03;2024-04-20;2024-04-22;50.66;Correios;Entregue;produto fora de linha - substituido
PA-2024-04030;03/30/2024 10:15 PM;03/31/2024 08:15 AM;Pata Amiga Concordia;LJ-030;Centro;Med.;boleto;3;0;1;10.8;337,34;28,00;309.34;S;Loja Física;;;;;;;Retirada na loja;cliente pediu entrega no periodo da tarde
PA-2024-04036;03/31/2024 08:38 AM;03/31/2024 09:13 AM;Pata Amiga Santo Amaro da Imperatriz;;Centro;Petiscos;Debito;4;;0;8.9;184,01;44.90;139,11;SIM;Tel.;2024-04-03;2024-04-03;2024-04-10;2024-04-12;24,18;Correios;Entregue;
PA-2024-04041;03/31/2024 08:00 AM;03/31/2024 10:00 AM;Pata Amiga Concórdia;LJ-030;Centro;medicamento;Debito;7;0;1;4,1;R$ 987,71;283;704,24;SIM;;2024-04-02;2024-04-02;2024-04-06;;;Entrega Expressa SC;Despachado - em transito;embalagem para presente
PA-2024-04031;03/31/2024 09:10 AM;03/31/2024 12:10 PM;Pata Amiga Rio do Sul;LJ-002;Budag;Rac.;pix;2;0;0;2,3;379,98;R$ 0,00;R$ 379,98;Não;LOJA FISICA;;;;;;;Retirada na loja;
PA-2024-04042;03/31/2024 10:55 AM;03/31/2024 01:55 PM;pata amiga xanxere;LJ-031;Bela Vista;racao;PIX;9;0;0;33.7;1.976,18;567,16;R$ 1.409,02;V;WHATSAPP;2024-04-02;2024-04-03;2024-04-06;2024-04-09;117;TransPet Log;Entregue;
PA-2024-04033;03/31/2024 06:45 AM;03/31/2024 04:45 PM; Pata Amiga Gaspar;LJ-007;Figueira;Hig.;Cartão de Débito;-;0;2;7.5;106,35;R$ 0,00;R$ 106,35;F;app;2024-04-02;2024-04-02;2024-04-06;;;TransPet Log;Despachado - em transito;cliente pediu entrega no periodo da tarde
PA-2024-04037;03/31/2024 04:40 PM;03/31/2024 05:30 PM;PATA AMIGA SANTO AMARO DA IMPERATRIZ;;Centro;Racao;PIX;11;1;0;16.7;R$ 2.328,25;568,09;1760;true;SITE;2024-04-02;2024-04-03;2024-04-12;2024-04-15;R$ 36,17;Correios;Entregue;
PA-2024-04039;03/31/2024 03:30 PM;03/31/2024 08:30 PM;Pata Amiga Concordia;LJ-030;Nacoes;racao;Pix;6;0;0;23.5;R$ 1.282,67;R$ 368,13;914,54;1;WhatsApp;;;;;;;Pedido cancelado;
PA-2024-04034;03/31/2024 11:20 AM;03/31/2024 09:20 PM;Pata Amiga São José Kobrasol;;Real Parque;HIGIENE;VALE PET;2;0;0;0,9;R$ 61,99;0;R$ 61,99;nao;whatsapp;;;;;;;Pedido cancelado;
PA-2024-04040;03/31/2024 09:52 PM;03/31/2024 10:02 PM;PATA AMIGA CONCORDIA;;Nacoes;Hig.;Boleto;8;0;0;8.0;318,75;91,48;227,27;Sim;WHATSAPP;2024-04-02;2024-04-02;2024-04-06;2024-04-08;R$ 15,71;TransPet Log;Entregue;embalagem para presente
PA-2024-04032;03/31/2024 06:25 PM;03/31/2024 11:25 PM;Pata Amiga Indaial;LJ-006;Warnow;Acessorios;Cartão de Débito;3;0;0;10.1;316.27;R$ 8,54;R$ 307,73;X;Telefone;2024-04-01;2024-04-01;2024-04-05;2024-04-06;R$ 25,38;Correios;Entregue;cliente pediu entrega no periodo da tarde
PA-2024-04043;03/31/2024 11:35 PM;04/01/2024 04:35 AM;Pata Amiga Xanxerê;;;Ração;Vale Pet;11;0;0;28,0;1.505,33;432,03;1073;X;SITE;2024-04-02;2024-04-02;;;;Entrega Expressa SC;Aguardando despacho;pedido recorrente
